9.775171065493646130e-03,5.386119257086998680e-01,7.380254154447702941e-01,4.711632453567937695e-01
1.779081133919843682e-01,3.098729227761485849e-01,7.380254154447702941e-01,8.201368523949169598e-01
5.835777126099707113e-01,3.870967741935483764e-01,7.380254154447702941e-01,5.698924731182796188e-01
7.390029325513196579e-01,5.669599217986315276e-01,7.380254154447702941e-01,7.546432062561094778e-01
7.820136852394916904e-03,3.479960899315738265e-01,7.380254154447702941e-01,7.399804496578690216e-01
0.000000000000000000e+00,1.759530791788856408e-01,7.380254154447702941e-01,6.060606060606060774e-01
0.000000000000000000e+00,9.286412512218963911e-02,6.930596285434995618e-01,7.888563049853372089e-01
0.000000000000000000e+00,4.985337243401759266e-02,6.461388074291299910e-01,4.965786901270772269e-01
0.000000000000000000e+00,2.639296187683284542e-02,6.031280547409579862e-01,7.497556207233626591e-01
0.000000000000000000e+00,1.466275659824047006e-02,5.620723362658845979e-01,4.467253176930596203e-01
0.000000000000000000e+00,7.820136852394916904e-03,5.249266862170087755e-01,5.151515151515151381e-01
3.841642228739002851e-01,1.339198435972629442e-01,5.063538611925708643e-01,5.855327468230694388e-01
9.775171065493646130e-04,9.579667644183773034e-02,4.770283479960899520e-01,3.548387096774193727e-01
3.059628543499511300e-01,1.309872922776148529e-01,4.545454545454545303e-01,5.913978494623656212e-01
1.955034213098729226e-03,1.036168132942326542e-01,4.310850439882698004e-01,2.668621700879765246e-01
1.671554252199413393e-01,9.188660801564027536e-02,4.076246334310850705e-01,4.477028347996089841e-01
0.000000000000000000e+00,6.647116324535679022e-02,3.831867057673509214e-01,4.183773216031280717e-01
0.000000000000000000e+00,3.225806451612903136e-02,3.577712609970674640e-01,2.512218963831867047e-01
1.094819159335288367e-01,4.301075268817204644e-02,3.372434017595307698e-01,4.584555229716519853e-01
1.661779081133919755e-02,3.714565004887585703e-02,3.167155425219941312e-01,1.935483870967741882e-01
3.157380254154447674e-01,1.192570869990224880e-01,3.088954056695992212e-01,4.535679374389051666e-01
4.701857282502444058e-01,2.873900293255132188e-01,3.206256109481915861e-01,1.925708699902248244e-01
1.270772238514174084e-02,2.277614858260019470e-01,3.137829912023460399e-01,3.079178885630498574e-01
0.000000000000000000e+00,1.114369501466275642e-01,2.913000977517106738e-01,3.167155425219941312e-01
0.000000000000000000e+00,5.571847507331378208e-02,2.717497556207233433e-01,1.710654936461387943e-01
6.158357771260997149e-02,4.007820136852394827e-02,2.551319648093841597e-01,4.046920821114369238e-01
0.000000000000000000e+00,1.955034213098729226e-02,2.385141739980449760e-01,1.319648093841642167e-01
0.000000000000000000e+00,9.775171065493646130e-03,2.228739002932551283e-01,3.284457478005864961e-01
0.000000000000000000e+00,4.887585532746823065e-03,2.082111436950146721e-01,2.267839687194525833e-01
0.000000000000000000e+00,1.955034213098729226e-03,1.945259042033235519e-01,1.309872922776148529e-01
0.000000000000000000e+00,9.775171065493646130e-04,1.827956989247311870e-01,3.147605083088954037e-01
2.639296187683284542e-02,9.775171065493646130e-03,1.710654936461387943e-01,9.090909090909091161e-02
2.140762463343108546e-01,7.038123167155425908e-02,1.691104594330400668e-01,3.382209188660801336e-01
1.955034213098729226e-03,7.038123167155425908e-02,1.642228739002932481e-01,8.993157380254154787e-02
0.000000000000000000e+00,3.421309872922775885e-02,1.534701857282502468e-01,1.554252199413489743e-01
7.526881720430107781e-02,3.714565004887585703e-02,1.456500488758553369e-01,2.854349951124144913e-01
6.842619745845552291e-03,2.834799608993157291e-02,1.378299120234603992e-01,7.135874877810362282e-02
0.000000000000000000e+00,1.466275659824047006e-02,1.290322580645161255e-01,3.118279569892473124e-01
0.000000000000000000e+00,6.842619745845552291e-03,1.212121212121212155e-01,6.060606060606060774e-02
2.443792766373411446e-02,1.368523949169110458e-02,1.143695014662756554e-01,2.091886608015640359e-01
0.000000000000000000e+00,1.466275659824047006e-02,1.085043988269794729e-01,9.872922776148582158e-02
5.767350928641250957e-02,2.541544477028348167e-02,1.036168132942326542e-01,5.474095796676441833e-02
0.000000000000000000e+00,2.346041055718475071e-02,9.872922776148582158e-02,2.590420332355816146e-01
8.015640273704789653e-02,2.834799608993157291e-02,9.481915933528836660e-02,5.571847507331378208e-02
2.443792766373411446e-02,3.128054740957966762e-02,9.090909090909091161e-02,2.873900293255132188e-01
0.000000000000000000e+00,1.857282502443792851e-02,8.602150537634409289e-02,3.910068426197458452e-02
1.251221896383186705e-01,3.910068426197458452e-02,8.406647116324535152e-02,7.038123167155425908e-02
0.000000000000000000e+00,2.639296187683284542e-02,8.015640273704789653e-02,1.886608015640273694e-01
2.297165200391006745e-01,7.917888563049853279e-02,8.308895405669598777e-02,4.887585532746822892e-02
9.775171065493646130e-04,6.647116324535679022e-02,8.211143695014662403e-02,2.737047898338220708e-01
0.000000000000000000e+00,3.225806451612903136e-02,7.722385141739980530e-02,2.150537634408602322e-02
1.202346041055718517e-01,4.496578690127077393e-02,7.624633431085044155e-02,1.241446725317693067e-01
0.000000000000000000e+00,2.639296187683284542e-02,7.135874877810362282e-02,1.173020527859237605e-01
2.052785923753665809e-01,6.647116324535679022e-02,7.331378299120235031e-02,4.789833822091886517e-02
8.211143695014662403e-02,1.016617790811339267e-01,7.917888563049853279e-02,2.492668621700879772e-01
2.062561094819159446e-01,1.212121212121212155e-01,8.308895405669598777e-02,4.301075268817204644e-02
4.301075268817204644e-02,1.114369501466275642e-01,8.602150537634409289e-02,2.717497556207233433e-01
0.000000000000000000e+00,5.376344086021505458e-02,7.917888563049853279e-02,2.932551319648094013e-02
9.872922776148582158e-02,5.083088954056696335e-02,7.722385141739980530e-02,9.188660801564027536e-02
3.196480938416422224e-01,1.534701857282502468e-01,8.895405669599218412e-02,2.453567937438905222e-01
4.398826979472141019e-02,1.691104594330400668e-01,9.775171065493645783e-02,5.083088954056696335e-02
1.915933528836754607e-01,1.466275659824047006e-01,9.970674486803518533e-02,2.834799608993157638e-01
3.714565004887585564e-01,2.326490713587487658e-01,1.143695014662756554e-01,5.474095796676441833e-02
7.820136852394916904e-03,1.788856304985337320e-01,1.173020527859237605e-01,1.925708699902248244e-01
7.429130009775171406e-02,4.887585532746822892e-02,9.970674486803518533e-02,2.952101661779081287e-01
0.000000000000000000e+00,3.128054740957966762e-02,9.384164222873900285e-02,4.398826979472141019e-02
9.775171065493645783e-02,4.203323558162267576e-02,9.090909090909091161e-02,8.308895405669598777e-02
0.000000000000000000e+00,3.812316715542522078e-02,8.699902248289345663e-02,2.316715542521994020e-01
3.030303030303030387e-02,3.030303030303030387e-02,8.308895405669598777e-02,4.398826979472141019e-02
2.531769305962854322e-01,9.970674486803518533e-02,8.797653958944282038e-02,2.746823069403714346e-01
1.955034213098729226e-03,8.895405669599218412e-02,8.895405669599218412e-02,2.932551319648094013e-02
0.000000000000000000e+00,4.301075268817204644e-02,8.308895405669598777e-02,1.212121212121212155e-01
3.030303030303030387e-02,2.737047898338220916e-02,7.820136852394916904e-02,1.300097751710654892e-01
0.000000000000000000e+00,1.270772238514174084e-02,7.233626588465298657e-02,4.398826979472141019e-02
0.000000000000000000e+00,6.842619745845552291e-03,6.744868035190615396e-02,2.482893450635386134e-01
4.398826979472141019e-02,1.466275659824047006e-02,6.549364613880742647e-02,3.128054740957966762e-02
0.000000000000000000e+00,7.820136852394916904e-03,6.158357771260997149e-02,2.130987292277614908e-01
0.000000000000000000e+00,2.932551319648093839e-03,5.669599217986314582e-02,1.270772238514174084e-02
0.000000000000000000e+00,9.775171065493646130e-04,5.376344086021505458e-02,4.789833822091886517e-02
8.797653958944282385e-03,3.910068426197458452e-03,4.985337243401759266e-02,2.238514173998044920e-01
0.000000000000000000e+00,2.932551319648093839e-03,4.692082111436950143e-02,2.248289345063538697e-02
9.775171065493646130e-03,3.910068426197458452e-03,4.496578690127077393e-02,2.541544477028347959e-01
9.775171065493646130e-04,2.932551319648093839e-03,4.203323558162267576e-02,1.955034213098729226e-03
0.000000000000000000e+00,1.955034213098729226e-03,3.910068426197458452e-02,6.060606060606060774e-02
3.421309872922775885e-02,8.797653958944282385e-03,3.812316715542522078e-02,1.661779081133919755e-01
0.000000000000000000e+00,3.910068426197458452e-03,3.616813294232649328e-02,1.661779081133919755e-02
0.000000000000000000e+00,1.955034213098729226e-03,3.323558162267839511e-02,2.365591397849462485e-01
0.000000000000000000e+00,0.000000000000000000e+00,3.128054740957966762e-02,5.865102639296187678e-03
2.306940371456500383e-01,7.233626588465298657e-02,3.812316715542522078e-02,8.504398826979471526e-02
3.910068426197458452e-03,8.015640273704789653e-02,4.301075268817204644e-02,1.622678396871945206e-01
0.000000000000000000e+00,3.910068426197458452e-02,4.007820136852394827e-02,2.248289345063538697e-02
0.000000000000000000e+00,1.857282502443792851e-02,3.714565004887585703e-02,2.414467253176930672e-01
2.150537634408602183e-01,7.135874877810362282e-02,4.203323558162267576e-02,2.052785923753665601e-02
0.000000000000000000e+00,5.767350928641250957e-02,4.398826979472141019e-02,1.769305962854350045e-01
0.000000000000000000e+00,2.737047898338220916e-02,4.007820136852394827e-02,2.834799608993157291e-02
0.000000000000000000e+00,1.270772238514174084e-02,3.812316715542522078e-02,2.639296187683284542e-02
2.003910068426197344e-01,6.842619745845551771e-02,4.301075268817204644e-02,2.121212121212121271e-01
1.955034213098729226e-03,6.842619745845551771e-02,4.594330400782013768e-02,1.955034213098729226e-02
0.000000000000000000e+00,3.323558162267839511e-02,4.301075268817204644e-02,2.541544477028347959e-01
0.000000000000000000e+00,1.564027370478983381e-02,4.007820136852394827e-02,1.759530791788856477e-02
2.052785923753665601e-02,1.173020527859237536e-02,3.812316715542522078e-02,6.744868035190615396e-02
8.504398826979471526e-02,4.496578690127077393e-02,4.007820136852394827e-02,1.915933528836754607e-01
9.775171065493646130e-04,4.398826979472141019e-02,4.105571847507331201e-02,1.955034213098729226e-02
0.000000000000000000e+00,2.150537634408602322e-02,3.812316715542522078e-02,2.326490713587487658e-01
5.474095796676441833e-02,3.519061583577712954e-02,3.910068426197458452e-02,1.075268817204301161e-02
1.075268817204301161e-02,3.910068426197458452e-02,4.007820136852394827e-02,1.192570869990224880e-01
2.248289345063538697e-02,2.737047898338220916e-02,3.812316715542522078e-02,3.616813294232649328e-02
0.000000000000000000e+00,1.564027370478983381e-02,3.616813294232649328e-02,3.616813294232649328e-02
2.082111436950146721e-01,6.647116324535679022e-02,4.105571847507331201e-02,2.346041055718475210e-01
0.000000000000000000e+00,5.767350928641250957e-02,4.203323558162267576e-02,1.075268817204301161e-02
0.000000000000000000e+00,2.737047898338220916e-02,4.007820136852394827e-02,2.287390029325513108e-01
2.443792766373411585e-01,9.384164222873900285e-02,4.692082111436950143e-02,5.865102639296187678e-03
0.000000000000000000e+00,6.842619745845551771e-02,4.789833822091886517e-02,3.225806451612903136e-02
2.258064516129032195e-01,9.970674486803518533e-02,5.278592375366569084e-02,2.258064516129032195e-01
9.775171065493646130e-04,7.917888563049853279e-02,5.376344086021505458e-02,2.248289345063538697e-02
0.000000000000000000e+00,3.910068426197458452e-02,5.083088954056696335e-02,2.482893450635386134e-01
0.000000000000000000e+00,1.955034213098729226e-02,4.692082111436950143e-02,7.820136852394916904e-03
2.326490713587487658e-01,8.211143695014662403e-02,5.278592375366569084e-02,8.113391984359726028e-02
4.887585532746823065e-03,9.090909090909091161e-02,5.767350928641250957e-02,1.769305962854350045e-01
2.306940371456500383e-01,1.124144672531769279e-01,6.158357771260997149e-02,2.834799608993157291e-02
4.398826979472141019e-02,1.143695014662756554e-01,6.647116324535679022e-02,2.531769305962854322e-01
5.962854349951124400e-02,8.211143695014662403e-02,6.549364613880742647e-02,2.737047898338220916e-02
0.000000000000000000e+00,4.007820136852394827e-02,6.060606060606060774e-02,1.876832844574780057e-01
0.000000000000000000e+00,1.955034213098729226e-02,5.669599217986314582e-02,4.887585532746822892e-02
1.260997067448680342e-01,4.398826979472141019e-02,5.669599217986314582e-02,4.692082111436950143e-02
9.677419354838709409e-02,8.113391984359726028e-02,6.158357771260997149e-02,2.375366568914956122e-01
0.000000000000000000e+00,5.962854349951124400e-02,5.962854349951124400e-02,3.030303030303030387e-02
1.231671554252199430e-01,6.256109481915933523e-02,6.060606060606060774e-02,2.502443792766373409e-01
3.411534701857282248e-01,2.101661779081133996e-01,8.602150537634409289e-02,2.561094819159335234e-01
1.661779081133919755e-01,2.248289345063538558e-01,9.775171065493645783e-02,6.256109481915933523e-02
9.775171065493646130e-04,1.241446725317693067e-01,9.384164222873900285e-02,2.443792766373411585e-01
0.000000000000000000e+00,6.158357771260997149e-02,8.699902248289345663e-02,1.036168132942326542e-01
0.000000000000000000e+00,3.030303030303030387e-02,8.113391984359726028e-02,7.233626588465298657e-02
0.000000000000000000e+00,1.564027370478983381e-02,7.526881720430107781e-02,2.277614858260019470e-01
7.526881720430107781e-02,3.030303030303030387e-02,7.233626588465298657e-02,3.616813294232649328e-02
4.887585532746822892e-02,4.398826979472141019e-02,7.135874877810362282e-02,2.746823069403714346e-01
0.000000000000000000e+00,2.052785923753665601e-02,6.647116324535679022e-02,2.932551319648094013e-02
0.000000000000000000e+00,9.775171065493646130e-03,6.256109481915933523e-02,9.775171065493645783e-02
0.000000000000000000e+00,3.910068426197458452e-03,5.767350928641250957e-02,1.329423264907135804e-01
1.075268817204301161e-02,6.842619745845552291e-03,5.474095796676441833e-02,2.737047898338220916e-02
4.887585532746823065e-03,1.270772238514174084e-02,5.278592375366569084e-02,2.531769305962854322e-01
0.000000000000000000e+00,5.865102639296187678e-03,4.887585532746822892e-02,1.564027370478983381e-02
0.000000000000000000e+00,1.955034213098729226e-03,4.594330400782013768e-02,1.534701857282502468e-01
1.818181818181818232e-01,4.985337243401759266e-02,4.887585532746822892e-02,1.368523949169110354e-01
3.030303030303030387e-02,6.842619745845551771e-02,5.180840664711632709e-02,2.932551319648094013e-02
0.000000000000000000e+00,3.714565004887585703e-02,4.887585532746822892e-02,2.394916911045943397e-01
2.267839687194525833e-01,8.699902248289345663e-02,5.474095796676441833e-02,2.541544477028348167e-02
7.820136852394916904e-03,1.006842619745845491e-01,6.060606060606060774e-02,2.649071358748777971e-01
5.669599217986314582e-02,5.962854349951124400e-02,5.669599217986314582e-02,1.173020527859237536e-02
0.000000000000000000e+00,2.932551319648094013e-02,5.278592375366569084e-02,5.669599217986314582e-02
2.033235581622678534e-01,7.038123167155425908e-02,5.669599217986314582e-02,1.867057673509286420e-01
9.286412512218963911e-02,1.065493646138807454e-01,6.256109481915933523e-02,3.616813294232649328e-02
3.059628543499511300e-01,1.720430107526881858e-01,7.429130009775171406e-02,2.580645161290322509e-01
4.887585532746823065e-03,1.378299120234603992e-01,7.820136852394916904e-02,2.346041055718475071e-02
7.820136852394916904e-02,9.872922776148582158e-02,7.624633431085044155e-02,1.085043988269794729e-01
9.775171065493646130e-04,6.842619745845551771e-02,7.429130009775171406e-02,1.749755620723362770e-01
0.000000000000000000e+00,3.323558162267839511e-02,6.940371456500488145e-02,4.496578690127077393e-02
2.326490713587487658e-01,8.895405669599218412e-02,7.331378299120235031e-02,2.561094819159335234e-01
2.932551319648093839e-03,8.699902248289345663e-02,7.526881720430107781e-02,3.812316715542522078e-02
2.414467253176930672e-01,1.173020527859237605e-01,7.917888563049853279e-02,2.365591397849462485e-01
6.353861192570869898e-02,1.466275659824047006e-01,8.699902248289345663e-02,2.932551319648094013e-02
5.083088954056696335e-02,9.481915933528836660e-02,8.406647116324535152e-02,6.451612903225806273e-02
9.775171065493646130e-03,5.571847507331378208e-02,7.917888563049853279e-02,2.111436950146627634e-01
0.000000000000000000e+00,2.932551319648094013e-02,7.429130009775171406e-02,3.714565004887585703e-02
0.000000000000000000e+00,1.466275659824047006e-02,6.940371456500488145e-02,2.688172043010752521e-01
2.932551319648094013e-02,1.759530791788856477e-02,6.549364613880742647e-02,1.955034213098729226e-02
1.309872922776148529e-01,6.158357771260997149e-02,6.842619745845551771e-02,1.065493646138807454e-01
0.000000000000000000e+00,3.616813294232649328e-02,6.451612903225806273e-02,1.710654936461387943e-01
0.000000000000000000e+00,1.661779081133919755e-02,6.060606060606060774e-02,3.323558162267839511e-02
1.075268817204301161e-02,1.075268817204301161e-02,5.669599217986314582e-02,2.482893450635386134e-01
3.323558162267839511e-02,2.639296187683284542e-02,5.571847507331378208e-02,2.834799608993157291e-02
0.000000000000000000e+00,1.955034213098729226e-02,5.278592375366569084e-02,1.867057673509286420e-01
6.256109481915933523e-02,2.834799608993157291e-02,5.180840664711632709e-02,1.661779081133919755e-02
1.759530791788856408e-01,8.015640273704789653e-02,5.669599217986314582e-02,4.398826979472141019e-02
9.775171065493646130e-04,6.647116324535679022e-02,5.767350928641250957e-02,2.385141739980449760e-01
0.000000000000000000e+00,3.225806451612903136e-02,5.376344086021505458e-02,1.661779081133919755e-02
0.000000000000000000e+00,1.466275659824047006e-02,4.985337243401759266e-02,2.668621700879765246e-01
0.000000000000000000e+00,6.842619745845552291e-03,4.594330400782013768e-02,1.759530791788856477e-02
0.000000000000000000e+00,2.932551319648093839e-03,4.301075268817204644e-02,4.692082111436950143e-02
0.000000000000000000e+00,9.775171065493646130e-04,4.007820136852394827e-02,1.691104594330400668e-01
0.000000000000000000e+00,0.000000000000000000e+00,3.714565004887585703e-02,2.052785923753665601e-02
7.135874877810362282e-02,3.030303030303030387e-02,3.910068426197458452e-02,2.336265884652981295e-01
2.707722385141739796e-01,1.231671554252199430e-01,5.083088954056696335e-02,1.857282502443792851e-02
9.775171065493646130e-04,9.384164222873900285e-02,5.278592375366569084e-02,1.075268817204301092e-01
0.000000000000000000e+00,4.594330400782013768e-02,4.887585532746822892e-02,1.622678396871945206e-01
1.798631476050830957e-01,7.233626588465298657e-02,5.180840664711632709e-02,4.789833822091886517e-02
3.616813294232649328e-02,8.015640273704789653e-02,5.474095796676441833e-02,2.453567937438905222e-01
0.000000000000000000e+00,4.398826979472141019e-02,5.180840664711632709e-02,1.368523949169110458e-02
0.000000000000000000e+00,2.150537634408602322e-02,4.789833822091886517e-02,1.994134897360703707e-01
0.000000000000000000e+00,1.075268817204301161e-02,4.496578690127077393e-02,3.421309872922775885e-02
1.505376344086021556e-01,4.887585532746822892e-02,4.692082111436950143e-02,5.180840664711632709e-02
9.775171065493646130e-03,4.887585532746822892e-02,4.789833822091886517e-02,1.994134897360703707e-01
2.932551319648093839e-03,1.270772238514174084e-02,4.105571847507331201e-02,4.789833822091886517e-02
2.267839687194525833e-01,7.820136852394916904e-02,4.692082111436950143e-02,3.225806451612903136e-02
0.000000000000000000e+00,6.256109481915933523e-02,4.789833822091886517e-02,2.404692082111437035e-01
0.000000000000000000e+00,3.030303030303030387e-02,4.496578690127077393e-02,1.466275659824047006e-02
2.355816226783968848e-01,9.090909090909091161e-02,5.083088954056696335e-02,2.355816226783968848e-01
0.000000000000000000e+00,6.940371456500488145e-02,5.180840664711632709e-02,8.797653958944282385e-03
0.000000000000000000e+00,3.323558162267839511e-02,4.789833822091886517e-02,4.203323558162267576e-02
0.000000000000000000e+00,1.661779081133919755e-02,4.496578690127077393e-02,1.906158357771260969e-01
3.910068426197458452e-02,3.030303030303030387e-02,4.496578690127077393e-02,2.541544477028348167e-02
1.945259042033235519e-01,8.895405669599218412e-02,5.180840664711632709e-02,2.658846529814271609e-01
0.000000000000000000e+00,6.647116324535679022e-02,5.180840664711632709e-02,1.955034213098729226e-02
1.202346041055718517e-01,6.353861192570869898e-02,5.180840664711632709e-02,9.286412512218963911e-02
3.910068426197458452e-03,5.962854349951124400e-02,5.278592375366569084e-02,1.818181818181818232e-01
0.000000000000000000e+00,2.834799608993157291e-02,4.887585532746822892e-02,1.759530791788856477e-02
0.000000000000000000e+00,1.368523949169110458e-02,4.594330400782013768e-02,2.414467253176930672e-01
2.091886608015640359e-01,6.744868035190615396e-02,4.985337243401759266e-02,1.466275659824047006e-02
1.075268817204301161e-02,6.451612903225806273e-02,5.180840664711632709e-02,1.730205278592375495e-01
0.000000000000000000e+00,3.225806451612903136e-02,4.789833822091886517e-02,5.278592375366569084e-02
1.505376344086021556e-01,6.647116324535679022e-02,5.083088954056696335e-02,3.421309872922775885e-02
4.692082111436950143e-02,9.775171065493645783e-02,5.767350928641250957e-02,2.297165200391006745e-01
2.756598240469207983e-01,1.485826001955034281e-01,6.647116324535679022e-02,3.421309872922775885e-02
9.775171065493646130e-04,9.775171065493645783e-02,6.549364613880742647e-02,2.668621700879765246e-01
2.170087976539589458e-01,1.104594330400782004e-01,6.842619745845551771e-02,2.346041055718475071e-02
5.376344086021505458e-02,1.133919843597262916e-01,7.331378299120235031e-02,8.113391984359726028e-02
0.000000000000000000e+00,6.158357771260997149e-02,6.842619745845551771e-02,2.052785923753665809e-01
2.541544477028348167e-02,3.616813294232649328e-02,6.451612903225806273e-02,3.910068426197458452e-02
0.000000000000000000e+00,1.759530791788856477e-02,6.060606060606060774e-02,2.394916911045943397e-01
0.000000000000000000e+00,7.820136852394916904e-03,5.571847507331378208e-02,2.639296187683284542e-02
0.000000000000000000e+00,3.910068426197458452e-03,5.180840664711632709e-02,1.456500488758553369e-01
2.267839687194525833e-01,7.331378299120235031e-02,5.767350928641250957e-02,3.128054740957966762e-02
3.567937438905181002e-01,2.033235581622678534e-01,7.624633431085044155e-02,4.887585532746822892e-02
4.154447702834799805e-01,3.040078201368524025e-01,9.872922776148582158e-02,2.737047898338220708e-01
7.820136852394916904e-03,2.170087976539589458e-01,1.036168132942326542e-01,5.571847507331378208e-02
0.000000000000000000e+00,1.065493646138807454e-01,9.579667644183773034e-02,2.913000977517106738e-01
3.910068426197458452e-03,5.571847507331378208e-02,8.993157380254154787e-02,6.842619745845551771e-02
2.052785923753665809e-01,9.188660801564027536e-02,9.090909090909091161e-02,1.016617790811339267e-01
9.775171065493646130e-04,7.135874877810362282e-02,8.895405669599218412e-02,1.964809384164222794e-01
5.376344086021505458e-02,5.083088954056696335e-02,8.504398826979471526e-02,4.692082111436950143e-02
0.000000000000000000e+00,3.421309872922775885e-02,8.015640273704789653e-02,2.717497556207233433e-01
1.270772238514174084e-02,2.346041055718475071e-02,7.526881720430107781e-02,3.030303030303030387e-02
1.466275659824047006e-02,2.150537634408602322e-02,7.233626588465298657e-02,1.446725317693059731e-01
0.000000000000000000e+00,9.775171065493646130e-03,6.744868035190615396e-02,7.135874877810362282e-02
1.739980449657869133e-01,4.887585532746822892e-02,6.744868035190615396e-02,4.301075268817204644e-02
7.820136852394916904e-03,6.647116324535679022e-02,7.038123167155425908e-02,2.600195503421309784e-01
1.378299120234603992e-01,8.602150537634409289e-02,7.233626588465298657e-02,2.737047898338220916e-02
2.932551319648093839e-03,7.624633431085044155e-02,7.233626588465298657e-02,2.326490713587487658e-01
1.857282502443792851e-02,4.203323558162267576e-02,6.842619745845551771e-02,8.699902248289345663e-02
0.000000000000000000e+00,1.955034213098729226e-02,6.353861192570869898e-02,5.474095796676441833e-02
1.358748778103616717e-01,4.301075268817204644e-02,6.256109481915933523e-02,2.072336265884653084e-01
0.000000000000000000e+00,3.714565004887585703e-02,6.158357771260997149e-02,3.519061583577712954e-02
0.000000000000000000e+00,1.759530791788856477e-02,5.767350928641250957e-02,2.668621700879765246e-01
2.737047898338220916e-02,1.368523949169110458e-02,5.376344086021505458e-02,2.443792766373411446e-02
0.000000000000000000e+00,5.865102639296187678e-03,4.985337243401759266e-02,6.353861192570869898e-02
0.000000000000000000e+00,2.932551319648093839e-03,4.692082111436950143e-02,1.485826001955034281e-01
0.000000000000000000e+00,9.775171065493646130e-04,4.398826979472141019e-02,2.541544477028348167e-02
0.000000000000000000e+00,0.000000000000000000e+00,4.007820136852394827e-02,2.394916911045943397e-01
1.808406647116324595e-01,4.692082111436950143e-02,4.301075268817204644e-02,4.887585532746823065e-03
9.775171065493646130e-04,5.180840664711632709e-02,4.496578690127077393e-02,1.143695014662756554e-01
2.346041055718475071e-02,3.714565004887585703e-02,4.398826979472141019e-02,1.212121212121212155e-01
8.797653958944282038e-02,5.278592375366569084e-02,4.594330400782013768e-02,4.496578690127077393e-02
0.000000000000000000e+00,2.834799608993157291e-02,4.301075268817204644e-02,2.326490713587487658e-01
0.000000000000000000e+00,1.270772238514174084e-02,4.007820136852394827e-02,2.834799608993157291e-02
2.541544477028348167e-02,1.173020527859237536e-02,3.812316715542522078e-02,2.287390029325513108e-01
2.248289345063538697e-02,1.857282502443792851e-02,3.714565004887585703e-02,0.000000000000000000e+00
0.000000000000000000e+00,1.466275659824047006e-02,3.421309872922775885e-02,5.865102639296187678e-03
1.847507331378299145e-01,5.571847507331378208e-02,3.812316715542522078e-02,1.221896383186705792e-01
9.775171065493646130e-04,5.571847507331378208e-02,4.007820136852394827e-02,1.329423264907135804e-01
0.000000000000000000e+00,2.639296187683284542e-02,3.714565004887585703e-02,3.225806451612903136e-02
0.000000000000000000e+00,1.270772238514174084e-02,3.421309872922775885e-02,2.306940371456500383e-01
4.985337243401759266e-02,2.443792766373411446e-02,3.421309872922775885e-02,9.775171065493646130e-03
0.000000000000000000e+00,2.346041055718475071e-02,3.421309872922775885e-02,2.434017595307917947e-01
1.397849462365591267e-01,4.692082111436950143e-02,3.616813294232649328e-02,0.000000000000000000e+00
3.812316715542522078e-02,5.865102639296188025e-02,3.812316715542522078e-02,2.834799608993157291e-02
4.692082111436950143e-02,5.474095796676441833e-02,4.007820136852394827e-02,1.935483870967741882e-01
4.887585532746823065e-03,3.225806451612903136e-02,3.812316715542522078e-02,2.932551319648093839e-03
1.945259042033235519e-01,7.038123167155425908e-02,4.203323558162267576e-02,2.463343108504398860e-01
9.188660801564027536e-02,1.026392961876832904e-01,4.887585532746822892e-02,2.346041055718475071e-02
2.854349951124144913e-01,1.573802541544477018e-01,5.962854349951124400e-02,9.188660801564027536e-02
9.775171065493646130e-04,1.036168132942326542e-01,5.962854349951124400e-02,8.895405669599218412e-02
0.000000000000000000e+00,5.083088954056696335e-02,5.571847507331378208e-02,3.519061583577712954e-02
2.306940371456500383e-01,9.872922776148582158e-02,6.060606060606060774e-02,2.473118279569892497e-01
2.932551319648093839e-03,9.286412512218963911e-02,6.353861192570869898e-02,3.225806451612903136e-02
0.000000000000000000e+00,4.496578690127077393e-02,5.962854349951124400e-02,2.091886608015640359e-01
0.000000000000000000e+00,2.150537634408602322e-02,5.474095796676441833e-02,3.421309872922775885e-02
0.000000000000000000e+00,1.075268817204301161e-02,5.083088954056696335e-02,3.910068426197458452e-02
1.955034213098729226e-02,1.368523949169110458e-02,4.887585532746822892e-02,2.111436950146627634e-01
0.000000000000000000e+00,9.775171065493646130e-03,4.594330400782013768e-02,2.541544477028348167e-02
0.000000000000000000e+00,3.910068426197458452e-03,4.301075268817204644e-02,2.482893450635386134e-01
4.887585532746823065e-03,3.910068426197458452e-03,4.007820136852394827e-02,1.270772238514174084e-02
0.000000000000000000e+00,2.932551319648093839e-03,3.812316715542522078e-02,5.571847507331378208e-02
0.000000000000000000e+00,9.775171065493646130e-04,3.421309872922775885e-02,1.671554252199413393e-01
6.842619745845552291e-03,4.887585532746823065e-03,3.323558162267839511e-02,1.564027370478983381e-02
0.000000000000000000e+00,3.910068426197458452e-03,3.128054740957966762e-02,2.346041055718475210e-01
0.000000000000000000e+00,9.775171065493646130e-04,2.932551319648094013e-02,0.000000000000000000e+00
5.278592375366569084e-02,2.639296187683284542e-02,3.030303030303030387e-02,7.429130009775171406e-02
0.000000000000000000e+00,2.639296187683284542e-02,3.030303030303030387e-02,1.583577712609970656e-01
0.000000000000000000e+00,1.270772238514174084e-02,2.932551319648094013e-02,3.910068426197458452e-03
1.974584555229716432e-01,6.256109481915933523e-02,3.323558162267839511e-02,2.277614858260019470e-01
9.384164222873900285e-02,9.872922776148582158e-02,4.105571847507331201e-02,1.955034213098729226e-02
2.883675464320625825e-01,1.583577712609970656e-01,5.278592375366569084e-02,1.886608015640273694e-01
5.474095796676441833e-02,1.515151515151515194e-01,6.060606060606060774e-02,5.278592375366569084e-02
3.323558162267839511e-02,8.895405669599218412e-02,5.865102639296188025e-02,2.737047898338220916e-02
1.466275659824047006e-02,5.962854349951124400e-02,5.571847507331378208e-02,2.082111436950146721e-01
0.000000000000000000e+00,3.616813294232649328e-02,5.278592375366569084e-02,3.225806451612903136e-02
2.453567937438905222e-01,1.006842619745845491e-01,6.060606060606060774e-02,2.580645161290322509e-01
2.932551319648093839e-03,9.579667644183773034e-02,6.353861192570869898e-02,1.955034213098729226e-02
0.000000000000000000e+00,4.692082111436950143e-02,5.865102639296188025e-02,8.895405669599218412e-02
0.000000000000000000e+00,2.248289345063538697e-02,5.474095796676441833e-02,2.033235581622678534e-01
0.000000000000000000e+00,1.075268817204301161e-02,5.083088954056696335e-02,2.932551319648094013e-02
0.000000000000000000e+00,5.865102639296187678e-03,4.692082111436950143e-02,2.267839687194525833e-01
2.043010752688172171e-01,6.060606060606060774e-02,5.083088954056696335e-02,1.857282502443792851e-02
2.932551319648093839e-03,6.842619745845551771e-02,5.474095796676441833e-02,1.505376344086021556e-01
0.000000000000000000e+00,3.323558162267839511e-02,5.083088954056696335e-02,4.007820136852394827e-02
0.000000000000000000e+00,1.661779081133919755e-02,4.692082111436950143e-02,3.323558162267839511e-02
7.820136852394916904e-03,9.775171065493646130e-03,4.398826979472141019e-02,2.365591397849462485e-01
0.000000000000000000e+00,3.910068426197458452e-03,4.105571847507331201e-02,1.173020527859237536e-02
0.000000000000000000e+00,1.955034213098729226e-03,3.812316715542522078e-02,2.228739002932551283e-01
5.767350928641250957e-02,1.564027370478983381e-02,3.714565004887585703e-02,5.180840664711632709e-02
2.238514173998044920e-01,9.579667644183773034e-02,4.692082111436950143e-02,4.789833822091886517e-02
9.384164222873900285e-02,1.182795698924731242e-01,5.376344086021505458e-02,2.238514173998044920e-01
0.000000000000000000e+00,5.865102639296188025e-02,4.985337243401759266e-02,1.564027370478983381e-02
9.775171065493646130e-03,3.323558162267839511e-02,4.692082111436950143e-02,2.473118279569892497e-01
0.000000000000000000e+00,2.052785923753665601e-02,4.496578690127077393e-02,1.270772238514174084e-02
2.443792766373411585e-01,9.481915933528836660e-02,5.180840664711632709e-02,8.113391984359726028e-02
3.910068426197458452e-03,9.384164222873900285e-02,5.669599217986314582e-02,1.124144672531769279e-01
9.090909090909091161e-02,7.429130009775171406e-02,5.571847507331378208e-02,2.346041055718475071e-02
1.867057673509286420e-01,1.133919843597262916e-01,6.256109481915933523e-02,2.502443792766373409e-01
9.775171065493646130e-04,8.308895405669598777e-02,6.256109481915933523e-02,2.541544477028348167e-02
2.932551319648093839e-03,1.270772238514174084e-02,5.083088954056696335e-02,4.398826979472141019e-02
1.466275659824047006e-02,1.270772238514174084e-02,4.887585532746822892e-02,2.414467253176930672e-01
0.000000000000000000e+00,7.820136852394916904e-03,4.594330400782013768e-02,1.466275659824047006e-02
2.003910068426197344e-01,6.060606060606060774e-02,4.985337243401759266e-02,7.624633431085044155e-02
0.000000000000000000e+00,5.278592375366569084e-02,4.985337243401759266e-02,1.221896383186705792e-01
6.158357771260997149e-02,4.203323558162267576e-02,4.789833822091886517e-02,4.301075268817204644e-02
2.306940371456500383e-01,1.036168132942326542e-01,5.571847507331378208e-02,2.414467253176930672e-01
6.842619745845552291e-03,1.036168132942326542e-01,6.060606060606060774e-02,2.834799608993157291e-02
8.015640273704789653e-02,6.842619745845551771e-02,5.865102639296188025e-02,1.730205278592375495e-01
5.474095796676441833e-02,6.451612903225806273e-02,5.865102639296188025e-02,1.251221896383186705e-01
0.000000000000000000e+00,4.203323558162267576e-02,5.571847507331378208e-02,3.616813294232649328e-02
1.583577712609970656e-01,6.158357771260997149e-02,5.669599217986314582e-02,2.248289345063538558e-01
7.820136852394916904e-03,4.985337243401759266e-02,5.669599217986314582e-02,2.443792766373411446e-02
2.365591397849462485e-01,1.016617790811339267e-01,6.158357771260997149e-02,2.639296187683284334e-01
3.411534701857282248e-01,2.179863147605083096e-01,8.113391984359726028e-02,3.519061583577712954e-02
5.865102639296187678e-03,1.652003910068426118e-01,8.504398826979471526e-02,9.677419354838709409e-02
0.000000000000000000e+00,8.113391984359726028e-02,7.820136852394916904e-02,1.857282502443792782e-01
9.775171065493646130e-04,4.105571847507331201e-02,7.331378299120235031e-02,3.616813294232649328e-02
1.339198435972629442e-01,5.962854349951124400e-02,7.233626588465298657e-02,2.737047898338220708e-01
4.887585532746823065e-03,4.985337243401759266e-02,7.135874877810362282e-02,1.857282502443792851e-02
2.150537634408602183e-01,8.699902248289345663e-02,7.429130009775171406e-02,1.212121212121212155e-01
2.932551319648093839e-03,8.406647116324535152e-02,7.526881720430107781e-02,1.642228739002932481e-01
0.000000000000000000e+00,4.105571847507331201e-02,7.038123167155425908e-02,2.932551319648094013e-02
0.000000000000000000e+00,1.955034213098729226e-02,6.549364613880742647e-02,2.570869990224828872e-01
0.000000000000000000e+00,9.775171065493646130e-03,6.060606060606060774e-02,3.030303030303030387e-02
2.580645161290322509e-01,9.775171065493645783e-02,6.842619745845551771e-02,2.336265884652981295e-01
2.170087976539589458e-01,1.730205278592375495e-01,8.113391984359726028e-02,2.541544477028348167e-02
2.932551319648093839e-03,1.036168132942326542e-01,7.820136852394916904e-02,4.789833822091886517e-02
2.737047898338220916e-02,6.256109481915933523e-02,7.429130009775171406e-02,2.043010752688172171e-01
0.000000000000000000e+00,3.323558162267839511e-02,6.940371456500488145e-02,3.323558162267839511e-02
0.000000000000000000e+00,1.564027370478983381e-02,6.451612903225806273e-02,2.453567937438905222e-01
1.632453567937438843e-01,4.887585532746822892e-02,6.549364613880742647e-02,2.052785923753665601e-02
1.955034213098729226e-03,5.376344086021505458e-02,6.549364613880742647e-02,9.677419354838709409e-02
0.000000000000000000e+00,2.541544477028348167e-02,6.158357771260997149e-02,1.710654936461387943e-01
2.023460410557184619e-01,7.038123167155425908e-02,6.451612903225806273e-02,5.083088954056696335e-02
8.406647116324535152e-02,1.065493646138807454e-01,7.038123167155425908e-02,2.541544477028347959e-01
9.775171065493646130e-04,6.744868035190615396e-02,6.744868035190615396e-02,4.007820136852394827e-02
0.000000000000000000e+00,3.323558162267839511e-02,6.256109481915933523e-02,2.003910068426197344e-01
3.128054740957966762e-02,3.225806451612903136e-02,6.060606060606060774e-02,2.737047898338220916e-02
1.456500488758553369e-01,7.233626588465298657e-02,6.451612903225806273e-02,5.474095796676441833e-02
0.000000000000000000e+00,4.789833822091886517e-02,6.158357771260997149e-02,2.277614858260019470e-01
0.000000000000000000e+00,2.248289345063538697e-02,5.767350928641250957e-02,2.541544477028348167e-02
3.225806451612903136e-02,1.857282502443792851e-02,5.376344086021505458e-02,2.649071358748777971e-01
7.820136852394916904e-02,4.789833822091886517e-02,5.571847507331378208e-02,1.564027370478983381e-02
2.785923753665688896e-01,1.348973607038123079e-01,6.647116324535679022e-02,8.308895405669598777e-02
3.812316715542521939e-01,2.492668621700879772e-01,8.699902248289345663e-02,2.003910068426197344e-01
2.150537634408602322e-02,2.082111436950146721e-01,9.481915933528836660e-02,5.083088954056696335e-02
1.945259042033235519e-01,1.593352883675464293e-01,9.481915933528836660e-02,2.883675464320625825e-01
0.000000000000000000e+00,9.188660801564027536e-02,8.993157380254154787e-02,2.932551319648094013e-02
1.896383186705767332e-01,9.384164222873900285e-02,8.993157380254154787e-02,1.857282502443792782e-01
4.007820136852394827e-02,9.775171065493645783e-02,9.090909090909091161e-02,6.353861192570869898e-02
1.955034213098729226e-02,6.451612903225806273e-02,8.699902248289345663e-02,5.669599217986314582e-02
1.603128054740957931e-01,8.895405669599218412e-02,8.797653958944282038e-02,2.766373411534701621e-01
0.000000000000000000e+00,5.474095796676441833e-02,8.406647116324535152e-02,3.616813294232649328e-02
0.000000000000000000e+00,2.737047898338220916e-02,7.820136852394916904e-02,2.903225806451613100e-01
0.000000000000000000e+00,1.368523949169110458e-02,7.233626588465298657e-02,5.278592375366569084e-02
2.492668621700879772e-01,9.090909090909091161e-02,7.820136852394916904e-02,8.211143695014662403e-02
1.143695014662756554e-01,1.358748778103616717e-01,8.602150537634409289e-02,2.111436950146627634e-01
1.075268817204301161e-02,7.820136852394916904e-02,8.211143695014662403e-02,3.812316715542522078e-02
1.466275659824047006e-02,4.887585532746822892e-02,7.820136852394916904e-02,2.609970674486803421e-01
2.629521016617790696e-01,1.182795698924731242e-01,8.406647116324535152e-02,3.910068426197458452e-02
2.600195503421309784e-01,2.043010752688172171e-01,9.872922776148582158e-02,1.700879765395894305e-01
1.955034213098729226e-03,1.348973607038123079e-01,9.775171065493645783e-02,1.515151515151515194e-01
2.003910068426197344e-01,1.270772238514173980e-01,9.872922776148582158e-02,6.353861192570869898e-02
8.797653958944282385e-03,2.091886608015640359e-01,1.300097751710654892e-01,1.671554252199413393e-01
0.000000000000000000e+00,1.026392961876832904e-01,1.202346041055718517e-01,1.857282502443792782e-01
2.541544477028348167e-02,6.353861192570869898e-02,1.124144672531769279e-01,6.451612903225806273e-02
3.812316715542522078e-02,5.180840664711632709e-02,1.085043988269794729e-01,2.942326490713587650e-01
0.000000000000000000e+00,2.541544477028348167e-02,1.006842619745845491e-01,5.376344086021505458e-02
0.000000000000000000e+00,1.270772238514174084e-02,9.384164222873900285e-02,2.668621700879765246e-01
0.000000000000000000e+00,5.865102639296187678e-03,8.699902248289345663e-02,2.932551319648094013e-02
0.000000000000000000e+00,1.955034213098729226e-03,8.113391984359726028e-02,5.669599217986314582e-02
0.000000000000000000e+00,9.775171065493646130e-04,7.526881720430107781e-02,2.434017595307917947e-01
0.000000000000000000e+00,0.000000000000000000e+00,7.038123167155425908e-02,3.812316715542522078e-02
0.000000000000000000e+00,0.000000000000000000e+00,6.549364613880742647e-02,2.502443792766373409e-01
1.368523949169110354e-01,3.323558162267839511e-02,6.549364613880742647e-02,2.443792766373411446e-02
0.000000000000000000e+00,3.910068426197458452e-02,6.451612903225806273e-02,9.090909090909091161e-02
2.512218963831867047e-01,1.045943304007820179e-01,7.135874877810362282e-02,1.710654936461387943e-01
8.504398826979471526e-02,1.260997067448680342e-01,7.722385141739980530e-02,4.496578690127077393e-02
3.812316715542522078e-02,8.211143695014662403e-02,7.526881720430107781e-02,2.590420332355816146e-01
1.612903225806451568e-01,9.677419354838709409e-02,7.722385141739980530e-02,2.639296187683284542e-02
0.000000000000000000e+00,6.647116324535679022e-02,7.429130009775171406e-02,1.710654936461387943e-01
2.434017595307917947e-01,1.104594330400782004e-01,7.917888563049853279e-02,1.505376344086021556e-01
3.734115347018572839e-01,2.316715542521994020e-01,9.775171065493645783e-02,6.060606060606060774e-02
9.677419354838709409e-02,2.091886608015640359e-01,1.055718475073313817e-01,2.639296187683284334e-01
0.000000000000000000e+00,1.143695014662756554e-01,9.970674486803518533e-02,5.767350928641250957e-02
1.085043988269794729e-01,8.504398826979471526e-02,9.579667644183773034e-02,2.756598240469207983e-01
9.775171065493646130e-04,6.256109481915933523e-02,9.286412512218963911e-02,5.767350928641250957e-02
1.691104594330400668e-01,7.526881720430107781e-02,9.188660801564027536e-02,1.182795698924731242e-01
9.775171065493646130e-04,5.962854349951124400e-02,8.895405669599218412e-02,1.749755620723362770e-01
0.000000000000000000e+00,2.932551319648094013e-02,8.308895405669598777e-02,4.496578690127077393e-02
0.000000000000000000e+00,1.466275659824047006e-02,7.722385141739980530e-02,2.668621700879765246e-01
0.000000000000000000e+00,6.842619745845552291e-03,7.233626588465298657e-02,3.128054740957966762e-02
0.000000000000000000e+00,2.932551319648093839e-03,6.647116324535679022e-02,1.270772238514173980e-01
0.000000000000000000e+00,9.775171065493646130e-04,6.256109481915933523e-02,1.466275659824047006e-01
0.000000000000000000e+00,0.000000000000000000e+00,5.767350928641250957e-02,2.834799608993157291e-02
0.000000000000000000e+00,0.000000000000000000e+00,5.376344086021505458e-02,2.463343108504398860e-01
0.000000000000000000e+00,0.000000000000000000e+00,5.083088954056696335e-02,2.052785923753665601e-02
0.000000000000000000e+00,0.000000000000000000e+00,4.692082111436950143e-02,2.003910068426197344e-01
6.842619745845551771e-02,1.661779081133919755e-02,4.594330400782013768e-02,1.173020527859237536e-02
6.842619745845552291e-03,1.759530791788856477e-02,4.398826979472141019e-02,2.248289345063538697e-02
1.055718475073313817e-01,4.105571847507331201e-02,4.496578690127077393e-02,2.072336265884653084e-01
0.000000000000000000e+00,3.812316715542522078e-02,4.496578690127077393e-02,2.541544477028348167e-02
1.798631476050830957e-01,7.722385141739980530e-02,4.985337243401759266e-02,2.492668621700879772e-01
9.775171065493646130e-03,8.211143695014662403e-02,5.376344086021505458e-02,1.270772238514174084e-02
5.865102639296187678e-03,4.301075268817204644e-02,4.985337243401759266e-02,7.917888563049853279e-02
0.000000000000000000e+00,2.052785923753665601e-02,4.594330400782013768e-02,1.544477028347996106e-01
0.000000000000000000e+00,9.775171065493646130e-03,4.301075268817204644e-02,2.639296187683284542e-02
2.228739002932551283e-01,7.429130009775171406e-02,4.887585532746822892e-02,2.424242424242424310e-01
7.820136852394916904e-03,9.188660801564027536e-02,5.474095796676441833e-02,3.128054740957966762e-02
5.376344086021505458e-02,5.865102639296188025e-02,5.180840664711632709e-02,1.495601173020527919e-01
0.000000000000000000e+00,3.030303030303030387e-02,4.887585532746822892e-02,3.519061583577712954e-02
0.000000000000000000e+00,1.466275659824047006e-02,4.594330400782013768e-02,3.616813294232649328e-02
0.000000000000000000e+00,6.842619745845552291e-03,4.203323558162267576e-02,2.385141739980449760e-01
0.000000000000000000e+00,2.932551319648093839e-03,3.910068426197458452e-02,8.797653958944282385e-03
1.173020527859237536e-02,3.910068426197458452e-03,3.714565004887585703e-02,2.248289345063538558e-01
2.248289345063538697e-02,1.075268817204301161e-02,3.616813294232649328e-02,4.398826979472141019e-02
5.865102639296188025e-02,3.030303030303030387e-02,3.616813294232649328e-02,4.203323558162267576e-02
1.671554252199413393e-01,8.211143695014662403e-02,4.301075268817204644e-02,2.043010752688172171e-01
0.000000000000000000e+00,5.278592375366569084e-02,4.203323558162267576e-02,1.466275659824047006e-02
0.000000000000000000e+00,2.541544477028348167e-02,3.910068426197458452e-02,2.551319648093841597e-01
1.661779081133919755e-01,5.865102639296188025e-02,4.203323558162267576e-02,7.820136852394916904e-03
0.000000000000000000e+00,3.714565004887585703e-02,4.007820136852394827e-02,7.820136852394916904e-02
0.000000000000000000e+00,1.759530791788856477e-02,3.714565004887585703e-02,1.730205278592375495e-01
5.865102639296187678e-03,1.075268817204301161e-02,3.519061583577712954e-02,5.865102639296187678e-03
0.000000000000000000e+00,4.887585532746823065e-03,3.323558162267839511e-02,2.394916911045943397e-01
2.834799608993157291e-02,6.842619745845552291e-03,3.128054740957966762e-02,9.775171065493646130e-04
1.759530791788856477e-02,1.173020527859237536e-02,3.030303030303030387e-02,1.173020527859237605e-01
1.358748778103616717e-01,4.887585532746822892e-02,3.225806451612903136e-02,2.287390029325513108e-01
2.825024437927664001e-01,1.417399804496578819e-01,4.594330400782013768e-02,1.759530791788856477e-02
3.910068426197458452e-03,1.163245356793743829e-01,4.985337243401759266e-02,7.331378299120235031e-02
0.000000000000000000e+00,5.669599217986314582e-02,4.692082111436950143e-02,1.612903225806451568e-01
0.000000000000000000e+00,2.737047898338220916e-02,4.301075268817204644e-02,3.128054740957966762e-02
7.233626588465298657e-02,3.030303030303030387e-02,4.203323558162267576e-02,2.453567937438905222e-01
0.000000000000000000e+00,1.857282502443792851e-02,4.007820136852394827e-02,0.000000000000000000e+00
0.000000000000000000e+00,9.775171065493646130e-03,3.714565004887585703e-02,1.016617790811339267e-01
0.000000000000000000e+00,3.910068426197458452e-03,3.421309872922775885e-02,1.309872922776148529e-01
2.052785923753665601e-02,1.368523949169110458e-02,3.323558162267839511e-02,1.759530791788856477e-02
2.043010752688172171e-01,7.820136852394916904e-02,4.007820136852394827e-02,2.492668621700879772e-01
0.000000000000000000e+00,5.962854349951124400e-02,4.105571847507331201e-02,1.759530791788856477e-02
0.000000000000000000e+00,2.834799608993157291e-02,3.812316715542522078e-02,2.189638318670576733e-01
2.091886608015640359e-01,7.526881720430107781e-02,4.301075268817204644e-02,1.955034213098729226e-03
2.209188660801564008e-01,1.642228739002932481e-01,5.767350928641250957e-02,4.105571847507331201e-02
4.887585532746823065e-03,1.231671554252199430e-01,6.060606060606060774e-02,2.160312805474095821e-01
0.000000000000000000e+00,5.962854349951124400e-02,5.669599217986314582e-02,2.932551319648094013e-02
0.000000000000000000e+00,2.932551319648094013e-02,5.278592375366569084e-02,2.512218963831867047e-01
1.622678396871945206e-01,6.060606060606060774e-02,5.474095796676441833e-02,1.368523949169110458e-02
3.235581622678396774e-01,1.720430107526881858e-01,6.940371456500488145e-02,9.384164222873900285e-02
2.346041055718475071e-02,1.612903225806451568e-01,7.624633431085044155e-02,1.896383186705767332e-01
0.000000000000000000e+00,7.917888563049853279e-02,7.135874877810362282e-02,4.007820136852394827e-02
1.241446725317693067e-01,8.406647116324535152e-02,7.135874877810362282e-02,2.561094819159335234e-01
3.128054740957966762e-01,1.739980449657869133e-01,8.406647116324535152e-02,5.962854349951124400e-02
8.797653958944282385e-03,1.290322580645161255e-01,8.504398826979471526e-02,2.082111436950146721e-01
1.583577712609970656e-01,1.085043988269794729e-01,8.504398826979471526e-02,4.301075268817204644e-02
3.391984359726294973e-01,2.033235581622678534e-01,9.872922776148582158e-02,6.060606060606060774e-02
1.173020527859237536e-02,1.749755620723362770e-01,1.045943304007820179e-01,2.766373411534701621e-01
0.000000000000000000e+00,8.504398826979471526e-02,9.677419354838709409e-02,5.083088954056696335e-02
3.128054740957966762e-02,5.474095796676441833e-02,9.090909090909091161e-02,2.776148582600195258e-01
8.993157380254154787e-02,6.451612903225806273e-02,8.993157380254154787e-02,3.812316715542522078e-02
1.476050830889540644e-01,8.993157380254154787e-02,9.188660801564027536e-02,1.045943304007820179e-01
3.421309872922775885e-02,7.820136852394916904e-02,8.993157380254154787e-02,1.427174975562072456e-01
2.932551319648093839e-03,5.083088954056696335e-02,8.504398826979471526e-02,5.474095796676441833e-02
6.842619745845552291e-03,2.834799608993157291e-02,8.015640273704789653e-02,2.551319648093841597e-01
3.519061583577712954e-02,2.932551319648094013e-02,7.624633431085044155e-02,3.714565004887585703e-02
0.000000000000000000e+00,2.346041055718475071e-02,7.233626588465298657e-02,1.857282502443792782e-01
0.000000000000000000e+00,1.075268817204301161e-02,6.744868035190615396e-02,1.124144672531769279e-01
0.000000000000000000e+00,5.865102639296187678e-03,6.256109481915933523e-02,5.474095796676441833e-02
5.865102639296188025e-02,1.955034213098729226e-02,6.060606060606060774e-02,2.473118279569892497e-01
0.000000000000000000e+00,1.173020527859237536e-02,5.767350928641250957e-02,2.737047898338220916e-02
0.000000000000000000e+00,5.865102639296187678e-03,5.376344086021505458e-02,2.600195503421309784e-01
6.256109481915933523e-02,2.443792766373411446e-02,5.180840664711632709e-02,1.466275659824047006e-02
6.158357771260997149e-02,4.789833822091886517e-02,5.376344086021505458e-02,4.985337243401759266e-02
1.173020527859237536e-02,4.203323558162267576e-02,5.278592375366569084e-02,2.218963831867057646e-01
0.000000000000000000e+00,1.955034213098729226e-02,4.887585532746822892e-02,1.466275659824047006e-02
0.000000000000000000e+00,9.775171065493646130e-03,4.594330400782013768e-02,2.521994134897360684e-01
6.256109481915933523e-02,2.052785923753665601e-02,4.496578690127077393e-02,8.797653958944282385e-03
9.775171065493646130e-04,1.466275659824047006e-02,4.203323558162267576e-02,7.624633431085044155e-02
0.000000000000000000e+00,6.842619745845552291e-03,3.910068426197458452e-02,1.290322580645161255e-01
3.128054740957966762e-02,1.075268817204301161e-02,3.812316715542522078e-02,1.075268817204301161e-02
0.000000000000000000e+00,4.887585532746823065e-03,3.519061583577712954e-02,2.316715542521994020e-01
1.925708699902248244e-01,5.571847507331378208e-02,3.910068426197458452e-02,1.368523949169110458e-02
0.000000000000000000e+00,5.083088954056696335e-02,4.105571847507331201e-02,1.769305962854350045e-01
0.000000000000000000e+00,2.443792766373411446e-02,3.812316715542522078e-02,1.857282502443792851e-02
1.114369501466275642e-01,3.910068426197458452e-02,3.812316715542522078e-02,3.323558162267839511e-02
2.922776148582600375e-01,1.378299120234603992e-01,5.180840664711632709e-02,2.316715542521994020e-01
4.887585532746822892e-02,1.417399804496578819e-01,5.962854349951124400e-02,3.812316715542522078e-02
1.867057673509286420e-01,1.368523949169110354e-01,6.353861192570869898e-02,2.649071358748777971e-01
2.932551319648093839e-03,1.075268817204301092e-01,6.549364613880742647e-02,1.466275659824047006e-02
0.000000000000000000e+00,5.278592375366569084e-02,6.158357771260997149e-02,7.820136852394916904e-02
0.000000000000000000e+00,2.541544477028348167e-02,5.669599217986314582e-02,1.476050830889540644e-01
0.000000000000000000e+00,1.270772238514174084e-02,5.278592375366569084e-02,4.007820136852394827e-02
1.173020527859237536e-02,9.775171065493646130e-03,4.985337243401759266e-02,2.482893450635386134e-01
0.000000000000000000e+00,4.887585532746823065e-03,4.203323558162267576e-02,2.258064516129032195e-01
0.000000000000000000e+00,1.955034213098729226e-03,3.910068426197458452e-02,1.075268817204301161e-02
9.384164222873900285e-02,2.639296187683284542e-02,4.007820136852394827e-02,2.482893450635386134e-01
0.000000000000000000e+00,2.346041055718475071e-02,3.910068426197458452e-02,3.323558162267839511e-02
1.270772238514174084e-02,1.759530791788856477e-02,3.714565004887585703e-02,5.180840664711632709e-02
0.000000000000000000e+00,1.173020527859237536e-02,3.519061583577712954e-02,1.700879765395894305e-01
1.075268817204301161e-02,9.775171065493646130e-03,3.323558162267839511e-02,5.865102639296187678e-03
1.436950146627566094e-01,4.789833822091886517e-02,3.616813294232649328e-02,2.326490713587487658e-01
1.466275659824047006e-01,1.006842619745845491e-01,4.496578690127077393e-02,1.270772238514174084e-02
9.775171065493646130e-04,5.669599217986314582e-02,4.301075268817204644e-02,1.104594330400782004e-01
1.994134897360703707e-01,8.504398826979471526e-02,4.692082111436950143e-02,4.398826979472141019e-02
3.470185728250244628e-01,2.033235581622678534e-01,6.549364613880742647e-02,4.007820136852394827e-02
4.887585532746822892e-02,1.964809384164222794e-01,7.624633431085044155e-02,2.590420332355816146e-01
0.000000000000000000e+00,1.016617790811339267e-01,7.135874877810362282e-02,2.834799608993157291e-02
0.000000000000000000e+00,4.985337243401759266e-02,6.549364613880742647e-02,2.228739002932551283e-01
6.451612903225806273e-02,4.398826979472141019e-02,6.353861192570869898e-02,5.962854349951124400e-02
0.000000000000000000e+00,2.932551319648094013e-02,6.060606060606060774e-02,6.158357771260997149e-02
7.820136852394916904e-03,1.955034213098729226e-02,5.669599217986314582e-02,1.945259042033235519e-01
0.000000000000000000e+00,1.075268817204301161e-02,5.278592375366569084e-02,2.932551319648094013e-02
0.000000000000000000e+00,4.887585532746823065e-03,4.985337243401759266e-02,2.531769305962854322e-01
0.000000000000000000e+00,1.955034213098729226e-03,4.594330400782013768e-02,3.030303030303030387e-02
1.026392961876832904e-01,2.639296187683284542e-02,4.594330400782013768e-02,8.895405669599218412e-02
2.737047898338220708e-01,1.231671554252199430e-01,5.767350928641250957e-02,2.023460410557184619e-01
2.776148582600195258e-01,2.101661779081133996e-01,7.429130009775171406e-02,3.812316715542522078e-02
5.474095796676441833e-02,1.573802541544477018e-01,7.722385141739980530e-02,2.502443792766373409e-01
6.842619745845552291e-03,8.797653958944282038e-02,7.331378299120235031e-02,2.541544477028348167e-02
1.769305962854350045e-01,9.775171065493645783e-02,7.526881720430107781e-02,1.945259042033235519e-01
0.000000000000000000e+00,6.451612903225806273e-02,7.233626588465298657e-02,6.647116324535679022e-02
0.000000000000000000e+00,3.128054740957966762e-02,6.744868035190615396e-02,4.692082111436950143e-02
9.677419354838709409e-02,3.714565004887585703e-02,6.549364613880742647e-02,2.355816226783968848e-01
7.820136852394916904e-03,2.932551319648094013e-02,6.256109481915933523e-02,2.834799608993157291e-02
0.000000000000000000e+00,1.661779081133919755e-02,5.865102639296188025e-02,2.688172043010752521e-01
0.000000000000000000e+00,7.820136852394916904e-03,5.474095796676441833e-02,2.052785923753665601e-02
2.287390029325513108e-01,7.917888563049853279e-02,5.962854349951124400e-02,8.113391984359726028e-02
1.681329423264907030e-01,1.407624633431085182e-01,7.038123167155425908e-02,2.365591397849462485e-01
0.000000000000000000e+00,7.722385141739980530e-02,6.744868035190615396e-02,2.737047898338220916e-02
0.000000000000000000e+00,3.812316715542522078e-02,6.256109481915933523e-02,2.609970674486803421e-01
0.000000000000000000e+00,1.857282502443792851e-02,5.767350928641250957e-02,2.248289345063538697e-02
1.368523949169110458e-02,1.564027370478983381e-02,5.474095796676441833e-02,1.133919843597262916e-01
4.692082111436950143e-02,2.737047898338220916e-02,5.376344086021505458e-02,8.797653958944282038e-02
8.602150537634409289e-02,4.789833822091886517e-02,5.474095796676441833e-02,2.541544477028348167e-02
1.241446725317693067e-01,8.015640273704789653e-02,5.865102639296188025e-02,2.414467253176930672e-01
9.775171065493646130e-04,6.158357771260997149e-02,5.767350928641250957e-02,3.128054740957966762e-02
7.526881720430107781e-02,6.158357771260997149e-02,5.767350928641250957e-02,2.248289345063538558e-01
0.000000000000000000e+00,4.887585532746822892e-02,5.669599217986314582e-02,8.797653958944282038e-02
1.163245356793743829e-01,5.180840664711632709e-02,5.669599217986314582e-02,4.496578690127077393e-02
0.000000000000000000e+00,3.128054740957966762e-02,5.376344086021505458e-02,2.189638318670576733e-01
2.932551319648093839e-03,1.564027370478983381e-02,4.985337243401759266e-02,2.541544477028348167e-02
0.000000000000000000e+00,7.820136852394916904e-03,4.594330400782013768e-02,2.521994134897360684e-01
0.000000000000000000e+00,2.932551319648093839e-03,4.301075268817204644e-02,2.639296187683284542e-02
1.544477028347996106e-01,4.105571847507331201e-02,4.496578690127077393e-02,8.895405669599218412e-02
3.128054740957966762e-01,1.612903225806451568e-01,6.158357771260997149e-02,1.388074291300097629e-01
3.900293255131964676e-01,2.688172043010752521e-01,8.308895405669598777e-02,4.887585532746822892e-02
4.340175953079178917e-01,3.470185728250244628e-01,1.065493646138807454e-01,2.834799608993157638e-01
3.030303030303030387e-02,2.668621700879765246e-01,1.143695014662756554e-01,6.158357771260997149e-02
2.385141739980449760e-01,2.052785923753665809e-01,1.153470185728250191e-01,2.434017595307917947e-01
0.000000000000000000e+00,1.221896383186705792e-01,1.104594330400782004e-01,1.417399804496578819e-01
2.375366568914956122e-01,1.309872922776148529e-01,1.114369501466275642e-01,8.406647116324535152e-02
6.256109481915933523e-02,1.329423264907135804e-01,1.133919843597262916e-01,2.482893450635386134e-01
1.955034213098729226e-02,8.504398826979471526e-02,1.085043988269794729e-01,7.429130009775171406e-02
1.788856304985337320e-01,9.872922776148582158e-02,1.075268817204301092e-01,2.883675464320625825e-01
5.474095796676441833e-02,1.094819159335288367e-01,1.094819159335288367e-01,5.571847507331378208e-02
1.896383186705767332e-01,1.241446725317693067e-01,1.104594330400782004e-01,1.534701857282502468e-01
8.308895405669598777e-02,1.260997067448680342e-01,1.124144672531769279e-01,1.026392961876832904e-01
9.775171065493646130e-04,7.820136852394916904e-02,1.085043988269794729e-01,1.436950146627566094e-01
5.180840664711632709e-02,4.887585532746822892e-02,1.016617790811339267e-01,1.075268817204301092e-01
3.030303030303030387e-02,4.496578690127077393e-02,9.775171065493645783e-02,1.691104594330400668e-01
0.000000000000000000e+00,3.128054740957966762e-02,9.286412512218963911e-02,5.767350928641250957e-02
0.000000000000000000e+00,1.564027370478983381e-02,8.602150537634409289e-02,2.697947214076246158e-01
0.000000000000000000e+00,6.842619745845552291e-03,8.015640273704789653e-02,3.519061583577712954e-02
2.209188660801564008e-01,7.038123167155425908e-02,8.308895405669598777e-02,1.827956989247311870e-01
2.932551319648093839e-03,6.647116324535679022e-02,8.211143695014662403e-02,6.060606060606060774e-02
0.000000000000000000e+00,3.225806451612903136e-02,7.624633431085044155e-02,5.767350928641250957e-02
0.000000000000000000e+00,1.564027370478983381e-02,7.135874877810362282e-02,2.590420332355816146e-01
0.000000000000000000e+00,6.842619745845552291e-03,6.647116324535679022e-02,2.834799608993157291e-02
1.984359726295210069e-01,5.962854349951124400e-02,6.940371456500488145e-02,2.512218963831867047e-01
3.499511241446725540e-01,1.925708699902248244e-01,8.699902248289345663e-02,2.932551319648094013e-02
1.094819159335288367e-01,2.140762463343108546e-01,9.872922776148582158e-02,7.331378299120235031e-02
0.000000000000000000e+00,1.153470185728250191e-01,9.286412512218963911e-02,2.140762463343108546e-01
1.173020527859237536e-02,6.256109481915933523e-02,8.699902248289345663e-02,4.594330400782013768e-02
0.000000000000000000e+00,3.323558162267839511e-02,8.113391984359726028e-02,2.668621700879765246e-01
2.443792766373411446e-02,2.248289345063538697e-02,7.624633431085044155e-02,2.443792766373411446e-02
0.000000000000000000e+00,1.075268817204301161e-02,7.135874877810362282e-02,9.384164222873900285e-02
3.030303030303030387e-02,1.075268817204301161e-02,6.744868035190615396e-02,1.319648093841642167e-01
0.000000000000000000e+00,4.887585532746823065e-03,6.256109481915933523e-02,3.910068426197458452e-02
4.007820136852394827e-02,1.564027370478983381e-02,5.962854349951124400e-02,2.394916911045943397e-01
0.000000000000000000e+00,1.564027370478983381e-02,5.669599217986314582e-02,2.541544477028348167e-02
6.744868035190615396e-02,3.421309872922775885e-02,5.669599217986314582e-02,1.945259042033235519e-01
2.727272727272727071e-01,1.241446725317693067e-01,6.744868035190615396e-02,6.647116324535679022e-02
1.955034213098729226e-03,9.872922776148582158e-02,6.842619745845551771e-02,5.669599217986314582e-02
0.000000000000000000e+00,4.887585532746822892e-02,6.353861192570869898e-02,2.316715542521994020e-01
0.000000000000000000e+00,2.346041055718475071e-02,5.962854349951124400e-02,2.834799608993157291e-02
0.000000000000000000e+00,1.075268817204301161e-02,5.571847507331378208e-02,2.434017595307917947e-01
0.000000000000000000e+00,4.887585532746823065e-03,5.083088954056696335e-02,3.128054740957966762e-02
2.179863147605083096e-01,6.940371456500488145e-02,5.669599217986314582e-02,9.579667644183773034e-02
0.000000000000000000e+00,5.962854349951124400e-02,5.669599217986314582e-02,1.505376344086021556e-01
2.179863147605083096e-01,9.286412512218963911e-02,6.060606060606060774e-02,3.421309872922775885e-02
3.235581622678396774e-01,1.984359726295210069e-01,7.722385141739980530e-02,2.570869990224828872e-01
4.301075268817204644e-02,1.769305962854350045e-01,8.406647116324535152e-02,3.616813294232649328e-02
8.797653958944282038e-02,1.173020527859237605e-01,8.211143695014662403e-02,1.798631476050830957e-01
2.961876832844574925e-01,1.700879765395894305e-01,9.090909090909091161e-02,1.583577712609970656e-01
7.233626588465298657e-02,1.681329423264907030e-01,9.775171065493645783e-02,7.526881720430107781e-02
0.000000000000000000e+00,8.602150537634409289e-02,9.090909090909091161e-02,2.590420332355816146e-01
1.857282502443792851e-02,5.180840664711632709e-02,8.602150537634409289e-02,4.398826979472141019e-02
0.000000000000000000e+00,3.323558162267839511e-02,8.113391984359726028e-02,2.854349951124144913e-01
9.286412512218963911e-02,5.474095796676441833e-02,8.015640273704789653e-02,3.519061583577712954e-02
2.913000977517106738e-01,1.476050830889540644e-01,9.090909090909091161e-02,9.384164222873900285e-02
1.955034213098729226e-03,1.114369501466275642e-01,9.090909090909091161e-02,2.267839687194525833e-01
0.000000000000000000e+00,5.376344086021505458e-02,8.406647116324535152e-02,4.301075268817204644e-02
4.692082111436950143e-02,3.714565004887585703e-02,8.015640273704789653e-02,2.785923753665688896e-01
2.590420332355816146e-01,1.104594330400782004e-01,8.602150537634409289e-02,2.443792766373411446e-02
7.820136852394916904e-03,1.133919843597262916e-01,8.993157380254154787e-02,1.583577712609970656e-01
0.000000000000000000e+00,5.474095796676441833e-02,8.308895405669598777e-02,1.280547409579667617e-01
2.111436950146627634e-01,9.579667644183773034e-02,8.602150537634409289e-02,5.278592375366569084e-02
3.910068426197458452e-03,9.090909090909091161e-02,8.699902248289345663e-02,2.649071358748777971e-01
5.571847507331378208e-02,6.256109481915933523e-02,8.308895405669598777e-02,4.007820136852394827e-02
0.000000000000000000e+00,3.910068426197458452e-02,7.917888563049853279e-02,2.717497556207233433e-01
0.000000000000000000e+00,1.857282502443792851e-02,7.331378299120235031e-02,2.052785923753665601e-02
7.038123167155425908e-02,3.616813294232649328e-02,7.135874877810362282e-02,5.376344086021505458e-02
0.000000000000000000e+00,3.421309872922775885e-02,6.940371456500488145e-02,2.414467253176930672e-01
2.228739002932551283e-01,8.308895405669598777e-02,7.331378299120235031e-02,3.812316715542522078e-02
2.707722385141739796e-01,1.857282502443792782e-01,8.797653958944282038e-02,2.815249266862170363e-01
2.179863147605083096e-01,2.101661779081133996e-01,9.872922776148582158e-02,5.865102639296188025e-02
0.000000000000000000e+00,1.173020527859237605e-01,9.384164222873900285e-02,1.133919843597262916e-01
9.775171065493646130e-04,5.865102639296188025e-02,8.699902248289345663e-02,1.085043988269794729e-01
2.834799608993157291e-02,3.910068426197458452e-02,8.211143695014662403e-02,5.278592375366569084e-02
1.300097751710654892e-01,7.526881720430107781e-02,8.406647116324535152e-02,2.668621700879765246e-01
9.775171065493646130e-04,6.256109481915933523e-02,8.211143695014662403e-02,4.105571847507331201e-02
1.857282502443792782e-01,5.767350928641250957e-02,7.429130009775171406e-02,5.571847507331378208e-02
2.111436950146627634e-01,1.339198435972629442e-01,8.406647116324535152e-02,2.707722385141739796e-01
0.000000000000000000e+00,7.233626588465298657e-02,7.917888563049853279e-02,3.421309872922775885e-02
3.714565004887585703e-02,4.398826979472141019e-02,7.429130009775171406e-02,1.182795698924731242e-01
0.000000000000000000e+00,2.052785923753665601e-02,6.940371456500488145e-02,1.231671554252199430e-01
0.000000000000000000e+00,9.775171065493646130e-03,6.451612903225806273e-02,4.789833822091886517e-02
0.000000000000000000e+00,4.887585532746823065e-03,5.962854349951124400e-02,2.541544477028347959e-01
1.446725317693059731e-01,5.083088954056696335e-02,6.256109481915933523e-02,2.443792766373411446e-02
1.045943304007820179e-01,1.006842619745845491e-01,6.842619745845551771e-02,1.827956989247311870e-01
6.256109481915933523e-02,8.308895405669598777e-02,6.842619745845551771e-02,1.202346041055718517e-01
8.797653958944282385e-03,5.571847507331378208e-02,6.647116324535679022e-02,4.398826979472141019e-02
4.105571847507331201e-02,3.910068426197458452e-02,6.353861192570869898e-02,2.346041055718475210e-01
0.000000000000000000e+00,1.857282502443792851e-02,5.865102639296188025e-02,3.225806451612903136e-02
1.339198435972629442e-01,4.203323558162267576e-02,5.865102639296188025e-02,2.590420332355816146e-01
0.000000000000000000e+00,4.398826979472141019e-02,5.865102639296188025e-02,2.541544477028348167e-02
0.000000000000000000e+00,2.052785923753665601e-02,5.474095796676441833e-02,5.571847507331378208e-02
1.896383186705767332e-01,6.060606060606060774e-02,5.669599217986314582e-02,1.700879765395894305e-01
3.450635386119257353e-01,1.896383186705767332e-01,7.526881720430107781e-02,4.203323558162267576e-02
1.534701857282502468e-01,2.238514173998044920e-01,8.797653958944282038e-02,2.717497556207233433e-01
7.722385141739980530e-02,1.515151515151515194e-01,8.797653958944282038e-02,3.225806451612903136e-02
0.000000000000000000e+00,7.429130009775171406e-02,8.211143695014662403e-02,1.524926686217008831e-01
1.994134897360703707e-01,8.895405669599218412e-02,8.211143695014662403e-02,1.427174975562072456e-01
9.775171065493646130e-04,7.233626588465298657e-02,8.113391984359726028e-02,5.180840664711632709e-02
3.910068426197458452e-03,3.812316715542522078e-02,7.526881720430107781e-02,2.531769305962854322e-01
2.355816226783968848e-01,9.579667644183773034e-02,8.015640273704789653e-02,5.571847507331378208e-02
5.474095796676441833e-02,1.085043988269794729e-01,8.406647116324535152e-02,2.717497556207233433e-01
5.669599217986314582e-02,8.308895405669598777e-02,8.211143695014662403e-02,4.594330400782013768e-02
1.505376344086021556e-01,9.579667644183773034e-02,8.308895405669598777e-02,6.842619745845551771e-02
8.113391984359726028e-02,1.075268817204301092e-01,8.602150537634409289e-02,2.375366568914956122e-01
7.429130009775171406e-02,8.895405669599218412e-02,8.602150537634409289e-02,4.985337243401759266e-02
0.000000000000000000e+00,4.301075268817204644e-02,7.917888563049853279e-02,2.649071358748777971e-01
5.865102639296187678e-03,2.443792766373411446e-02,7.429130009775171406e-02,3.421309872922775885e-02
0.000000000000000000e+00,1.270772238514174084e-02,6.940371456500488145e-02,9.970674486803518533e-02
2.424242424242424310e-01,8.699902248289345663e-02,7.429130009775171406e-02,1.309872922776148529e-01
3.665689149560117377e-01,2.160312805474095821e-01,9.286412512218963911e-02,5.278592375366569084e-02
4.232649071358748905e-01,3.147605083088954037e-01,1.153470185728250191e-01,2.854349951124144913e-01
1.173020527859237536e-02,2.326490713587487658e-01,1.202346041055718517e-01,7.429130009775171406e-02
1.788856304985337320e-01,1.622678396871945206e-01,1.173020527859237605e-01,2.844574780058651275e-01
8.797653958944282385e-03,1.192570869990224880e-01,1.153470185728250191e-01,5.376344086021505458e-02
0.000000000000000000e+00,5.962854349951124400e-02,1.065493646138807454e-01,9.970674486803518533e-02
4.692082111436950143e-02,4.887585532746822892e-02,1.016617790811339267e-01,2.551319648093841597e-01
1.378299120234603992e-01,8.113391984359726028e-02,1.026392961876832904e-01,5.767350928641250957e-02
0.000000000000000000e+00,5.474095796676441833e-02,9.775171065493645783e-02,2.834799608993157638e-01
4.887585532746823065e-03,2.932551319648094013e-02,9.090909090909091161e-02,4.203323558162267576e-02
2.228739002932551283e-01,8.602150537634409289e-02,9.384164222873900285e-02,1.700879765395894305e-01
3.665689149560117377e-01,2.140762463343108546e-01,1.104594330400782004e-01,8.699902248289345663e-02
7.820136852394916904e-03,1.700879765395894305e-01,1.143695014662756554e-01,7.038123167155425908e-02
0.000000000000000000e+00,8.308895405669598777e-02,1.055718475073313817e-01,2.815249266862170363e-01
0.000000000000000000e+00,4.105571847507331201e-02,9.775171065493645783e-02,6.158357771260997149e-02
1.759530791788856477e-02,2.346041055718475071e-02,9.188660801564027536e-02,2.756598240469207983e-01
2.336265884652981295e-01,9.188660801564027536e-02,9.579667644183773034e-02,3.519061583577712954e-02
2.209188660801564008e-01,1.730205278592375495e-01,1.065493646138807454e-01,7.722385141739980530e-02
4.203323558162267576e-02,1.260997067448680342e-01,1.055718475073313817e-01,2.140762463343108546e-01
0.000000000000000000e+00,6.451612903225806273e-02,9.872922776148582158e-02,6.060606060606060774e-02
0.000000000000000000e+00,3.128054740957966762e-02,9.188660801564027536e-02,2.776148582600195258e-01
7.233626588465298657e-02,4.594330400782013768e-02,8.895405669599218412e-02,4.301075268817204644e-02
9.775171065493646130e-04,4.203323558162267576e-02,8.602150537634409289e-02,1.417399804496578819e-01
3.714565004887585703e-02,2.932551319648094013e-02,8.113391984359726028e-02,1.876832844574780057e-01
0.000000000000000000e+00,1.368523949169110458e-02,7.526881720430107781e-02,4.496578690127077393e-02
3.519061583577712954e-02,1.466275659824047006e-02,7.135874877810362282e-02,2.629521016617790696e-01
0.000000000000000000e+00,6.842619745845552291e-03,6.647116324535679022e-02,2.932551319648094013e-02
1.906158357771260969e-01,5.474095796676441833e-02,6.842619745845551771e-02,2.179863147605083096e-01
2.932551319648093839e-03,6.549364613880742647e-02,7.038123167155425908e-02,1.759530791788856477e-02
2.932551319648094013e-02,4.398826979472141019e-02,6.647116324535679022e-02,4.692082111436950143e-02
7.820136852394916904e-03,3.128054740957966762e-02,6.158357771260997149e-02,1.202346041055718517e-01
1.573802541544477018e-01,6.451612903225806273e-02,6.256109481915933523e-02,1.779081133919843682e-01
0.000000000000000000e+00,4.692082111436950143e-02,6.158357771260997149e-02,3.714565004887585703e-02
1.026392961876832904e-01,4.692082111436950143e-02,6.060606060606060774e-02,2.443792766373411585e-01
7.820136852394916904e-03,5.083088954056696335e-02,6.060606060606060774e-02,2.932551319648094013e-02
0.000000000000000000e+00,2.443792766373411446e-02,5.669599217986314582e-02,2.170087976539589458e-01
0.000000000000000000e+00,1.173020527859237536e-02,5.278592375366569084e-02,1.173020527859237536e-02
2.541544477028348167e-02,1.173020527859237536e-02,4.985337243401759266e-02,4.398826979472141019e-02
0.000000000000000000e+00,4.887585532746823065e-03,4.594330400782013768e-02,1.867057673509286420e-01
1.075268817204301161e-02,4.887585532746823065e-03,4.301075268817204644e-02,3.323558162267839511e-02
0.000000000000000000e+00,1.955034213098729226e-03,4.007820136852394827e-02,2.521994134897360684e-01
0.000000000000000000e+00,0.000000000000000000e+00,3.714565004887585703e-02,2.932551319648093839e-03
0.000000000000000000e+00,0.000000000000000000e+00,3.519061583577712954e-02,6.549364613880742647e-02
0.000000000000000000e+00,0.000000000000000000e+00,3.225806451612903136e-02,1.818181818181818232e-01
0.000000000000000000e+00,0.000000000000000000e+00,3.030303030303030387e-02,2.150537634408602322e-02
1.857282502443792782e-01,4.985337243401759266e-02,3.421309872922775885e-02,2.434017595307917947e-01
3.352883675464320423e-01,1.798631476050830957e-01,5.376344086021505458e-02,1.955034213098729226e-02
9.775171065493646130e-03,1.554252199413489743e-01,6.060606060606060774e-02,1.583577712609970656e-01
1.251221896383186705e-01,1.104594330400782004e-01,6.060606060606060774e-02,4.496578690127077393e-02
2.639296187683284542e-02,8.308895405669598777e-02,6.060606060606060774e-02,3.616813294232649328e-02
2.130987292277614908e-01,1.163245356793743829e-01,6.549364613880742647e-02,2.629521016617790696e-01
0.000000000000000000e+00,7.820136852394916904e-02,6.451612903225806273e-02,2.346041055718475071e-02
0.000000000000000000e+00,3.910068426197458452e-02,6.060606060606060774e-02,2.619745845552297059e-01
2.043010752688172171e-01,7.722385141739980530e-02,6.256109481915933523e-02,4.496578690127077393e-02
8.797653958944282385e-03,6.842619745845551771e-02,6.353861192570869898e-02,6.647116324535679022e-02
5.083088954056696335e-02,5.083088954056696335e-02,6.158357771260997149e-02,2.013685239491690981e-01
0.000000000000000000e+00,2.737047898338220916e-02,5.767350928641250957e-02,3.225806451612903136e-02
4.887585532746823065e-03,1.564027370478983381e-02,5.376344086021505458e-02,2.414467253176930672e-01
0.000000000000000000e+00,9.775171065493646130e-03,4.985337243401759266e-02,1.955034213098729226e-02
0.000000000000000000e+00,4.887585532746823065e-03,4.692082111436950143e-02,7.722385141739980530e-02
0.000000000000000000e+00,1.955034213098729226e-03,4.398826979472141019e-02,8.308895405669598777e-02
4.985337243401759266e-02,9.775171065493646130e-03,4.203323558162267576e-02,2.932551319648094013e-02
0.000000000000000000e+00,3.910068426197458452e-03,3.910068426197458452e-02,2.375366568914956122e-01
1.564027370478983381e-02,7.820136852394916904e-03,3.714565004887585703e-02,3.910068426197458452e-03
1.945259042033235519e-01,6.940371456500488145e-02,4.301075268817204644e-02,1.427174975562072456e-01
0.000000000000000000e+00,4.887585532746822892e-02,4.203323558162267576e-02,8.504398826979471526e-02
8.993157380254154787e-02,4.594330400782013768e-02,4.203323558162267576e-02,4.496578690127077393e-02
2.932551319648093839e-03,3.519061583577712954e-02,4.105571847507331201e-02,2.277614858260019470e-01
0.000000000000000000e+00,1.759530791788856477e-02,3.812316715542522078e-02,1.564027370478983381e-02
1.495601173020527919e-01,4.985337243401759266e-02,4.105571847507331201e-02,2.649071358748777971e-01
3.147605083088954037e-01,1.612903225806451568e-01,5.669599217986314582e-02,2.150537634408602322e-02
4.887585532746823065e-03,1.339198435972629442e-01,6.158357771260997149e-02,7.233626588465298657e-02
0.000000000000000000e+00,6.549364613880742647e-02,5.669599217986314582e-02,2.189638318670576733e-01
2.404692082111437035e-01,1.104594330400782004e-01,6.256109481915933523e-02,2.932551319648094013e-02
2.932551319648093839e-03,9.677419354838709409e-02,6.549364613880742647e-02,2.600195503421309784e-01
8.699902248289345663e-02,7.722385141739980530e-02,6.451612903225806273e-02,1.466275659824047006e-02
1.329423264907135804e-01,1.065493646138807454e-01,6.940371456500488145e-02,1.231671554252199430e-01
0.000000000000000000e+00,6.842619745845551771e-02,6.744868035190615396e-02,1.270772238514173980e-01
0.000000000000000000e+00,3.323558162267839511e-02,6.256109481915933523e-02,2.737047898338220916e-02
0.000000000000000000e+00,1.661779081133919755e-02,5.767350928641250957e-02,2.434017595307917947e-01
2.082111436950146721e-01,6.940371456500488145e-02,6.158357771260997149e-02,2.737047898338220916e-02
6.842619745845552291e-03,8.895405669599218412e-02,6.549364613880742647e-02,2.600195503421309784e-01
3.616813294232649328e-02,4.985337243401759266e-02,6.158357771260997149e-02,1.661779081133919755e-02
5.474095796676441833e-02,5.180840664711632709e-02,6.158357771260997149e-02,6.744868035190615396e-02
0.000000000000000000e+00,3.812316715542522078e-02,5.865102639296188025e-02,2.365591397849462485e-01
0.000000000000000000e+00,1.759530791788856477e-02,5.474095796676441833e-02,2.248289345063538697e-02
3.812316715542522078e-02,2.737047898338220916e-02,5.376344086021505458e-02,2.521994134897360684e-01
2.385141739980449760e-01,1.016617790811339267e-01,6.158357771260997149e-02,1.368523949169110458e-02
0.000000000000000000e+00,7.331378299120235031e-02,6.158357771260997149e-02,8.699902248289345663e-02
0.000000000000000000e+00,3.519061583577712954e-02,5.669599217986314582e-02,1.270772238514173980e-01
1.016617790811339267e-01,4.105571847507331201e-02,5.571847507331378208e-02,3.812316715542522078e-02
0.000000000000000000e+00,2.443792766373411446e-02,5.278592375366569084e-02,2.346041055718475210e-01
1.886608015640273694e-01,6.256109481915933523e-02,5.474095796676441833e-02,2.639296187683284542e-02
0.000000000000000000e+00,5.865102639296188025e-02,5.571847507331378208e-02,1.964809384164222794e-01
0.000000000000000000e+00,7.820136852394916904e-03,4.594330400782013768e-02,2.394916911045943397e-01
1.466275659824047006e-01,5.474095796676441833e-02,4.887585532746822892e-02,1.075268817204301161e-02
1.388074291300097629e-01,1.016617790811339267e-01,5.669599217986314582e-02,9.970674486803518533e-02
0.000000000000000000e+00,5.767350928641250957e-02,5.376344086021505458e-02,1.270772238514173980e-01
4.887585532746822892e-02,4.301075268817204644e-02,5.180840664711632709e-02,2.932551319648094013e-02
0.000000000000000000e+00,2.737047898338220916e-02,4.887585532746822892e-02,2.443792766373411585e-01
0.000000000000000000e+00,1.270772238514174084e-02,4.594330400782013768e-02,1.564027370478983381e-02
1.407624633431085182e-01,4.594330400782013768e-02,4.692082111436950143e-02,2.101661779081133996e-01
0.000000000000000000e+00,4.105571847507331201e-02,4.692082111436950143e-02,9.775171065493646130e-03
2.082111436950146721e-01,7.917888563049853279e-02,5.083088954056696335e-02,4.398826979472141019e-02
3.499511241446725540e-01,2.023460410557184619e-01,7.038123167155425908e-02,2.404692082111437035e-01
3.861192570869990126e-01,2.942326490713587650e-01,9.188660801564027536e-02,4.496578690127077393e-02
1.300097751710654892e-01,2.521994134897360684e-01,1.016617790811339267e-01,3.000977517106549475e-01
3.304007820136852236e-01,2.512218963831867047e-01,1.104594330400782004e-01,4.301075268817204644e-02
6.842619745845552291e-03,1.857282502443792782e-01,1.133919843597262916e-01,1.173020527859237605e-01
1.407624633431085182e-01,1.270772238514173980e-01,1.085043988269794729e-01,1.319648093841642167e-01
1.124144672531769279e-01,1.309872922776148529e-01,1.104594330400782004e-01,6.353861192570869898e-02
1.006842619745845491e-01,1.124144672531769279e-01,1.094819159335288367e-01,2.864125122189638550e-01
0.000000000000000000e+00,5.571847507331378208e-02,1.016617790811339267e-01,5.865102639296188025e-02
6.256109481915933523e-02,4.203323558162267576e-02,9.579667644183773034e-02,2.707722385141739796e-01
3.421309872922775885e-02,4.203323558162267576e-02,9.286412512218963911e-02,1.026392961876832904e-01
6.744868035190615396e-02,4.985337243401759266e-02,8.993157380254154787e-02,7.526881720430107781e-02
0.000000000000000000e+00,3.323558162267839511e-02,8.504398826979471526e-02,2.502443792766373409e-01
3.225806451612903136e-02,3.030303030303030387e-02,8.113391984359726028e-02,3.714565004887585703e-02
2.521994134897360684e-01,1.036168132942326542e-01,8.699902248289345663e-02,2.795698924731182533e-01
1.955034213098729226e-03,8.797653958944282038e-02,8.699902248289345663e-02,3.910068426197458452e-02
0.000000000000000000e+00,4.301075268817204644e-02,8.113391984359726028e-02,1.065493646138807454e-01
6.940371456500488145e-02,3.714565004887585703e-02,7.722385141739980530e-02,1.212121212121212155e-01
1.348973607038123079e-01,8.113391984359726028e-02,8.015640273704789653e-02,4.496578690127077393e-02
4.496578690127077393e-02,9.481915933528836660e-02,8.308895405669598777e-02,2.658846529814271609e-01
4.301075268817204644e-02,6.647116324535679022e-02,8.015640273704789653e-02,4.105571847507331201e-02
0.000000000000000000e+00,3.128054740957966762e-02,7.429130009775171406e-02,2.091886608015640359e-01
0.000000000000000000e+00,1.564027370478983381e-02,6.940371456500488145e-02,1.231671554252199430e-01
0.000000000000000000e+00,6.842619745845552291e-03,6.451612903225806273e-02,4.887585532746822892e-02
1.182795698924731242e-01,3.616813294232649328e-02,6.353861192570869898e-02,2.394916911045943397e-01
9.775171065493646130e-04,4.301075268817204644e-02,6.353861192570869898e-02,3.812316715542522078e-02
0.000000000000000000e+00,2.052785923753665601e-02,5.865102639296188025e-02,2.531769305962854322e-01
1.945259042033235519e-01,6.256109481915933523e-02,6.158357771260997149e-02,2.443792766373411446e-02
8.895405669599218412e-02,9.872922776148582158e-02,6.744868035190615396e-02,8.797653958944282038e-02
4.301075268817204644e-02,8.113391984359726028e-02,6.744868035190615396e-02,1.730205278592375495e-01
5.865102639296187678e-03,5.571847507331378208e-02,6.451612903225806273e-02,3.519061583577712954e-02
0.000000000000000000e+00,2.639296187683284542e-02,6.060606060606060774e-02,2.531769305962854322e-01
1.339198435972629442e-01,4.887585532746822892e-02,6.060606060606060774e-02,1.270772238514174084e-02
4.594330400782013768e-02,6.744868035190615396e-02,6.256109481915933523e-02,1.251221896383186705e-01
0.000000000000000000e+00,3.128054740957966762e-02,5.865102639296188025e-02,1.476050830889540644e-01
1.955034213098729157e-01,6.842619745845551771e-02,6.060606060606060774e-02,3.812316715542522078e-02
8.113391984359726028e-02,1.016617790811339267e-01,6.647116324535679022e-02,2.414467253176930672e-01
4.496578690127077393e-02,8.015640273704789653e-02,6.647116324535679022e-02,3.225806451612903136e-02
7.526881720430107781e-02,7.135874877810362282e-02,6.549364613880742647e-02,2.600195503421309784e-01
0.000000000000000000e+00,3.421309872922775885e-02,6.158357771260997149e-02,2.052785923753665601e-02
1.173020527859237536e-02,2.150537634408602322e-02,5.767350928641250957e-02,4.398826979472141019e-02
0.000000000000000000e+00,1.173020527859237536e-02,5.376344086021505458e-02,1.955034213098729157e-01
0.000000000000000000e+00,5.865102639296187678e-03,4.985337243401759266e-02,2.346041055718475071e-02
3.323558162267839511e-02,1.270772238514174084e-02,4.789833822091886517e-02,2.649071358748777971e-01
1.182795698924731242e-01,5.083088954056696335e-02,5.083088954056696335e-02,5.865102639296187678e-03
9.775171065493646130e-04,4.692082111436950143e-02,5.083088954056696335e-02,9.090909090909091161e-02
0.000000000000000000e+00,2.248289345063538697e-02,4.692082111436950143e-02,9.775171065493645783e-02
1.094819159335288367e-01,5.376344086021505458e-02,4.887585532746822892e-02,3.128054740957966762e-02
2.952101661779081287e-01,1.515151515151515194e-01,6.256109481915933523e-02,2.521994134897360684e-01
3.861192570869990126e-01,2.600195503421309784e-01,8.406647116324535152e-02,4.007820136852394827e-02
0.000000000000000000e+00,1.505376344086021556e-01,8.113391984359726028e-02,2.297165200391006745e-01
6.158357771260997149e-02,8.699902248289345663e-02,7.722385141739980530e-02,1.104594330400782004e-01
0.000000000000000000e+00,4.398826979472141019e-02,7.135874877810362282e-02,5.962854349951124400e-02
0.000000000000000000e+00,2.150537634408602322e-02,6.647116324535679022e-02,2.394916911045943397e-01
1.104594330400782004e-01,3.030303030303030387e-02,5.767350928641250957e-02,1.065493646138807454e-01
3.000977517106549475e-01,1.397849462365591267e-01,7.038123167155425908e-02,4.301075268817204644e-02
3.470185728250244628e-01,2.463343108504398860e-01,9.090909090909091161e-02,2.707722385141739796e-01
2.932551319648093839e-03,1.622678396871945206e-01,9.090909090909091161e-02,4.496578690127077393e-02
2.815249266862170363e-01,1.779081133919843682e-01,9.677419354838709409e-02,2.737047898338220708e-01
2.052785923753665601e-02,1.505376344086021556e-01,1.006842619745845491e-01,8.308895405669598777e-02
1.642228739002932481e-01,1.358748778103616717e-01,1.006842619745845491e-01,9.384164222873900285e-02
3.910068426197458452e-03,1.075268817204301092e-01,1.006842619745845491e-01,2.228739002932551283e-01
2.150537634408602322e-02,5.865102639296188025e-02,9.384164222873900285e-02,5.962854349951124400e-02
9.775171065493646130e-04,3.225806451612903136e-02,8.797653958944282038e-02,2.737047898338220708e-01
9.970674486803518533e-02,4.496578690127077393e-02,8.504398826979471526e-02,5.083088954056696335e-02
2.541544477028348167e-02,4.398826979472141019e-02,8.211143695014662403e-02,1.417399804496578819e-01
2.346041055718475210e-01,9.579667644183773034e-02,8.602150537634409289e-02,6.647116324535679022e-02
1.955034213098729226e-03,8.504398826979471526e-02,8.602150537634409289e-02,5.474095796676441833e-02
0.000000000000000000e+00,4.105571847507331201e-02,8.015640273704789653e-02,2.512218963831867047e-01
0.000000000000000000e+00,1.955034213098729226e-02,7.429130009775171406e-02,2.737047898338220916e-02
1.564027370478983381e-02,1.368523949169110458e-02,7.038123167155425908e-02,2.316715542521994020e-01
0.000000000000000000e+00,5.865102639296187678e-03,6.451612903225806273e-02,7.917888563049853279e-02
2.551319648093841597e-01,9.286412512218963911e-02,7.233626588465298657e-02,6.256109481915933523e-02
9.775171065493646130e-04,7.233626588465298657e-02,7.135874877810362282e-02,2.072336265884653084e-01
0.000000000000000000e+00,3.519061583577712954e-02,6.647116324535679022e-02,4.301075268817204644e-02
9.384164222873900285e-02,3.812316715542522078e-02,6.451612903225806273e-02,2.678396871945258884e-01
0.000000000000000000e+00,2.052785923753665601e-02,6.060606060606060774e-02,1.955034213098729226e-02
2.570869990224828872e-01,1.006842619745845491e-01,6.842619745845551771e-02,1.075268817204301092e-01
0.000000000000000000e+00,7.135874877810362282e-02,6.647116324535679022e-02,2.013685239491690981e-01
4.496578690127077393e-02,5.083088954056696335e-02,6.451612903225806273e-02,3.519061583577712954e-02
0.000000000000000000e+00,3.812316715542522078e-02,6.158357771260997149e-02,2.551319648093841597e-01
8.602150537634409289e-02,5.278592375366569084e-02,6.158357771260997149e-02,2.639296187683284542e-02
1.788856304985337320e-01,1.075268817204301092e-01,6.842619745845551771e-02,1.808406647116324595e-01
9.775171065493646130e-04,7.722385141739980530e-02,6.842619745845551771e-02,5.962854349951124400e-02
6.842619745845552291e-03,4.203323558162267576e-02,6.353861192570869898e-02,4.007820136852394827e-02
1.710654936461387943e-01,7.429130009775171406e-02,6.647116324535679022e-02,2.443792766373411585e-01
0.000000000000000000e+00,5.474095796676441833e-02,6.451612903225806273e-02,3.421309872922775885e-02
0.000000000000000000e+00,2.639296187683284542e-02,5.962854349951124400e-02,2.756598240469207983e-01
4.887585532746823065e-03,1.270772238514174084e-02,5.571847507331378208e-02,3.714565004887585703e-02
0.000000000000000000e+00,5.865102639296187678e-03,5.180840664711632709e-02,5.571847507331378208e-02
5.865102639296187678e-03,6.842619745845552291e-03,4.887585532746822892e-02,1.700879765395894305e-01
0.000000000000000000e+00,4.887585532746823065e-03,4.594330400782013768e-02,2.248289345063538697e-02
0.000000000000000000e+00,1.955034213098729226e-03,4.301075268817204644e-02,2.297165200391006745e-01
0.000000000000000000e+00,0.000000000000000000e+00,4.007820136852394827e-02,1.564027370478983381e-02
1.280547409579667617e-01,3.225806451612903136e-02,4.105571847507331201e-02,6.549364613880742647e-02
2.981427174975562200e-01,1.397849462365591267e-01,5.474095796676441833e-02,8.993157380254154787e-02
5.865102639296187678e-03,1.241446725317693067e-01,6.060606060606060774e-02,3.812316715542522078e-02
3.714565004887585703e-02,7.331378299120235031e-02,5.767350928641250957e-02,2.326490713587487658e-01
0.000000000000000000e+00,4.007820136852394827e-02,5.376344086021505458e-02,1.466275659824047006e-02
0.000000000000000000e+00,1.955034213098729226e-02,4.985337243401759266e-02,1.837732160312805507e-01
2.932551319648093839e-03,1.075268817204301161e-02,4.692082111436950143e-02,7.429130009775171406e-02
3.714565004887585703e-02,1.955034213098729226e-02,4.594330400782013768e-02,3.616813294232649328e-02
0.000000000000000000e+00,1.466275659824047006e-02,4.301075268817204644e-02,2.130987292277614908e-01
0.000000000000000000e+00,6.842619745845552291e-03,4.007820136852394827e-02,1.466275659824047006e-02
0.000000000000000000e+00,2.932551319648093839e-03,3.714565004887585703e-02,2.561094819159335234e-01
0.000000000000000000e+00,9.775171065493646130e-04,3.421309872922775885e-02,6.842619745845552291e-03
0.000000000000000000e+00,0.000000000000000000e+00,3.225806451612903136e-02,3.812316715542522078e-02
1.270772238514174084e-02,3.910068426197458452e-03,3.128054740957966762e-02,2.130987292277614908e-01
9.775171065493646130e-03,6.842619745845552291e-03,2.932551319648094013e-02,9.775171065493646130e-04
0.000000000000000000e+00,2.932551319648093839e-03,2.737047898338220916e-02,2.297165200391006745e-01
5.767350928641250957e-02,1.368523949169110458e-02,2.737047898338220916e-02,0.000000000000000000e+00
0.000000000000000000e+00,8.797653958944282385e-03,2.541544477028348167e-02,6.744868035190615396e-02
9.775171065493646130e-04,4.887585532746823065e-03,2.346041055718475071e-02,1.036168132942326542e-01
2.267839687194525833e-01,7.722385141739980530e-02,3.128054740957966762e-02,3.519061583577712954e-02
2.932551319648094013e-02,8.504398826979471526e-02,3.714565004887585703e-02,2.297165200391006745e-01
8.308895405669598777e-02,7.233626588465298657e-02,3.812316715542522078e-02,1.759530791788856477e-02
1.368523949169110458e-02,5.376344086021505458e-02,3.812316715542522078e-02,1.779081133919843682e-01
0.000000000000000000e+00,2.541544477028348167e-02,3.519061583577712954e-02,2.932551319648093839e-03
1.652003910068426118e-01,5.669599217986314582e-02,3.616813294232649328e-02,7.233626588465298657e-02
4.789833822091886517e-02,7.917888563049853279e-02,4.105571847507331201e-02,8.406647116324535152e-02
0.000000000000000000e+00,4.007820136852394827e-02,3.812316715542522078e-02,1.476050830889540644e-01
0.000000000000000000e+00,1.857282502443792851e-02,3.616813294232649328e-02,3.128054740957966762e-02
0.000000000000000000e+00,8.797653958944282385e-03,3.323558162267839511e-02,2.346041055718475210e-01
9.775171065493646130e-04,4.887585532746823065e-03,3.128054740957966762e-02,2.932551319648093839e-03
0.000000000000000000e+00,1.955034213098729226e-03,2.932551319648094013e-02,1.515151515151515194e-01
8.308895405669598777e-02,1.857282502443792851e-02,2.932551319648094013e-02,2.443792766373411446e-02
0.000000000000000000e+00,1.173020527859237536e-02,2.737047898338220916e-02,8.797653958944282385e-03
0.000000000000000000e+00,4.887585532746823065e-03,2.541544477028348167e-02,2.355816226783968848e-01
3.910068426197458452e-03,2.932551319648093839e-03,2.346041055718475071e-02,9.775171065493646130e-03
1.818181818181818232e-01,6.647116324535679022e-02,3.030303030303030387e-02,2.218963831867057646e-01
7.624633431085044155e-02,9.970674486803518533e-02,3.910068426197458452e-02,6.060606060606060774e-02
9.775171065493645783e-02,8.993157380254154787e-02,4.105571847507331201e-02,4.398826979472141019e-02
0.000000000000000000e+00,5.865102639296188025e-02,4.105571847507331201e-02,1.867057673509286420e-01
0.000000000000000000e+00,2.834799608993157291e-02,3.714565004887585703e-02,1.661779081133919755e-02
0.000000000000000000e+00,1.368523949169110458e-02,3.519061583577712954e-02,2.394916911045943397e-01
5.865102639296188025e-02,2.150537634408602322e-02,3.421309872922775885e-02,8.797653958944282385e-03
4.985337243401759266e-02,3.714565004887585703e-02,3.519061583577712954e-02,8.015640273704789653e-02
9.775171065493646130e-04,2.150537634408602322e-02,3.421309872922775885e-02,6.744868035190615396e-02
5.571847507331378208e-02,2.737047898338220916e-02,3.323558162267839511e-02,3.128054740957966762e-02
2.932551319648094013e-02,3.128054740957966762e-02,3.323558162267839511e-02,2.199413489736070371e-01
0.000000000000000000e+00,1.955034213098729226e-02,3.225806451612903136e-02,9.775171065493646130e-04
2.228739002932551283e-01,7.917888563049853279e-02,3.812316715542522078e-02,1.622678396871945206e-01
7.429130009775171406e-02,1.094819159335288367e-01,4.594330400782013768e-02,9.188660801564027536e-02
3.118279569892473124e-01,1.837732160312805507e-01,6.060606060606060774e-02,4.496578690127077393e-02
4.007820136852394827e-02,1.524926686217008831e-01,6.549364613880742647e-02,2.297165200391006745e-01
0.000000000000000000e+00,7.624633431085044155e-02,6.060606060606060774e-02,2.737047898338220916e-02
2.267839687194525833e-01,1.065493646138807454e-01,6.549364613880742647e-02,2.825024437927664001e-01
1.466275659824047006e-01,1.583577712609970656e-01,7.526881720430107781e-02,3.616813294232649328e-02
1.955034213098729226e-03,1.065493646138807454e-01,7.526881720430107781e-02,1.016617790811339267e-01
0.000000000000000000e+00,5.180840664711632709e-02,6.940371456500488145e-02,2.130987292277614908e-01
2.248289345063538697e-02,3.812316715542522078e-02,6.647116324535679022e-02,3.323558162267839511e-02
0.000000000000000000e+00,2.541544477028348167e-02,6.256109481915933523e-02,2.570869990224828872e-01
8.113391984359726028e-02,3.910068426197458452e-02,6.158357771260997149e-02,1.466275659824047006e-02
9.775171065493646130e-04,3.812316715542522078e-02,6.060606060606060774e-02,1.739980449657869133e-01
6.842619745845552291e-03,1.955034213098729226e-02,5.669599217986314582e-02,7.526881720430107781e-02
1.955034213098729226e-02,1.955034213098729226e-02,5.376344086021505458e-02,3.323558162267839511e-02
0.000000000000000000e+00,1.466275659824047006e-02,5.083088954056696335e-02,2.512218963831867047e-01
2.355816226783968848e-01,8.406647116324535152e-02,5.669599217986314582e-02,2.737047898338220916e-02
3.391984359726294973e-01,2.052785923753665809e-01,7.526881720430107781e-02,2.737047898338220708e-01
1.818181818181818232e-01,2.170087976539589458e-01,8.699902248289345663e-02,5.376344086021505458e-02
0.000000000000000000e+00,1.153470185728250191e-01,8.211143695014662403e-02,7.624633431085044155e-02
0.000000000000000000e+00,5.669599217986314582e-02,7.624633431085044155e-02,2.326490713587487658e-01
0.000000000000000000e+00,2.834799608993157291e-02,7.038123167155425908e-02,4.105571847507331201e-02
0.000000000000000000e+00,1.368523949169110458e-02,6.549364613880742647e-02,2.453567937438905222e-01
2.023460410557184619e-01,6.353861192570869898e-02,6.842619745845551771e-02,2.932551319648094013e-02
3.509286412512219178e-01,1.945259042033235519e-01,8.602150537634409289e-02,1.436950146627566094e-01
7.820136852394916904e-03,1.612903225806451568e-01,9.090909090909091161e-02,9.286412512218963911e-02
8.797653958944282038e-02,9.775171065493645783e-02,8.602150537634409289e-02,5.767350928641250957e-02
9.775171065493646130e-04,5.474095796676441833e-02,8.113391984359726028e-02,2.570869990224828872e-01
1.368523949169110458e-02,3.225806451612903136e-02,7.624633431085044155e-02,4.692082111436950143e-02
0.000000000000000000e+00,1.661779081133919755e-02,7.135874877810362282e-02,2.502443792766373409e-01
2.649071358748777971e-01,1.045943304007820179e-01,7.820136852394916904e-02,9.481915933528836660e-02
2.932551319648093839e-03,9.579667644183773034e-02,8.015640273704789653e-02,7.526881720430107781e-02
2.404692082111437035e-01,1.231671554252199430e-01,8.406647116324535152e-02,2.336265884652981295e-01
5.865102639296187678e-03,1.153470185728250191e-01,8.699902248289345663e-02,5.767350928641250957e-02
5.083088954056696335e-02,7.038123167155425908e-02,8.308895405669598777e-02,2.795698924731182533e-01
7.820136852394916904e-03,4.496578690127077393e-02,7.820136852394916904e-02,3.323558162267839511e-02
0.000000000000000000e+00,2.443792766373411446e-02,7.331378299120235031e-02,1.094819159335288367e-01
4.594330400782013768e-02,2.737047898338220916e-02,7.038123167155425908e-02,9.481915933528836660e-02
2.404692082111437035e-01,9.481915933528836660e-02,7.526881720430107781e-02,4.301075268817204644e-02
1.955034213098729226e-03,8.308895405669598777e-02,7.624633431085044155e-02,2.649071358748777971e-01
3.910068426197458452e-03,4.203323558162267576e-02,7.135874877810362282e-02,2.248289345063538697e-02
0.000000000000000000e+00,8.797653958944282385e-03,5.962854349951124400e-02,3.714565004887585703e-02
1.173020527859237536e-02,6.842619745845552291e-03,5.571847507331378208e-02,2.600195503421309784e-01
0.000000000000000000e+00,2.932551319648093839e-03,5.180840664711632709e-02,2.150537634408602322e-02
0.000000000000000000e+00,9.775171065493646130e-04,4.887585532746822892e-02,8.211143695014662403e-02
2.101661779081133996e-01,6.353861192570869898e-02,5.278592375366569084e-02,1.143695014662756554e-01
9.775171065493646130e-04,6.060606060606060774e-02,5.376344086021505458e-02,2.346041055718475071e-02
1.495601173020527919e-01,6.940371456500488145e-02,5.571847507331378208e-02,2.463343108504398860e-01
9.775171065493646130e-04,5.962854349951124400e-02,5.571847507331378208e-02,2.639296187683284542e-02
0.000000000000000000e+00,2.834799608993157291e-02,5.180840664711632709e-02,1.779081133919843682e-01
0.000000000000000000e+00,1.368523949169110458e-02,4.789833822091886517e-02,1.075268817204301092e-01
0.000000000000000000e+00,5.865102639296187678e-03,4.496578690127077393e-02,3.812316715542522078e-02
1.133919843597262916e-01,4.789833822091886517e-02,4.789833822091886517e-02,2.287390029325513108e-01
1.075268817204301161e-02,5.180840664711632709e-02,4.887585532746822892e-02,2.541544477028348167e-02
0.000000000000000000e+00,2.443792766373411446e-02,4.496578690127077393e-02,2.580645161290322509e-01
0.000000000000000000e+00,1.173020527859237536e-02,4.203323558162267576e-02,1.564027370478983381e-02
8.699902248289345663e-02,2.443792766373411446e-02,4.203323558162267576e-02,6.744868035190615396e-02
0.000000000000000000e+00,1.564027370478983381e-02,3.910068426197458452e-02,1.495601173020527919e-01
0.000000000000000000e+00,6.842619745845552291e-03,3.616813294232649328e-02,1.661779081133919755e-02
0.000000000000000000e+00,2.932551319648093839e-03,3.421309872922775885e-02,2.336265884652981295e-01
2.639296187683284542e-02,1.564027370478983381e-02,3.323558162267839511e-02,9.775171065493646130e-04
0.000000000000000000e+00,1.466275659824047006e-02,3.225806451612903136e-02,8.797653958944282038e-02
0.000000000000000000e+00,5.865102639296187678e-03,3.030303030303030387e-02,1.417399804496578819e-01
0.000000000000000000e+00,1.955034213098729226e-03,2.737047898338220916e-02,2.443792766373411446e-02
1.847507331378299145e-01,5.083088954056696335e-02,3.225806451612903136e-02,2.434017595307917947e-01
1.016617790811339267e-01,1.016617790811339267e-01,4.105571847507331201e-02,1.466275659824047006e-02
9.775171065493646130e-04,6.744868035190615396e-02,4.105571847507331201e-02,2.179863147605083096e-01
1.192570869990224880e-01,6.060606060606060774e-02,4.105571847507331201e-02,9.775171065493646130e-04
2.961876832844574925e-01,1.505376344086021556e-01,5.474095796676441833e-02,4.007820136852394827e-02
5.865102639296187678e-03,1.280547409579667617e-01,5.962854349951124400e-02,2.130987292277614908e-01
0.000000000000000000e+00,6.256109481915933523e-02,5.474095796676441833e-02,3.421309872922775885e-02
0.000000000000000000e+00,3.030303030303030387e-02,5.083088954056696335e-02,2.649071358748777971e-01
8.797653958944282038e-02,3.616813294232649328e-02,4.985337243401759266e-02,8.797653958944282385e-03
1.955034213098729226e-03,2.443792766373411446e-02,4.789833822091886517e-02,6.158357771260997149e-02
2.160312805474095821e-01,7.722385141739980530e-02,5.180840664711632709e-02,1.397849462365591267e-01
9.775171065493646130e-03,8.015640273704789653e-02,5.571847507331378208e-02,3.030303030303030387e-02
0.000000000000000000e+00,3.812316715542522078e-02,5.180840664711632709e-02,2.316715542521994020e-01
1.974584555229716432e-01,7.331378299120235031e-02,5.474095796676441833e-02,2.639296187683284542e-02
6.158357771260997149e-02,9.677419354838709409e-02,5.962854349951124400e-02,1.544477028347996106e-01
2.043010752688172171e-01,1.163245356793743829e-01,6.451612903225806273e-02,8.504398826979471526e-02
9.872922776148582158e-02,1.260997067448680342e-01,7.038123167155425908e-02,4.887585532746822892e-02
3.030303030303030387e-01,1.798631476050830957e-01,8.015640273704789653e-02,2.531769305962854322e-01
3.910068426197458452e-03,1.397849462365591267e-01,8.308895405669598777e-02,3.910068426197458452e-02
1.173020527859237536e-02,7.233626588465298657e-02,7.820136852394916904e-02,2.658846529814271609e-01
1.368523949169110458e-02,4.692082111436950143e-02,7.429130009775171406e-02,2.052785923753665601e-02
0.000000000000000000e+00,2.834799608993157291e-02,6.940371456500488145e-02,8.993157380254154787e-02
0.000000000000000000e+00,1.368523949169110458e-02,6.451612903225806273e-02,1.661779081133919755e-01
7.429130009775171406e-02,2.541544477028348167e-02,6.256109481915933523e-02,4.887585532746822892e-02
1.319648093841642167e-01,6.744868035190615396e-02,6.549364613880742647e-02,2.473118279569892497e-01
2.707722385141739796e-01,1.358748778103616717e-01,7.429130009775171406e-02,3.128054740957966762e-02
2.091886608015640359e-01,1.876832844574780057e-01,8.602150537634409289e-02,1.612903225806451568e-01
3.460410557184750990e-01,2.365591397849462485e-01,9.970674486803518533e-02,1.730205278592375495e-01
4.232649071358748905e-01,3.235581622678396774e-01,1.212121212121212155e-01,7.526881720430107781e-02
1.270772238514174084e-02,2.121212121212121271e-01,1.212121212121212155e-01,2.756598240469207983e-01
1.798631476050830957e-01,1.564027370478983381e-01,1.182795698924731242e-01,6.744868035190615396e-02
3.646138807429130102e-01,2.414467253176930672e-01,1.319648093841642167e-01,3.206256109481915861e-01
9.775171065493646130e-03,1.915933528836754607e-01,1.348973607038123079e-01,8.308895405669598777e-02
2.140762463343108546e-01,1.515151515151515194e-01,1.319648093841642167e-01,1.407624633431085182e-01
3.880742913000977401e-01,2.570869990224828872e-01,1.476050830889540644e-01,2.013685239491690981e-01
4.887585532746823065e-03,1.808406647116324595e-01,1.466275659824047006e-01,8.797653958944282038e-02
0.000000000000000000e+00,8.993157380254154787e-02,1.358748778103616717e-01,2.942326490713587650e-01
0.000000000000000000e+00,4.496578690127077393e-02,1.260997067448680342e-01,5.669599217986314582e-02
1.955034213098729226e-03,2.248289345063538697e-02,1.173020527859237605e-01,2.248289345063538558e-01
2.776148582600195258e-01,1.124144672531769279e-01,1.221896383186705792e-01,1.603128054740957931e-01
3.910068426197458452e-03,1.036168132942326542e-01,1.221896383186705792e-01,8.602150537634409289e-02
4.105571847507331201e-02,2.541544477028348167e-02,1.006842619745845491e-01,1.837732160312805507e-01
2.248289345063538697e-02,3.128054740957966762e-02,9.677419354838709409e-02,8.699902248289345663e-02
2.492668621700879772e-01,1.026392961876832904e-01,1.016617790811339267e-01,7.429130009775171406e-02
3.782991202346041026e-01,2.306940371456500383e-01,1.192570869990224880e-01,2.903225806451613100e-01
3.225806451612903136e-02,1.945259042033235519e-01,1.241446725317693067e-01,8.015640273704789653e-02
9.775171065493646130e-04,9.677419354838709409e-02,1.153470185728250191e-01,3.118279569892473124e-01
2.932551319648093839e-03,5.083088954056696335e-02,1.075268817204301092e-01,7.624633431085044155e-02
0.000000000000000000e+00,2.639296187683284542e-02,9.970674486803518533e-02,9.970674486803518533e-02
0.000000000000000000e+00,1.270772238514174084e-02,9.286412512218963911e-02,2.199413489736070371e-01
2.932551319648093839e-03,7.820136852394916904e-03,8.699902248289345663e-02,5.962854349951124400e-02
6.647116324535679022e-02,2.443792766373411446e-02,8.406647116324535152e-02,2.776148582600195258e-01
8.993157380254154787e-02,6.060606060606060774e-02,8.406647116324535152e-02,4.007820136852394827e-02
1.133919843597262916e-01,8.797653958944282038e-02,8.699902248289345663e-02,1.642228739002932481e-01
2.932551319648093839e-03,5.474095796676441833e-02,8.211143695014662403e-02,5.278592375366569084e-02
0.000000000000000000e+00,2.639296187683284542e-02,7.722385141739980530e-02,5.767350928641250957e-02
4.398826979472141019e-02,2.150537634408602322e-02,7.233626588465298657e-02,2.678396871945258884e-01
2.717497556207233433e-01,1.114369501466275642e-01,8.015640273704789653e-02,3.225806451612903136e-02
3.245356793743890411e-01,2.209188660801564008e-01,9.775171065493645783e-02,2.561094819159335234e-01
3.998044965786901050e-01,2.961876832844574925e-01,1.163245356793743829e-01,1.192570869990224880e-01
1.280547409579667617e-01,2.707722385141739796e-01,1.280547409579667617e-01,1.045943304007820179e-01
0.000000000000000000e+00,1.436950146627566094e-01,1.202346041055718517e-01,2.267839687194525833e-01
0.000000000000000000e+00,7.135874877810362282e-02,1.114369501466275642e-01,6.158357771260997149e-02
0.000000000000000000e+00,3.616813294232649328e-02,1.036168132942326542e-01,2.893450635386119463e-01
1.857282502443792851e-02,2.541544477028348167e-02,9.775171065493645783e-02,4.692082111436950143e-02
2.346041055718475210e-01,8.797653958944282038e-02,9.970674486803518533e-02,1.661779081133919755e-01
1.505376344086021556e-01,1.378299120234603992e-01,1.065493646138807454e-01,7.722385141739980530e-02
1.173020527859237536e-02,9.384164222873900285e-02,1.036168132942326542e-01,5.962854349951124400e-02
2.834799608993157291e-02,5.571847507331378208e-02,9.775171065493645783e-02,2.776148582600195258e-01
8.895405669599218412e-02,7.038123167155425908e-02,9.579667644183773034e-02,4.105571847507331201e-02
9.775171065493646130e-04,5.767350928641250957e-02,9.384164222873900285e-02,2.825024437927664001e-01
3.616813294232649328e-02,3.714565004887585703e-02,8.797653958944282038e-02,7.233626588465298657e-02
0.000000000000000000e+00,1.759530791788856477e-02,8.211143695014662403e-02,6.256109481915933523e-02
9.872922776148582158e-02,3.323558162267839511e-02,7.917888563049853279e-02,2.150537634408602183e-01
0.000000000000000000e+00,2.248289345063538697e-02,7.526881720430107781e-02,3.910068426197458452e-02
1.681329423264907030e-01,5.180840664711632709e-02,7.429130009775171406e-02,2.609970674486803421e-01
9.775171065493646130e-04,5.865102639296188025e-02,7.526881720430107781e-02,3.323558162267839511e-02
2.600195503421309784e-01,1.182795698924731242e-01,8.113391984359726028e-02,1.124144672531769279e-01
2.297165200391006745e-01,1.925708699902248244e-01,9.481915933528836660e-02,2.160312805474095821e-01
0.000000000000000000e+00,1.094819159335288367e-01,8.993157380254154787e-02,5.376344086021505458e-02
2.639296187683284542e-02,6.353861192570869898e-02,8.504398826979471526e-02,2.619745845552297059e-01
0.000000000000000000e+00,3.714565004887585703e-02,8.015640273704789653e-02,3.128054740957966762e-02
0.000000000000000000e+00,1.759530791788856477e-02,7.429130009775171406e-02,2.297165200391006745e-01
0.000000000000000000e+00,8.797653958944282385e-03,6.940371456500488145e-02,1.857282502443792851e-02
4.985337243401759266e-02,1.661779081133919755e-02,6.647116324535679022e-02,5.083088954056696335e-02
0.000000000000000000e+00,7.820136852394916904e-03,6.158357771260997149e-02,2.033235581622678534e-01
2.443792766373411446e-02,9.775171065493646130e-03,5.865102639296188025e-02,4.203323558162267576e-02
2.453567937438905222e-01,8.993157380254154787e-02,6.549364613880742647e-02,2.590420332355816146e-01
6.842619745845552291e-03,9.970674486803518533e-02,6.940371456500488145e-02,4.007820136852394827e-02
0.000000000000000000e+00,4.789833822091886517e-02,6.451612903225806273e-02,1.036168132942326542e-01
2.277614858260019470e-01,9.384164222873900285e-02,6.842619745845551771e-02,2.033235581622678534e-01
3.910068426197458452e-03,9.286412512218963911e-02,7.135874877810362282e-02,3.910068426197458452e-02
9.775171065493646130e-03,4.789833822091886517e-02,6.744868035190615396e-02,2.590420332355816146e-01
0.000000000000000000e+00,2.248289345063538697e-02,6.256109481915933523e-02,2.248289345063538697e-02
1.016617790811339267e-01,3.714565004887585703e-02,6.158357771260997149e-02,1.788856304985337320e-01
1.397849462365591267e-01,9.188660801564027536e-02,6.647116324535679022e-02,6.940371456500488145e-02
1.955034213098729226e-03,7.624633431085044155e-02,6.744868035190615396e-02,4.398826979472141019e-02
0.000000000000000000e+00,3.714565004887585703e-02,6.256109481915933523e-02,2.492668621700879772e-01
2.365591397849462485e-01,9.775171065493645783e-02,6.842619745845551771e-02,3.616813294232649328e-02
9.872922776148582158e-02,1.329423264907135804e-01,7.624633431085044155e-02,2.893450635386119463e-01
0.000000000000000000e+00,6.744868035190615396e-02,7.135874877810362282e-02,5.376344086021505458e-02
3.910068426197458452e-03,3.519061583577712954e-02,6.647116324535679022e-02,7.526881720430107781e-02
9.579667644183773034e-02,4.692082111436950143e-02,6.549364613880742647e-02,2.218963831867057646e-01
4.985337243401759266e-02,5.474095796676441833e-02,6.549364613880742647e-02,3.225806451612903136e-02
0.000000000000000000e+00,3.714565004887585703e-02,6.256109481915933523e-02,2.609970674486803421e-01
5.865102639296187678e-03,7.820136852394916904e-03,5.180840664711632709e-02,2.336265884652981295e-01
0.000000000000000000e+00,5.865102639296187678e-03,4.887585532746822892e-02,2.150537634408602322e-02
6.353861192570869898e-02,2.248289345063538697e-02,4.789833822091886517e-02,2.082111436950146721e-01
0.000000000000000000e+00,2.443792766373411446e-02,4.692082111436950143e-02,5.865102639296187678e-03
1.036168132942326542e-01,3.714565004887585703e-02,4.692082111436950143e-02,5.376344086021505458e-02
0.000000000000000000e+00,2.346041055718475071e-02,4.398826979472141019e-02,2.062561094819159446e-01
2.052785923753665809e-01,7.038123167155425908e-02,4.887585532746822892e-02,2.248289345063538697e-02
3.479960899315738265e-01,1.964809384164222794e-01,6.744868035190615396e-02,2.580645161290322509e-01
1.779081133919843682e-01,2.346041055718475210e-01,8.308895405669598777e-02,2.541544477028348167e-02
9.775171065493646130e-04,1.348973607038123079e-01,8.015640273704789653e-02,9.872922776148582158e-02
4.789833822091886517e-02,8.602150537634409289e-02,7.722385141739980530e-02,9.579667644183773034e-02
1.759530791788856477e-02,6.647116324535679022e-02,7.526881720430107781e-02,5.571847507331378208e-02
2.580645161290322509e-01,1.221896383186705792e-01,8.113391984359726028e-02,2.570869990224828872e-01
1.759530791788856477e-02,1.319648093841642167e-01,8.699902248289345663e-02,4.203323558162267576e-02
2.502443792766373409e-01,1.436950146627566094e-01,9.090909090909091161e-02,2.512218963831867047e-01
3.802541544477028301e-01,2.521994134897360684e-01,1.085043988269794729e-01,1.417399804496578819e-01
5.865102639296187678e-03,1.847507331378299145e-01,1.114369501466275642e-01,8.797653958944282038e-02
1.153470185728250191e-01,1.260997067448680342e-01,1.075268817204301092e-01,2.570869990224828872e-01
3.069403714565004937e-01,1.857282502443792782e-01,1.163245356793743829e-01,6.451612903225806273e-02
4.887585532746823065e-03,1.397849462365591267e-01,1.163245356793743829e-01,2.981427174975562200e-01
2.707722385141739796e-01,1.622678396871945206e-01,1.192570869990224880e-01,6.158357771260997149e-02
3.988269794721407413e-01,2.707722385141739796e-01,1.378299120234603992e-01,1.876832844574780057e-01
9.775171065493646130e-04,1.671554252199413393e-01,1.329423264907135804e-01,9.481915933528836660e-02
4.301075268817204644e-02,9.286412512218963911e-02,1.251221896383186705e-01,8.406647116324535152e-02
0.000000000000000000e+00,4.887585532746822892e-02,1.163245356793743829e-01,2.932551319648094013e-01
0.000000000000000000e+00,2.443792766373411446e-02,1.085043988269794729e-01,6.647116324535679022e-02
1.534701857282502468e-01,5.278592375366569084e-02,1.055718475073313817e-01,2.873900293255132188e-01
3.333333333333333148e-01,1.700879765395894305e-01,1.182795698924731242e-01,1.163245356793743829e-01
3.870967741935483764e-01,2.785923753665688896e-01,1.368523949169110354e-01,1.114369501466275642e-01
2.443792766373411446e-02,1.896383186705767332e-01,1.358748778103616717e-01,2.316715542521994020e-01
5.571847507331378208e-02,1.153470185728250191e-01,1.290322580645161255e-01,7.429130009775171406e-02
0.000000000000000000e+00,6.256109481915933523e-02,1.202346041055718517e-01,3.000977517106549475e-01
8.797653958944282385e-03,3.714565004887585703e-02,1.124144672531769279e-01,5.083088954056696335e-02
6.842619745845552291e-03,2.443792766373411446e-02,1.055718475073313817e-01,1.671554252199413393e-01
3.812316715542522078e-02,2.834799608993157291e-02,1.006842619745845491e-01,1.808406647116324595e-01
0.000000000000000000e+00,2.150537634408602322e-02,9.481915933528836660e-02,6.842619745845551771e-02
0.000000000000000000e+00,9.775171065493646130e-03,8.797653958944282038e-02,2.746823069403714346e-01
0.000000000000000000e+00,4.887585532746823065e-03,8.211143695014662403e-02,3.714565004887585703e-02
0.000000000000000000e+00,1.955034213098729226e-03,7.722385141739980530e-02,2.541544477028347959e-01
4.594330400782013768e-02,1.270772238514174084e-02,7.331378299120235031e-02,1.759530791788856477e-02
2.785923753665688896e-01,1.124144672531769279e-01,8.211143695014662403e-02,6.060606060606060774e-02
2.932551319648093839e-03,1.006842619745845491e-01,8.406647116324535152e-02,2.228739002932551283e-01
4.692082111436950143e-02,6.647116324535679022e-02,8.015640273704789653e-02,4.203323558162267576e-02
0.000000000000000000e+00,4.398826979472141019e-02,7.624633431085044155e-02,2.883675464320625825e-01
0.000000000000000000e+00,2.150537634408602322e-02,7.135874877810362282e-02,2.248289345063538697e-02
0.000000000000000000e+00,9.775171065493646130e-03,6.647116324535679022e-02,8.504398826979471526e-02
0.000000000000000000e+00,4.887585532746823065e-03,6.158357771260997149e-02,1.876832844574780057e-01
2.258064516129032195e-01,7.233626588465298657e-02,6.647116324535679022e-02,3.714565004887585703e-02
9.775171065493646130e-04,5.865102639296188025e-02,6.549364613880742647e-02,2.531769305962854322e-01
2.267839687194525833e-01,9.775171065493645783e-02,6.940371456500488145e-02,4.594330400782013768e-02
0.000000000000000000e+00,7.331378299120235031e-02,6.940371456500488145e-02,1.925708699902248244e-01
0.000000000000000000e+00,3.519061583577712954e-02,6.451612903225806273e-02,5.571847507331378208e-02
2.170087976539589458e-01,8.211143695014662403e-02,6.744868035190615396e-02,4.496578690127077393e-02
3.577712609970674640e-01,2.072336265884653084e-01,8.602150537634409289e-02,2.512218963831867047e-01
4.887585532746823065e-03,1.564027370478983381e-01,8.895405669599218412e-02,4.985337243401759266e-02
0.000000000000000000e+00,7.722385141739980530e-02,8.308895405669598777e-02,2.825024437927664001e-01
0.000000000000000000e+00,3.812316715542522078e-02,7.722385141739980530e-02,4.301075268817204644e-02
0.000000000000000000e+00,1.857282502443792851e-02,7.135874877810362282e-02,8.504398826979471526e-02
0.000000000000000000e+00,8.797653958944282385e-03,6.647116324535679022e-02,2.033235581622678534e-01
0.000000000000000000e+00,4.887585532746823065e-03,6.256109481915933523e-02,4.203323558162267576e-02
2.394916911045943397e-01,8.211143695014662403e-02,6.744868035190615396e-02,2.580645161290322509e-01
0.000000000000000000e+00,6.451612903225806273e-02,6.744868035190615396e-02,2.639296187683284542e-02
4.496578690127077393e-02,4.203323558162267576e-02,6.353861192570869898e-02,1.407624633431085182e-01
2.697947214076246158e-01,1.202346041055718517e-01,7.233626588465298657e-02,6.256109481915933523e-02
1.759530791788856477e-02,2.072336265884653084e-01,1.085043988269794729e-01,1.534701857282502468e-01
2.248289345063538697e-02,1.143695014662756554e-01,1.026392961876832904e-01,9.677419354838709409e-02
0.000000000000000000e+00,6.744868035190615396e-02,9.677419354838709409e-02,2.453567937438905222e-01
2.717497556207233433e-01,1.300097751710654892e-01,1.026392961876832904e-01,5.278592375366569084e-02
3.743890518084066477e-01,2.463343108504398860e-01,1.202346041055718517e-01,2.942326490713587650e-01
1.368523949169110458e-02,1.700879765395894305e-01,1.202346041055718517e-01,5.669599217986314582e-02
0.000000000000000000e+00,8.504398826979471526e-02,1.114369501466275642e-01,2.033235581622678534e-01
2.541544477028347959e-01,1.241446725317693067e-01,1.133919843597262916e-01,1.104594330400782004e-01
0.000000000000000000e+00,8.699902248289345663e-02,1.094819159335288367e-01,6.549364613880742647e-02
0.000000000000000000e+00,4.301075268817204644e-02,1.026392961876832904e-01,2.766373411534701621e-01
7.429130009775171406e-02,4.594330400782013768e-02,9.775171065493645783e-02,5.083088954056696335e-02
7.820136852394916904e-03,4.692082111436950143e-02,9.481915933528836660e-02,2.903225806451613100e-01
0.000000000000000000e+00,2.346041055718475071e-02,8.895405669599218412e-02,7.135874877810362282e-02
0.000000000000000000e+00,1.173020527859237536e-02,8.211143695014662403e-02,7.722385141739980530e-02
1.260997067448680342e-01,3.910068426197458452e-02,8.113391984359726028e-02,2.287390029325513108e-01
0.000000000000000000e+00,3.421309872922775885e-02,7.820136852394916904e-02,4.105571847507331201e-02
2.834799608993157291e-02,3.225806451612903136e-02,7.429130009775171406e-02,2.580645161290322509e-01
0.000000000000000000e+00,2.443792766373411446e-02,7.135874877810362282e-02,3.030303030303030387e-02
1.955034213098729226e-02,1.857282502443792851e-02,6.647116324535679022e-02,1.124144672531769279e-01
0.000000000000000000e+00,1.173020527859237536e-02,6.256109481915933523e-02,7.331378299120235031e-02
0.000000000000000000e+00,4.887585532746823065e-03,5.865102639296188025e-02,3.616813294232649328e-02
0.000000000000000000e+00,1.955034213098729226e-03,5.474095796676441833e-02,2.453567937438905222e-01
0.000000000000000000e+00,0.000000000000000000e+00,5.083088954056696335e-02,1.857282502443792851e-02
9.188660801564027536e-02,2.052785923753665601e-02,4.985337243401759266e-02,1.955034213098729157e-01
0.000000000000000000e+00,1.075268817204301161e-02,4.692082111436950143e-02,8.699902248289345663e-02
1.564027370478983381e-01,4.496578690127077393e-02,4.789833822091886517e-02,3.616813294232649328e-02
1.495601173020527919e-01,1.075268817204301092e-01,5.669599217986314582e-02,2.121212121212121271e-01
2.932551319648093839e-03,7.820136852394916904e-02,5.767350928641250957e-02,4.007820136852394827e-02
0.000000000000000000e+00,3.812316715542522078e-02,5.278592375366569084e-02,2.649071358748777971e-01
2.482893450635386134e-01,1.026392961876832904e-01,6.060606060606060774e-02,2.541544477028348167e-02
1.749755620723362770e-01,1.671554252199413393e-01,7.233626588465298657e-02,9.090909090909091161e-02
7.233626588465298657e-02,1.260997067448680342e-01,7.429130009775171406e-02,1.436950146627566094e-01
0.000000000000000000e+00,7.038123167155425908e-02,7.038123167155425908e-02,5.376344086021505458e-02
2.649071358748777971e-01,1.280547409579667617e-01,7.722385141739980530e-02,2.658846529814271609e-01
0.000000000000000000e+00,8.602150537634409289e-02,7.526881720430107781e-02,2.346041055718475071e-02
5.278592375366569084e-02,5.571847507331378208e-02,7.233626588465298657e-02,1.642228739002932481e-01
0.000000000000000000e+00,3.519061583577712954e-02,6.842619745845551771e-02,1.358748778103616717e-01
0.000000000000000000e+00,1.759530791788856477e-02,6.353861192570869898e-02,4.301075268817204644e-02
1.964809384164222794e-01,6.256109481915933523e-02,6.549364613880742647e-02,2.414467253176930672e-01
8.797653958944282385e-03,6.647116324535679022e-02,6.647116324535679022e-02,2.932551319648094013e-02
1.133919843597262916e-01,6.647116324535679022e-02,6.647116324535679022e-02,2.688172043010752521e-01
0.000000000000000000e+00,5.278592375366569084e-02,6.549364613880742647e-02,3.030303030303030387e-02
0.000000000000000000e+00,2.541544477028348167e-02,6.060606060606060774e-02,5.669599217986314582e-02
9.579667644183773034e-02,3.616813294232649328e-02,5.962854349951124400e-02,1.867057673509286420e-01
0.000000000000000000e+00,2.834799608993157291e-02,5.669599217986314582e-02,3.128054740957966762e-02
1.739980449657869133e-01,7.135874877810362282e-02,6.060606060606060774e-02,2.512218963831867047e-01
4.985337243401759266e-02,8.504398826979471526e-02,6.353861192570869898e-02,1.564027370478983381e-02
2.609970674486803421e-01,1.329423264907135804e-01,7.038123167155425908e-02,1.085043988269794729e-01
1.319648093841642167e-01,1.700879765395894305e-01,8.113391984359726028e-02,1.534701857282502468e-01
7.135874877810362282e-02,1.221896383186705792e-01,8.113391984359726028e-02,4.301075268817204644e-02
9.775171065493646130e-04,7.038123167155425908e-02,7.624633431085044155e-02,2.561094819159335234e-01
9.188660801564027536e-02,5.669599217986314582e-02,7.429130009775171406e-02,4.985337243401759266e-02
6.842619745845552291e-03,3.910068426197458452e-02,7.038123167155425908e-02,2.463343108504398860e-01
0.000000000000000000e+00,1.955034213098729226e-02,6.549364613880742647e-02,1.759530791788856477e-02
0.000000000000000000e+00,9.775171065493646130e-03,6.158357771260997149e-02,7.135874877810362282e-02
5.278592375366569084e-02,2.737047898338220916e-02,5.962854349951124400e-02,2.238514173998044920e-01
2.668621700879765246e-01,1.153470185728250191e-01,6.940371456500488145e-02,3.225806451612903136e-02
2.003910068426197344e-01,1.769305962854350045e-01,8.113391984359726028e-02,2.668621700879765246e-01
1.075268817204301161e-02,1.251221896383186705e-01,8.211143695014662403e-02,3.128054740957966762e-02
0.000000000000000000e+00,6.158357771260997149e-02,7.624633431085044155e-02,1.163245356793743829e-01
0.000000000000000000e+00,3.030303030303030387e-02,7.038123167155425908e-02,7.038123167155425908e-02
0.000000000000000000e+00,1.466275659824047006e-02,6.549364613880742647e-02,4.789833822091886517e-02
2.424242424242424310e-01,8.797653958944282038e-02,7.135874877810362282e-02,2.502443792766373409e-01
1.173020527859237536e-02,7.820136852394916904e-02,7.233626588465298657e-02,3.225806451612903136e-02
5.083088954056696335e-02,3.714565004887585703e-02,6.353861192570869898e-02,5.376344086021505458e-02
9.970674486803518533e-02,5.669599217986314582e-02,6.451612903225806273e-02,2.678396871945258884e-01
0.000000000000000000e+00,2.737047898338220916e-02,6.060606060606060774e-02,2.639296187683284542e-02
1.515151515151515194e-01,5.083088954056696335e-02,6.060606060606060774e-02,1.133919843597262916e-01
3.313782991202345873e-01,1.749755620723362770e-01,7.624633431085044155e-02,8.895405669599218412e-02
1.329423264907135804e-01,2.062561094819159446e-01,8.895405669599218412e-02,5.474095796676441833e-02
9.775171065493646130e-04,1.173020527859237605e-01,8.504398826979471526e-02,2.727272727272727071e-01
6.842619745845551771e-02,9.188660801564027536e-02,8.308895405669598777e-02,4.301075268817204644e-02
9.775171065493646130e-04,6.549364613880742647e-02,8.113391984359726028e-02,2.678396871945258884e-01
0.000000000000000000e+00,3.225806451612903136e-02,7.526881720430107781e-02,8.504398826979471526e-02
1.270772238514174084e-02,2.443792766373411446e-02,7.135874877810362282e-02,6.647116324535679022e-02
0.000000000000000000e+00,1.466275659824047006e-02,6.647116324535679022e-02,2.365591397849462485e-01
5.474095796676441833e-02,2.639296187683284542e-02,6.451612903225806273e-02,2.737047898338220916e-02
9.775171065493646130e-04,2.737047898338220916e-02,6.256109481915933523e-02,2.776148582600195258e-01
7.820136852394916904e-03,1.466275659824047006e-02,5.865102639296188025e-02,1.955034213098729226e-02
2.609970674486803421e-01,1.016617790811339267e-01,6.647116324535679022e-02,9.579667644183773034e-02
1.124144672531769279e-01,1.436950146627566094e-01,7.624633431085044155e-02,1.270772238514173980e-01
2.932551319648093839e-03,8.015640273704789653e-02,7.233626588465298657e-02,3.519061583577712954e-02
0.000000000000000000e+00,4.007820136852394827e-02,6.647116324535679022e-02,2.629521016617790696e-01
0.000000000000000000e+00,1.857282502443792851e-02,6.256109481915933523e-02,2.932551319648094013e-02
1.173020527859237536e-02,1.368523949169110458e-02,5.865102639296188025e-02,1.798631476050830957e-01
1.456500488758553369e-01,5.278592375366569084e-02,6.060606060606060774e-02,1.143695014662756554e-01
1.573802541544477018e-01,1.036168132942326542e-01,6.647116324535679022e-02,3.812316715542522078e-02
2.785923753665688896e-01,1.564027370478983381e-01,7.624633431085044155e-02,2.414467253176930672e-01
8.797653958944282385e-03,1.300097751710654892e-01,7.917888563049853279e-02,4.496578690127077393e-02
2.541544477028348167e-02,7.624633431085044155e-02,7.526881720430107781e-02,2.639296187683284334e-01
0.000000000000000000e+00,4.301075268817204644e-02,7.135874877810362282e-02,3.812316715542522078e-02
8.797653958944282385e-03,2.346041055718475071e-02,6.647116324535679022e-02,9.481915933528836660e-02
1.955034213098729226e-02,2.443792766373411446e-02,6.353861192570869898e-02,1.515151515151515194e-01
7.429130009775171406e-02,4.105571847507331201e-02,6.256109481915933523e-02,4.594330400782013768e-02
2.776148582600195258e-01,1.251221896383186705e-01,7.233626588465298657e-02,2.590420332355816146e-01
5.865102639296187678e-03,1.173020527859237605e-01,7.624633431085044155e-02,2.541544477028348167e-02
2.189638318670576733e-01,1.192570869990224880e-01,7.820136852394916904e-02,1.681329423264907030e-01
3.695014662756598289e-01,2.326490713587487658e-01,9.677419354838709409e-02,1.544477028347996106e-01
3.108504398826979487e-01,2.873900293255132188e-01,1.143695014662756554e-01,8.699902248289345663e-02
4.007820136852394688e-01,3.216031280547409499e-01,1.300097751710654892e-01,2.756598240469207983e-01
6.842619745845552291e-03,2.248289345063538558e-01,1.319648093841642167e-01,7.526881720430107781e-02
2.346041055718475210e-01,1.798631476050830957e-01,1.309872922776148529e-01,3.069403714565004937e-01
9.579667644183773034e-02,1.896383186705767332e-01,1.368523949169110354e-01,7.135874877810362282e-02
3.196480938416422224e-01,2.160312805474095821e-01,1.427174975562072456e-01,1.544477028347996106e-01
0.000000000000000000e+00,1.300097751710654892e-01,1.368523949169110354e-01,1.671554252199413393e-01
8.993157380254154787e-02,8.504398826979471526e-02,1.290322580645161255e-01,9.090909090909091161e-02
0.000000000000000000e+00,4.692082111436950143e-02,1.212121212121212155e-01,3.000977517106549475e-01
0.000000000000000000e+00,2.346041055718475071e-02,1.124144672531769279e-01,5.571847507331378208e-02
0.000000000000000000e+00,1.173020527859237536e-02,1.045943304007820179e-01,2.492668621700879772e-01
7.429130009775171406e-02,3.910068426197458452e-02,1.016617790811339267e-01,4.692082111436950143e-02
3.714565004887585703e-02,5.083088954056696335e-02,9.970674486803518533e-02,7.331378299120235031e-02
0.000000000000000000e+00,2.346041055718475071e-02,9.188660801564027536e-02,2.414467253176930672e-01
0.000000000000000000e+00,1.075268817204301161e-02,8.602150537634409289e-02,5.669599217986314582e-02
0.000000000000000000e+00,4.887585532746823065e-03,8.015640273704789653e-02,2.737047898338220708e-01
1.955034213098729226e-03,2.932551319648093839e-03,7.429130009775171406e-02,2.541544477028348167e-02
0.000000000000000000e+00,1.955034213098729226e-03,6.940371456500488145e-02,9.579667644183773034e-02
8.015640273704789653e-02,1.857282502443792851e-02,6.744868035190615396e-02,2.062561094819159446e-01
1.759530791788856408e-01,8.211143695014662403e-02,7.233626588465298657e-02,3.714565004887585703e-02
2.932551319648093839e-03,7.820136852394916904e-02,7.331378299120235031e-02,2.668621700879765246e-01
2.688172043010752521e-01,1.329423264907135804e-01,8.015640273704789653e-02,3.616813294232649328e-02
0.000000000000000000e+00,8.211143695014662403e-02,7.820136852394916904e-02,1.759530791788856408e-01
2.336265884652981295e-01,1.114369501466275642e-01,8.113391984359726028e-02,5.278592375366569084e-02
9.775171065493646130e-04,8.504398826979471526e-02,8.015640273704789653e-02,4.105571847507331201e-02
0.000000000000000000e+00,4.105571847507331201e-02,7.526881720430107781e-02,2.668621700879765246e-01
2.385141739980449760e-01,9.677419354838709409e-02,7.917888563049853279e-02,3.128054740957966762e-02
9.775171065493646130e-04,7.233626588465298657e-02,7.820136852394916904e-02,2.609970674486803421e-01
0.000000000000000000e+00,3.519061583577712954e-02,7.233626588465298657e-02,1.857282502443792851e-02
4.887585532746823065e-03,1.857282502443792851e-02,6.744868035190615396e-02,5.669599217986314582e-02
0.000000000000000000e+00,4.887585532746823065e-03,5.669599217986314582e-02,1.348973607038123079e-01
0.000000000000000000e+00,1.955034213098729226e-03,5.278592375366569084e-02,4.301075268817204644e-02
1.290322580645161255e-01,3.519061583577712954e-02,5.376344086021505458e-02,3.519061583577712954e-02
0.000000000000000000e+00,3.128054740957966762e-02,5.278592375366569084e-02,2.482893450635386134e-01
2.639296187683284542e-02,2.443792766373411446e-02,4.985337243401759266e-02,1.173020527859237536e-02
1.955034213098729226e-03,2.346041055718475071e-02,4.789833822091886517e-02,2.121212121212121271e-01
2.463343108504398860e-01,9.579667644183773034e-02,5.571847507331378208e-02,8.308895405669598777e-02
3.910068426197458452e-03,9.384164222873900285e-02,5.962854349951124400e-02,5.180840664711632709e-02
0.000000000000000000e+00,4.594330400782013768e-02,5.571847507331378208e-02,2.101661779081133996e-01
1.173020527859237536e-02,2.932551319648094013e-02,5.278592375366569084e-02,2.541544477028348167e-02
4.887585532746823065e-03,1.955034213098729226e-02,4.985337243401759266e-02,2.531769305962854322e-01
2.473118279569892497e-01,9.481915933528836660e-02,5.669599217986314582e-02,2.052785923753665601e-02
1.964809384164222794e-01,1.759530791788856408e-01,7.135874877810362282e-02,9.384164222873900285e-02
9.775171065493646130e-04,1.055718475073313817e-01,6.940371456500488145e-02,2.043010752688172171e-01
2.434017595307917947e-01,1.280547409579667617e-01,7.429130009775171406e-02,4.105571847507331201e-02
3.734115347018572839e-01,2.404692082111437035e-01,9.384164222873900285e-02,2.766373411534701621e-01
6.842619745845552291e-03,1.652003910068426118e-01,9.481915933528836660e-02,3.421309872922775885e-02
0.000000000000000000e+00,8.113391984359726028e-02,8.699902248289345663e-02,2.062561094819159446e-01
0.000000000000000000e+00,4.007820136852394827e-02,8.113391984359726028e-02,1.075268817204301092e-01
0.000000000000000000e+00,1.955034213098729226e-02,7.526881720430107781e-02,3.910068426197458452e-02
0.000000000000000000e+00,9.775171065493646130e-03,7.038123167155425908e-02,2.414467253176930672e-01
7.135874877810362282e-02,2.248289345063538697e-02,6.744868035190615396e-02,2.346041055718475071e-02
0.000000000000000000e+00,1.564027370478983381e-02,6.353861192570869898e-02,2.678396871945258884e-01
0.000000000000000000e+00,6.842619745845552291e-03,5.962854349951124400e-02,2.248289345063538697e-02
2.072336265884653084e-01,6.451612903225806273e-02,6.256109481915933523e-02,8.308895405669598777e-02
3.509286412512219178e-01,1.955034213098729157e-01,8.113391984359726028e-02,2.297165200391006745e-01
6.647116324535679022e-02,1.720430107526881858e-01,8.699902248289345663e-02,5.474095796676441833e-02
5.669599217986314582e-02,1.163245356793743829e-01,8.504398826979471526e-02,2.688172043010752521e-01
3.313782991202345873e-01,2.013685239491690981e-01,9.775171065493645783e-02,4.789833822091886517e-02
1.955034213098729226e-02,1.524926686217008831e-01,9.970674486803518533e-02,1.739980449657869133e-01
4.007820136852394827e-02,9.188660801564027536e-02,9.481915933528836660e-02,1.016617790811339267e-01
0.000000000000000000e+00,4.985337243401759266e-02,8.895405669599218412e-02,5.669599217986314582e-02
3.714565004887585703e-02,4.301075268817204644e-02,8.504398826979471526e-02,2.619745845552297059e-01
0.000000000000000000e+00,3.323558162267839511e-02,8.113391984359726028e-02,4.398826979472141019e-02
9.775171065493646130e-04,1.661779081133919755e-02,7.526881720430107781e-02,2.707722385141739796e-01
4.692082111436950143e-02,2.639296187683284542e-02,7.331378299120235031e-02,5.571847507331378208e-02
4.594330400782013768e-02,3.910068426197458452e-02,7.135874877810362282e-02,8.015640273704789653e-02
4.301075268817204644e-02,4.007820136852394827e-02,6.940371456500488145e-02,2.228739002932551283e-01
1.280547409579667617e-01,6.940371456500488145e-02,7.135874877810362282e-02,3.519061583577712954e-02
3.088954056695992212e-01,1.622678396871945206e-01,8.308895405669598777e-02,2.619745845552297059e-01
3.978494623655913776e-01,2.727272727272727071e-01,1.036168132942326542e-01,4.985337243401759266e-02
3.079178885630498574e-01,3.059628543499511300e-01,1.212121212121212155e-01,1.915933528836754607e-01
4.066471163245357068e-01,3.323558162267839511e-01,1.368523949169110354e-01,1.358748778103616717e-01
4.604105571847507128e-01,3.919843597262951951e-01,1.583577712609970656e-01,1.085043988269794729e-01
4.926686217008797719e-01,4.389051808406647104e-01,1.808406647116324595e-01,3.294232649071358598e-01
1.260997067448680342e-01,3.440860215053763715e-01,1.876832844574780057e-01,1.212121212121212155e-01
1.671554252199413393e-01,2.385141739980449760e-01,1.837732160312805507e-01,3.538611925708700090e-01
3.548387096774193727e-01,2.639296187683284334e-01,1.896383186705767332e-01,1.290322580645161255e-01
4.574780058651026216e-01,3.558162267839687365e-01,2.072336265884653084e-01,1.798631476050830957e-01
1.173020527859237536e-02,2.570869990224828872e-01,2.062561094819159446e-01,3.000977517106549475e-01
1.524926686217008831e-01,1.632453567937438843e-01,1.955034213098729157e-01,1.241446725317693067e-01
3.655913978494623739e-01,2.346041055718475210e-01,2.013685239491690981e-01,3.558162267839687365e-01
7.820136852394916904e-03,1.818181818181818232e-01,1.984359726295210069e-01,1.182795698924731242e-01
2.932551319648093839e-03,9.188660801564027536e-02,1.847507331378299145e-01,3.147605083088954037e-01
3.616813294232649328e-02,6.060606060606060774e-02,1.739980449657869133e-01,8.797653958944282038e-02
0.000000000000000000e+00,3.519061583577712954e-02,1.622678396871945206e-01,1.212121212121212155e-01
0.000000000000000000e+00,1.759530791788856477e-02,1.505376344086021556e-01,2.815249266862170363e-01
5.474095796676441833e-02,2.052785923753665601e-02,1.417399804496578819e-01,9.579667644183773034e-02
4.789833822091886517e-02,3.519061583577712954e-02,1.358748778103616717e-01,3.069403714565004937e-01
4.887585532746823065e-03,3.128054740957966762e-02,1.280547409579667617e-01,6.744868035190615396e-02
1.632453567937438843e-01,6.451612903225806273e-02,1.260997067448680342e-01,1.182795698924731242e-01
2.639296187683284334e-01,1.485826001955034281e-01,1.329423264907135804e-01,1.886608015640273694e-01
1.104594330400782004e-01,1.515151515151515194e-01,1.348973607038123079e-01,8.602150537634409289e-02
0.000000000000000000e+00,7.526881720430107781e-02,1.260997067448680342e-01,2.883675464320625825e-01
2.316715542521994020e-01,8.015640273704789653e-02,1.114369501466275642e-01,1.104594330400782004e-01
3.724340175953079202e-01,2.160312805474095821e-01,1.280547409579667617e-01,8.113391984359726028e-02
7.820136852394916904e-03,1.720430107526881858e-01,1.300097751710654892e-01,3.069403714565004937e-01
8.406647116324535152e-02,1.055718475073313817e-01,1.241446725317693067e-01,5.767350928641250957e-02
4.887585532746823065e-03,6.940371456500488145e-02,1.182795698924731242e-01,2.805474095796676171e-01
2.541544477028347959e-01,1.163245356793743829e-01,1.202346041055718517e-01,5.083088954056696335e-02
6.842619745845552291e-03,9.384164222873900285e-02,1.173020527859237605e-01,8.406647116324535152e-02
2.443792766373411585e-01,1.212121212121212155e-01,1.182795698924731242e-01,2.394916911045943397e-01
2.541544477028347959e-01,2.023460410557184619e-01,1.300097751710654892e-01,7.331378299120235031e-02
2.834799608993157291e-02,1.622678396871945206e-01,1.309872922776148529e-01,3.010752688172043112e-01
1.368523949169110458e-02,8.895405669599218412e-02,1.231671554252199430e-01,6.353861192570869898e-02
2.834799608993157638e-01,1.456500488758553369e-01,1.280547409579667617e-01,1.749755620723362770e-01
7.331378299120235031e-02,1.456500488758553369e-01,1.300097751710654892e-01,2.111436950146627634e-01
0.000000000000000000e+00,7.038123167155425908e-02,1.212121212121212155e-01,5.962854349951124400e-02
0.000000000000000000e+00,3.519061583577712954e-02,1.124144672531769279e-01,2.922776148582600375e-01
5.962854349951124400e-02,3.323558162267839511e-02,1.065493646138807454e-01,4.985337243401759266e-02
6.842619745845552291e-03,2.639296187683284542e-02,1.006842619745845491e-01,2.864125122189638550e-01
0.000000000000000000e+00,1.466275659824047006e-02,9.384164222873900285e-02,4.203323558162267576e-02
8.406647116324535152e-02,3.519061583577712954e-02,9.090909090909091161e-02,7.722385141739980530e-02
2.707722385141739796e-01,1.221896383186705792e-01,9.872922776148582158e-02,2.218963831867057646e-01
9.775171065493646130e-04,9.384164222873900285e-02,9.775171065493645783e-02,5.278592375366569084e-02
0.000000000000000000e+00,4.594330400782013768e-02,9.090909090909091161e-02,2.619745845552297059e-01
0.000000000000000000e+00,2.248289345063538697e-02,8.504398826979471526e-02,2.737047898338220916e-02
1.564027370478983381e-02,1.564027370478983381e-02,7.917888563049853279e-02,9.970674486803518533e-02
2.238514173998044920e-01,7.624633431085044155e-02,8.308895405669598777e-02,1.544477028347996106e-01
1.955034213098729226e-03,7.820136852394916904e-02,8.308895405669598777e-02,5.474095796676441833e-02
0.000000000000000000e+00,3.714565004887585703e-02,7.820136852394916904e-02,2.502443792766373409e-01
0.000000000000000000e+00,1.759530791788856477e-02,7.233626588465298657e-02,3.519061583577712954e-02
2.199413489736070371e-01,7.429130009775171406e-02,7.526881720430107781e-02,2.218963831867057646e-01
0.000000000000000000e+00,5.571847507331378208e-02,7.331378299120235031e-02,2.052785923753665601e-02
7.135874877810362282e-02,4.398826979472141019e-02,7.038123167155425908e-02,7.429130009775171406e-02
0.000000000000000000e+00,2.737047898338220916e-02,6.647116324535679022e-02,2.385141739980449760e-01
0.000000000000000000e+00,1.270772238514174084e-02,6.158357771260997149e-02,3.812316715542522078e-02
1.143695014662756554e-01,3.421309872922775885e-02,6.158357771260997149e-02,2.639296187683284334e-01
0.000000000000000000e+00,2.150537634408602322e-02,5.767350928641250957e-02,1.368523949169110458e-02
1.886608015640273694e-01,5.962854349951124400e-02,5.962854349951124400e-02,8.015640273704789653e-02
3.460410557184750990e-01,1.896383186705767332e-01,7.722385141739980530e-02,1.358748778103616717e-01
3.616813294232649328e-02,1.837732160312805507e-01,8.602150537634409289e-02,4.496578690127077393e-02
0.000000000000000000e+00,9.286412512218963911e-02,8.015640273704789653e-02,2.678396871945258884e-01
0.000000000000000000e+00,4.594330400782013768e-02,7.526881720430107781e-02,3.421309872922775885e-02
0.000000000000000000e+00,2.248289345063538697e-02,6.940371456500488145e-02,1.808406647116324595e-01
0.000000000000000000e+00,1.075268817204301161e-02,6.451612903225806273e-02,1.094819159335288367e-01
1.368523949169110458e-02,1.173020527859237536e-02,6.158357771260997149e-02,3.910068426197458452e-02
4.594330400782013768e-02,2.541544477028348167e-02,5.962854349951124400e-02,2.551319648093841597e-01
0.000000000000000000e+00,1.564027370478983381e-02,5.571847507331378208e-02,2.150537634408602322e-02
0.000000000000000000e+00,6.842619745845552291e-03,5.278592375366569084e-02,2.502443792766373409e-01
0.000000000000000000e+00,2.932551319648093839e-03,4.887585532746822892e-02,3.910068426197458452e-03
0.000000000000000000e+00,9.775171065493646130e-04,4.594330400782013768e-02,4.007820136852394827e-02
0.000000000000000000e+00,0.000000000000000000e+00,4.203323558162267576e-02,1.906158357771260969e-01
5.376344086021505458e-02,9.775171065493646130e-03,4.105571847507331201e-02,2.052785923753665601e-02
0.000000000000000000e+00,4.887585532746823065e-03,3.812316715542522078e-02,2.277614858260019470e-01
0.000000000000000000e+00,1.955034213098729226e-03,3.519061583577712954e-02,1.075268817204301161e-02
1.955034213098729157e-01,5.571847507331378208e-02,4.007820136852394827e-02,8.504398826979471526e-02
0.000000000000000000e+00,4.985337243401759266e-02,4.105571847507331201e-02,1.603128054740957931e-01
0.000000000000000000e+00,2.346041055718475071e-02,3.812316715542522078e-02,2.052785923753665601e-02
0.000000000000000000e+00,1.075268817204301161e-02,3.519061583577712954e-02,2.316715542521994020e-01
0.000000000000000000e+00,4.887585532746823065e-03,3.225806451612903136e-02,2.150537634408602322e-02
8.308895405669598777e-02,2.248289345063538697e-02,3.323558162267839511e-02,1.642228739002932481e-01
4.105571847507331201e-02,3.910068426197458452e-02,3.421309872922775885e-02,3.030303030303030387e-02
5.865102639296187678e-03,3.030303030303030387e-02,3.421309872922775885e-02,2.248289345063538697e-02
0.000000000000000000e+00,1.564027370478983381e-02,3.128054740957966762e-02,2.238514173998044920e-01
6.647116324535679022e-02,3.225806451612903136e-02,3.225806451612903136e-02,1.075268817204301161e-02
9.775171065493646130e-04,3.616813294232649328e-02,3.421309872922775885e-02,2.570869990224828872e-01
0.000000000000000000e+00,1.661779081133919755e-02,3.128054740957966762e-02,2.932551319648094013e-02
1.994134897360703707e-01,6.256109481915933523e-02,3.323558162267839511e-02,1.857282502443792851e-02
4.887585532746823065e-03,7.917888563049853279e-02,3.910068426197458452e-02,1.915933528836754607e-01
1.857282502443792851e-02,4.203323558162267576e-02,3.616813294232649328e-02,3.128054740957966762e-02
0.000000000000000000e+00,1.955034213098729226e-02,3.323558162267839511e-02,2.834799608993157291e-02
0.000000000000000000e+00,8.797653958944282385e-03,3.128054740957966762e-02,2.101661779081133996e-01
0.000000000000000000e+00,3.910068426197458452e-03,2.932551319648094013e-02,1.173020527859237536e-02
1.476050830889540644e-01,4.985337243401759266e-02,3.323558162267839511e-02,2.434017595307917947e-01
1.955034213098729226e-03,5.669599217986314582e-02,3.616813294232649328e-02,7.820136852394916904e-03
0.000000000000000000e+00,2.737047898338220916e-02,3.323558162267839511e-02,5.865102639296188025e-02
0.000000000000000000e+00,1.270772238514174084e-02,3.128054740957966762e-02,1.955034213098729157e-01
0.000000000000000000e+00,5.865102639296187678e-03,2.834799608993157291e-02,1.466275659824047006e-02
4.692082111436950143e-02,1.857282502443792851e-02,2.932551319648094013e-02,2.189638318670576733e-01
9.775171065493646130e-04,1.955034213098729226e-02,2.834799608993157291e-02,5.865102639296187678e-03
1.906158357771260969e-01,6.647116324535679022e-02,3.323558162267839511e-02,9.286412512218963911e-02
0.000000000000000000e+00,4.887585532746822892e-02,3.421309872922775885e-02,5.669599217986314582e-02
0.000000000000000000e+00,2.346041055718475071e-02,3.128054740957966762e-02,3.128054740957966762e-02
8.211143695014662403e-02,3.030303030303030387e-02,3.128054740957966762e-02,2.336265884652981295e-01
0.000000000000000000e+00,1.564027370478983381e-02,2.932551319648094013e-02,1.955034213098729226e-03
0.000000000000000000e+00,6.842619745845552291e-03,2.737047898338220916e-02,1.798631476050830957e-01
7.135874877810362282e-02,2.248289345063538697e-02,2.834799608993157291e-02,7.722385141739980530e-02
0.000000000000000000e+00,1.173020527859237536e-02,2.639296187683284542e-02,2.150537634408602322e-02
7.135874877810362282e-02,2.248289345063538697e-02,2.639296187683284542e-02,2.140762463343108546e-01
6.940371456500488145e-02,4.692082111436950143e-02,2.932551319648094013e-02,1.173020527859237536e-02
2.482893450635386134e-01,1.124144672531769279e-01,3.910068426197458452e-02,2.512218963831867047e-01
1.955034213098729226e-03,9.579667644183773034e-02,4.301075268817204644e-02,1.368523949169110458e-02
2.502443792766373409e-01,1.309872922776148529e-01,5.083088954056696335e-02,6.549364613880742647e-02
3.695014662756598289e-01,2.404692082111437035e-01,7.135874877810362282e-02,1.710654936461387943e-01
1.955034213098729226e-03,1.593352883675464293e-01,7.331378299120235031e-02,3.225806451612903136e-02
0.000000000000000000e+00,7.820136852394916904e-02,6.744868035190615396e-02,2.600195503421309784e-01
2.140762463343108546e-01,9.970674486803518533e-02,7.038123167155425908e-02,2.052785923753665601e-02
0.000000000000000000e+00,7.233626588465298657e-02,6.940371456500488145e-02,1.378299120234603992e-01
1.163245356793743829e-01,6.549364613880742647e-02,6.744868035190615396e-02,1.300097751710654892e-01
0.000000000000000000e+00,4.398826979472141019e-02,6.451612903225806273e-02,4.496578690127077393e-02
1.935483870967741882e-01,7.331378299120235031e-02,6.647116324535679022e-02,2.473118279569892497e-01
2.942326490713587650e-01,1.808406647116324595e-01,8.211143695014662403e-02,5.767350928641250957e-02
0.000000000000000000e+00,1.036168132942326542e-01,7.820136852394916904e-02,2.815249266862170363e-01
0.000000000000000000e+00,5.083088954056696335e-02,7.233626588465298657e-02,4.007820136852394827e-02
2.365591397849462485e-01,1.006842619745845491e-01,7.722385141739980530e-02,7.038123167155425908e-02
3.675464320625611014e-01,2.238514173998044920e-01,9.579667644183773034e-02,2.453567937438905222e-01
1.094819159335288367e-01,2.013685239491690981e-01,1.026392961876832904e-01,5.962854349951124400e-02
2.346041055718475071e-02,1.153470185728250191e-01,9.775171065493645783e-02,2.756598240469207983e-01
1.955034213098729226e-02,6.744868035190615396e-02,9.188660801564027536e-02,3.225806451612903136e-02
0.000000000000000000e+00,3.323558162267839511e-02,8.602150537634409289e-02,1.642228739002932481e-01
1.652003910068426118e-01,5.962854349951124400e-02,8.504398826979471526e-02,1.133919843597262916e-01
1.456500488758553369e-01,1.104594330400782004e-01,9.090909090909091161e-02,6.158357771260997149e-02
3.147605083088954037e-01,1.798631476050830957e-01,1.006842619745845491e-01,2.727272727272727071e-01
3.910068426197458452e-03,1.368523949169110354e-01,1.016617790811339267e-01,5.083088954056696335e-02
2.737047898338220916e-02,7.624633431085044155e-02,9.579667644183773034e-02,2.795698924731182533e-01
0.000000000000000000e+00,4.301075268817204644e-02,8.993157380254154787e-02,5.180840664711632709e-02
1.192570869990224880e-01,5.180840664711632709e-02,8.699902248289345663e-02,1.104594330400782004e-01
2.971652003910068562e-01,1.446725317693059731e-01,9.677419354838709409e-02,2.394916911045943397e-01
3.088954056695992212e-01,2.326490713587487658e-01,1.124144672531769279e-01,7.624633431085044155e-02
3.998044965786901050e-01,2.981427174975562200e-01,1.290322580645161255e-01,3.020527859237536750e-01
9.775171065493646130e-03,2.199413489736070371e-01,1.329423264907135804e-01,7.135874877810362282e-02
0.000000000000000000e+00,1.075268817204301092e-01,1.231671554252199430e-01,2.218963831867057646e-01
1.818181818181818232e-01,9.677419354838709409e-02,1.192570869990224880e-01,9.775171065493645783e-02
3.499511241446725540e-01,2.121212121212121271e-01,1.329423264907135804e-01,7.722385141739980530e-02
9.775171065493646130e-04,1.290322580645161255e-01,1.280547409579667617e-01,2.580645161290322509e-01
0.000000000000000000e+00,6.256109481915933523e-02,1.192570869990224880e-01,6.940371456500488145e-02
0.000000000000000000e+00,3.128054740957966762e-02,1.104594330400782004e-01,2.981427174975562200e-01
2.346041055718475071e-02,2.346041055718475071e-02,1.036168132942326542e-01,4.301075268817204644e-02
5.278592375366569084e-02,3.519061583577712954e-02,9.970674486803518533e-02,1.085043988269794729e-01
5.962854349951124400e-02,5.376344086021505458e-02,9.775171065493645783e-02,1.847507331378299145e-01
0.000000000000000000e+00,4.203323558162267576e-02,9.384164222873900285e-02,5.474095796676441833e-02
1.388074291300097629e-01,4.105571847507331201e-02,8.113391984359726028e-02,7.624633431085044155e-02
6.744868035190615396e-02,7.038123167155425908e-02,8.308895405669598777e-02,2.277614858260019470e-01
0.000000000000000000e+00,4.398826979472141019e-02,7.917888563049853279e-02,3.910068426197458452e-02
0.000000000000000000e+00,2.052785923753665601e-02,7.331378299120235031e-02,2.727272727272727071e-01
0.000000000000000000e+00,9.775171065493646130e-03,6.842619745845551771e-02,2.052785923753665601e-02
1.837732160312805507e-01,5.180840664711632709e-02,6.940371456500488145e-02,8.797653958944282038e-02
9.775171065493646130e-04,5.767350928641250957e-02,7.038123167155425908e-02,2.052785923753665809e-01
0.000000000000000000e+00,2.737047898338220916e-02,6.549364613880742647e-02,2.639296187683284542e-02
1.759530791788856477e-02,1.759530791788856477e-02,6.158357771260997149e-02,2.649071358748777971e-01
2.932551319648093839e-03,1.270772238514174084e-02,5.767350928641250957e-02,2.639296187683284542e-02
1.173020527859237536e-02,1.564027370478983381e-02,5.474095796676441833e-02,1.476050830889540644e-01
2.434017595307917947e-01,9.090909090909091161e-02,6.256109481915933523e-02,6.940371456500488145e-02
8.406647116324535152e-02,1.212121212121212155e-01,6.940371456500488145e-02,4.301075268817204644e-02
0.000000000000000000e+00,7.233626588465298657e-02,6.647116324535679022e-02,2.551319648093841597e-01
0.000000000000000000e+00,3.519061583577712954e-02,6.158357771260997149e-02,2.248289345063538697e-02
2.561094819159335234e-01,1.075268817204301092e-01,6.842619745845551771e-02,2.541544477028347959e-01
2.248289345063538697e-02,1.104594330400782004e-01,7.331378299120235031e-02,7.233626588465298657e-02
0.000000000000000000e+00,5.376344086021505458e-02,6.842619745845551771e-02,6.353861192570869898e-02
0.000000000000000000e+00,2.639296187683284542e-02,6.353861192570869898e-02,1.974584555229716432e-01
0.000000000000000000e+00,1.270772238514174084e-02,5.865102639296188025e-02,3.421309872922775885e-02
1.309872922776148529e-01,5.767350928641250957e-02,6.158357771260997149e-02,2.512218963831867047e-01
9.775171065493646130e-04,5.669599217986314582e-02,6.158357771260997149e-02,2.737047898338220916e-02
9.384164222873900285e-02,5.083088954056696335e-02,6.060606060606060774e-02,9.384164222873900285e-02
0.000000000000000000e+00,2.932551319648094013e-02,5.669599217986314582e-02,7.038123167155425908e-02
0.000000000000000000e+00,1.368523949169110458e-02,5.278592375366569084e-02,3.421309872922775885e-02
0.000000000000000000e+00,5.865102639296187678e-03,4.887585532746822892e-02,2.424242424242424310e-01
0.000000000000000000e+00,2.932551319648093839e-03,4.594330400782013768e-02,1.759530791788856477e-02
5.865102639296188025e-02,1.466275659824047006e-02,4.398826979472141019e-02,1.730205278592375495e-01
2.658846529814271609e-01,1.055718475073313817e-01,5.376344086021505458e-02,1.026392961876832904e-01
6.842619745845552291e-03,1.104594330400782004e-01,5.962854349951124400e-02,5.376344086021505458e-02
2.512218963831867047e-01,1.368523949169110354e-01,6.549364613880742647e-02,2.179863147605083096e-01
3.753665689149560114e-01,2.453567937438905222e-01,8.602150537634409289e-02,4.594330400782013768e-02
4.281524926686217092e-01,3.323558162267839511e-01,1.085043988269794729e-01,2.913000977517106738e-01
5.865102639296187678e-03,2.082111436950146721e-01,1.085043988269794729e-01,5.083088954056696335e-02
0.000000000000000000e+00,1.026392961876832904e-01,1.006842619745845491e-01,1.251221896383186705e-01
2.492668621700879772e-01,1.300097751710654892e-01,1.036168132942326542e-01,2.150537634408602183e-01
1.153470185728250191e-01,1.710654936461387943e-01,1.114369501466275642e-01,6.353861192570869898e-02
8.406647116324535152e-02,1.241446725317693067e-01,1.094819159335288367e-01,2.883675464320625825e-01
0.000000000000000000e+00,6.158357771260997149e-02,1.016617790811339267e-01,5.571847507331378208e-02
0.000000000000000000e+00,3.030303030303030387e-02,9.384164222873900285e-02,2.434017595307917947e-01
3.421309872922775885e-02,2.737047898338220916e-02,8.895405669599218412e-02,4.398826979472141019e-02
0.000000000000000000e+00,1.759530791788856477e-02,8.406647116324535152e-02,7.233626588465298657e-02
0.000000000000000000e+00,8.797653958944282385e-03,7.820136852394916904e-02,2.316715542521994020e-01
0.000000000000000000e+00,3.910068426197458452e-03,7.233626588465298657e-02,2.932551319648094013e-02
0.000000000000000000e+00,1.955034213098729226e-03,6.744868035190615396e-02,2.834799608993157638e-01
5.865102639296187678e-03,1.955034213098729226e-03,6.353861192570869898e-02,2.834799608993157291e-02
1.368523949169110458e-02,8.797653958944282385e-03,6.060606060606060774e-02,8.602150537634409289e-02
0.000000000000000000e+00,5.865102639296187678e-03,5.669599217986314582e-02,2.170087976539589458e-01
0.000000000000000000e+00,2.932551319648093839e-03,5.278592375366569084e-02,2.639296187683284542e-02
2.248289345063538697e-02,1.466275659824047006e-02,5.083088954056696335e-02,2.434017595307917947e-01
2.404692082111437035e-01,8.993157380254154787e-02,5.767350928641250957e-02,1.368523949169110458e-02
2.561094819159335234e-01,1.818181818181818232e-01,7.331378299120235031e-02,1.153470185728250191e-01
3.910068426197458452e-03,1.319648093841642167e-01,7.526881720430107781e-02,1.124144672531769279e-01
0.000000000000000000e+00,6.451612903225806273e-02,6.940371456500488145e-02,4.398826979472141019e-02
2.590420332355816146e-01,1.212121212121212155e-01,7.624633431085044155e-02,2.561094819159335234e-01
2.346041055718475210e-01,1.446725317693059731e-01,8.211143695014662403e-02,4.105571847507331201e-02
1.955034213098729226e-03,1.045943304007820179e-01,8.211143695014662403e-02,2.697947214076246158e-01
1.075268817204301092e-01,8.015640273704789653e-02,8.015640273704789653e-02,4.887585532746822892e-02
9.775171065493646130e-04,6.158357771260997149e-02,7.722385141739980530e-02,7.820136852394916904e-02
1.221896383186705792e-01,7.820136852394916904e-02,7.820136852394916904e-02,2.326490713587487658e-01
6.256109481915933523e-02,9.384164222873900285e-02,8.113391984359726028e-02,5.669599217986314582e-02
8.895405669599218412e-02,8.113391984359726028e-02,8.015640273704789653e-02,2.570869990224828872e-01
1.104594330400782004e-01,9.188660801564027536e-02,8.113391984359726028e-02,3.910068426197458452e-02
0.000000000000000000e+00,6.451612903225806273e-02,7.820136852394916904e-02,1.192570869990224880e-01
8.211143695014662403e-02,2.932551319648094013e-02,6.744868035190615396e-02,2.551319648093841597e-01
0.000000000000000000e+00,1.857282502443792851e-02,6.353861192570869898e-02,1.661779081133919755e-02
1.085043988269794729e-01,3.519061583577712954e-02,6.256109481915933523e-02,6.744868035190615396e-02
0.000000000000000000e+00,3.812316715542522078e-02,6.158357771260997149e-02,2.287390029325513108e-01
2.033235581622678534e-01,8.015640273704789653e-02,6.549364613880742647e-02,3.225806451612903136e-02
1.348973607038123079e-01,1.358748778103616717e-01,7.429130009775171406e-02,2.688172043010752521e-01
0.000000000000000000e+00,7.331378299120235031e-02,7.038123167155425908e-02,1.661779081133919755e-02
1.759530791788856408e-01,7.820136852394916904e-02,7.038123167155425908e-02,8.797653958944282038e-02
1.955034213098729226e-03,7.526881720430107781e-02,7.135874877810362282e-02,1.251221896383186705e-01
1.935483870967741882e-01,9.677419354838709409e-02,7.429130009775171406e-02,4.105571847507331201e-02
1.564027370478983381e-02,1.055718475073313817e-01,7.820136852394916904e-02,2.756598240469207983e-01
0.000000000000000000e+00,5.180840664711632709e-02,7.233626588465298657e-02,3.812316715542522078e-02
2.385141739980449760e-01,1.006842619745845491e-01,7.722385141739980530e-02,2.189638318670576733e-01
1.065493646138807454e-01,1.329423264907135804e-01,8.406647116324535152e-02,1.114369501466275642e-01
1.075268817204301161e-02,7.526881720430107781e-02,7.917888563049853279e-02,5.669599217986314582e-02
0.000000000000000000e+00,3.812316715542522078e-02,7.429130009775171406e-02,2.492668621700879772e-01
8.211143695014662403e-02,4.007820136852394827e-02,7.135874877810362282e-02,2.248289345063538697e-02
1.006842619745845491e-01,7.429130009775171406e-02,7.331378299120235031e-02,2.688172043010752521e-01
0.000000000000000000e+00,5.474095796676441833e-02,7.135874877810362282e-02,3.128054740957966762e-02
2.424242424242424310e-01,1.055718475073313817e-01,7.624633431085044155e-02,1.006842619745845491e-01
4.887585532746823065e-03,1.036168132942326542e-01,7.917888563049853279e-02,1.339198435972629442e-01
1.964809384164222794e-01,1.036168132942326542e-01,8.015640273704789653e-02,3.910068426197458452e-02
1.612903225806451568e-01,1.534701857282502468e-01,8.895405669599218412e-02,2.678396871945258884e-01
1.955034213098729226e-03,1.016617790811339267e-01,8.699902248289345663e-02,4.594330400782013768e-02
0.000000000000000000e+00,4.985337243401759266e-02,8.113391984359726028e-02,2.258064516129032195e-01
9.775171065493646130e-04,2.541544477028348167e-02,7.526881720430107781e-02,1.339198435972629442e-01
2.492668621700879772e-01,9.775171065493645783e-02,8.113391984359726028e-02,5.767350928641250957e-02
1.867057673509286420e-01,1.691104594330400668e-01,9.286412512218963911e-02,2.541544477028347959e-01
2.375366568914956122e-01,1.945259042033235519e-01,1.006842619745845491e-01,6.842619745845551771e-02
0.000000000000000000e+00,1.104594330400782004e-01,9.677419354838709409e-02,2.903225806451613100e-01
8.797653958944282385e-03,5.865102639296188025e-02,8.993157380254154787e-02,5.669599217986314582e-02
0.000000000000000000e+00,3.030303030303030387e-02,8.406647116324535152e-02,1.133919843597262916e-01
0.000000000000000000e+00,1.466275659824047006e-02,7.820136852394916904e-02,1.300097751710654892e-01
4.496578690127077393e-02,1.759530791788856477e-02,7.429130009775171406e-02,5.474095796676441833e-02
0.000000000000000000e+00,9.775171065493646130e-03,6.940371456500488145e-02,2.639296187683284334e-01
0.000000000000000000e+00,3.910068426197458452e-03,6.451612903225806273e-02,1.661779081133919755e-02
0.000000000000000000e+00,9.775171065493646130e-04,6.060606060606060774e-02,1.632453567937438843e-01
2.052785923753665601e-02,8.797653958944282385e-03,5.767350928641250957e-02,1.221896383186705792e-01
1.075268817204301161e-02,1.661779081133919755e-02,5.474095796676441833e-02,3.421309872922775885e-02
1.065493646138807454e-01,4.105571847507331201e-02,5.571847507331378208e-02,2.473118279569892497e-01
6.647116324535679022e-02,6.451612903225806273e-02,5.767350928641250957e-02,2.737047898338220916e-02
2.932551319648094013e-02,6.158357771260997149e-02,5.865102639296188025e-02,2.737047898338220708e-01
4.105571847507331201e-02,4.692082111436950143e-02,5.669599217986314582e-02,2.052785923753665601e-02
8.602150537634409289e-02,5.962854349951124400e-02,5.767350928641250957e-02,5.962854349951124400e-02
2.883675464320625825e-01,1.446725317693059731e-01,6.842619745845551771e-02,2.091886608015640359e-01
0.000000000000000000e+00,9.481915933528836660e-02,6.744868035190615396e-02,3.910068426197458452e-02
0.000000000000000000e+00,4.692082111436950143e-02,6.256109481915933523e-02,2.649071358748777971e-01
8.015640273704789653e-02,4.594330400782013768e-02,6.158357771260997149e-02,1.661779081133919755e-02
0.000000000000000000e+00,2.443792766373411446e-02,5.767350928641250957e-02,8.211143695014662403e-02
2.346041055718475071e-02,1.661779081133919755e-02,5.376344086021505458e-02,1.544477028347996106e-01
0.000000000000000000e+00,7.820136852394916904e-03,4.985337243401759266e-02,3.030303030303030387e-02
1.280547409579667617e-01,3.421309872922775885e-02,5.083088954056696335e-02,2.404692082111437035e-01
3.147605083088954037e-01,1.573802541544477018e-01,6.647116324535679022e-02,4.105571847507331201e-02
1.593352883675464293e-01,1.945259042033235519e-01,7.820136852394916904e-02,2.385141739980449760e-01
9.775171065493646130e-04,1.221896383186705792e-01,7.722385141739980530e-02,2.443792766373411446e-02
0.000000000000000000e+00,5.962854349951124400e-02,7.135874877810362282e-02,7.331378299120235031e-02
2.932551319648094013e-02,4.007820136852394827e-02,6.744868035190615396e-02,2.287390029325513108e-01
0.000000000000000000e+00,2.737047898338220916e-02,6.451612903225806273e-02,2.932551319648094013e-02
0.000000000000000000e+00,1.270772238514174084e-02,5.962854349951124400e-02,2.600195503421309784e-01
2.541544477028348167e-02,1.368523949169110458e-02,5.669599217986314582e-02,1.466275659824047006e-02
0.000000000000000000e+00,1.368523949169110458e-02,5.376344086021505458e-02,8.406647116324535152e-02
0.000000000000000000e+00,5.865102639296187678e-03,4.985337243401759266e-02,1.094819159335288367e-01
0.000000000000000000e+00,1.955034213098729226e-03,4.692082111436950143e-02,2.834799608993157291e-02
1.632453567937438843e-01,4.496578690127077393e-02,4.887585532746822892e-02,2.326490713587487658e-01
1.955034213098729226e-03,1.065493646138807454e-01,6.744868035190615396e-02,1.857282502443792782e-01
0.000000000000000000e+00,5.180840664711632709e-02,6.256109481915933523e-02,3.421309872922775885e-02
8.797653958944282385e-03,2.737047898338220916e-02,5.865102639296188025e-02,2.649071358748777971e-01
1.270772238514174084e-02,2.150537634408602322e-02,5.571847507331378208e-02,1.368523949169110458e-02
0.000000000000000000e+00,1.270772238514174084e-02,5.180840664711632709e-02,8.406647116324535152e-02
2.639296187683284542e-02,1.368523949169110458e-02,4.887585532746822892e-02,1.554252199413489743e-01
0.000000000000000000e+00,1.075268817204301161e-02,4.692082111436950143e-02,2.541544477028348167e-02
2.228739002932551283e-01,7.526881720430107781e-02,5.180840664711632709e-02,2.434017595307917947e-01
9.775171065493646130e-04,6.451612903225806273e-02,5.278592375366569084e-02,1.564027370478983381e-02
0.000000000000000000e+00,3.030303030303030387e-02,4.887585532746822892e-02,1.788856304985337320e-01
0.000000000000000000e+00,1.466275659824047006e-02,4.594330400782013768e-02,2.932551319648094013e-02
0.000000000000000000e+00,6.842619745845552291e-03,4.301075268817204644e-02,2.052785923753665601e-02
8.797653958944282385e-03,6.842619745845552291e-03,4.007820136852394827e-02,2.404692082111437035e-01
0.000000000000000000e+00,3.910068426197458452e-03,3.714565004887585703e-02,7.820136852394916904e-03
7.820136852394916904e-03,5.865102639296187678e-03,3.519061583577712954e-02,2.346041055718475210e-01
2.160312805474095821e-01,7.135874877810362282e-02,4.203323558162267576e-02,3.519061583577712954e-02
3.479960899315738265e-01,1.984359726295210069e-01,6.158357771260997149e-02,6.744868035190615396e-02
9.090909090909091161e-02,2.111436950146627634e-01,7.429130009775171406e-02,1.964809384164222794e-01
0.000000000000000000e+00,1.133919843597262916e-01,7.038123167155425908e-02,3.910068426197458452e-02
1.368523949169110458e-02,6.256109481915933523e-02,6.549364613880742647e-02,2.531769305962854322e-01
2.316715542521994020e-01,1.045943304007820179e-01,7.038123167155425908e-02,3.030303030303030387e-02
3.665689149560117377e-01,2.248289345063538558e-01,8.895405669599218412e-02,1.495601173020527919e-01
2.834799608993157291e-02,1.994134897360703707e-01,9.677419354838709409e-02,1.759530791788856408e-01
1.564027370478983381e-01,1.446725317693059731e-01,9.579667644183773034e-02,6.549364613880742647e-02
0.000000000000000000e+00,8.113391984359726028e-02,9.090909090909091161e-02,2.658846529814271609e-01
8.699902248289345663e-02,6.353861192570869898e-02,8.699902248289345663e-02,4.985337243401759266e-02
3.519061583577712954e-02,5.669599217986314582e-02,8.504398826979471526e-02,2.531769305962854322e-01
2.101661779081133996e-01,9.188660801564027536e-02,8.602150537634409289e-02,2.639296187683284542e-02
9.677419354838709409e-02,1.163245356793743829e-01,9.090909090909091161e-02,8.113391984359726028e-02
9.775171065493646130e-04,6.060606060606060774e-02,8.504398826979471526e-02,1.974584555229716432e-01
1.955034213098729226e-03,3.225806451612903136e-02,7.917888563049853279e-02,5.571847507331378208e-02
2.453567937438905222e-01,9.775171065493645783e-02,8.406647116324535152e-02,2.668621700879765246e-01
0.000000000000000000e+00,6.744868035190615396e-02,8.113391984359726028e-02,4.985337243401759266e-02
0.000000000000000000e+00,3.225806451612903136e-02,7.624633431085044155e-02,1.231671554252199430e-01
2.170087976539589458e-01,8.308895405669598777e-02,7.917888563049853279e-02,1.867057673509286420e-01
3.597262952101661915e-01,2.101661779081133996e-01,9.677419354838709409e-02,5.571847507331378208e-02
3.880742913000977401e-01,2.971652003910068562e-01,1.163245356793743829e-01,2.795698924731182533e-01
3.421309872922775885e-02,2.013685239491690981e-01,1.173020527859237605e-01,5.865102639296188025e-02
1.642228739002932481e-01,1.564027370478983381e-01,1.163245356793743829e-01,2.903225806451613100e-01
1.407624633431085182e-01,1.593352883675464293e-01,1.192570869990224880e-01,5.083088954056696335e-02
2.932551319648093839e-03,1.114369501466275642e-01,1.163245356793743829e-01,9.481915933528836660e-02
2.570869990224828872e-01,1.378299120234603992e-01,1.182795698924731242e-01,2.346041055718475210e-01
2.561094819159335234e-01,2.170087976539589458e-01,1.309872922776148529e-01,7.429130009775171406e-02
9.775171065493646130e-04,1.309872922776148529e-01,1.251221896383186705e-01,3.040078201368524025e-01
2.629521016617790696e-01,1.485826001955034281e-01,1.270772238514173980e-01,5.083088954056696335e-02
2.668621700879765246e-01,2.170087976539589458e-01,1.388074291300097629e-01,2.023460410557184619e-01
0.000000000000000000e+00,1.182795698924731242e-01,1.300097751710654892e-01,1.886608015640273694e-01
0.000000000000000000e+00,5.767350928641250957e-02,1.212121212121212155e-01,7.722385141739980530e-02
2.639296187683284542e-02,3.714565004887585703e-02,1.133919843597262916e-01,2.688172043010752521e-01
0.000000000000000000e+00,2.150537634408602322e-02,1.065493646138807454e-01,6.451612903225806273e-02
8.895405669599218412e-02,3.030303030303030387e-02,1.006842619745845491e-01,2.981427174975562200e-01
0.000000000000000000e+00,1.955034213098729226e-02,9.481915933528836660e-02,4.496578690127077393e-02
1.397849462365591267e-01,4.887585532746822892e-02,9.286412512218963911e-02,8.699902248289345663e-02
3.616813294232649328e-02,6.158357771260997149e-02,9.286412512218963911e-02,2.160312805474095821e-01
1.094819159335288367e-01,8.015640273704789653e-02,9.286412512218963911e-02,4.692082111436950143e-02
9.775171065493646130e-04,6.060606060606060774e-02,8.993157380254154787e-02,2.785923753665688896e-01
1.583577712609970656e-01,8.406647116324535152e-02,8.993157380254154787e-02,2.639296187683284542e-02
2.932551319648093839e-03,7.917888563049853279e-02,8.993157380254154787e-02,1.260997067448680342e-01
0.000000000000000000e+00,3.812316715542522078e-02,8.406647116324535152e-02,1.720430107526881858e-01
0.000000000000000000e+00,1.759530791788856477e-02,7.820136852394916904e-02,3.714565004887585703e-02
0.000000000000000000e+00,8.797653958944282385e-03,7.233626588465298657e-02,2.590420332355816146e-01
8.211143695014662403e-02,2.639296187683284542e-02,7.038123167155425908e-02,3.128054740957966762e-02
2.971652003910068562e-01,1.339198435972629442e-01,8.113391984359726028e-02,2.404692082111437035e-01
2.932551319648093839e-03,1.104594330400782004e-01,8.308895405669598777e-02,2.541544477028348167e-02
0.000000000000000000e+00,1.564027370478983381e-02,6.842619745845551771e-02,1.661779081133919755e-02
2.551319648093841597e-01,9.677419354838709409e-02,7.526881720430107781e-02,1.143695014662756554e-01
6.842619745845552291e-03,1.045943304007820179e-01,7.917888563049853279e-02,1.876832844574780057e-01
9.579667644183773034e-02,7.331378299120235031e-02,7.624633431085044155e-02,4.887585532746822892e-02
0.000000000000000000e+00,3.714565004887585703e-02,7.135874877810362282e-02,2.570869990224828872e-01
0.000000000000000000e+00,1.759530791788856477e-02,6.647116324535679022e-02,3.128054740957966762e-02
0.000000000000000000e+00,8.797653958944282385e-03,6.256109481915933523e-02,2.287390029325513108e-01
0.000000000000000000e+00,3.910068426197458452e-03,5.767350928641250957e-02,9.775171065493646130e-03
6.256109481915933523e-02,1.564027370478983381e-02,5.571847507331378208e-02,4.887585532746822892e-02
9.188660801564027536e-02,4.985337243401759266e-02,5.669599217986314582e-02,2.140762463343108546e-01
9.775171065493646130e-04,4.398826979472141019e-02,5.669599217986314582e-02,3.812316715542522078e-02
2.932551319648093839e-03,2.150537634408602322e-02,5.278592375366569084e-02,2.512218963831867047e-01
2.590420332355816146e-01,1.036168132942326542e-01,6.060606060606060774e-02,1.564027370478983381e-02
1.124144672531769279e-01,1.456500488758553369e-01,7.038123167155425908e-02,1.045943304007820179e-01
3.030303030303030387e-01,1.876832844574780057e-01,8.113391984359726028e-02,2.013685239491690981e-01
1.358748778103616717e-01,2.111436950146627634e-01,9.286412512218963911e-02,5.571847507331378208e-02
4.105571847507331201e-02,1.329423264907135804e-01,8.993157380254154787e-02,2.746823069403714346e-01
3.323558162267839511e-02,8.797653958944282038e-02,8.699902248289345663e-02,4.692082111436950143e-02
2.248289345063538697e-02,6.060606060606060774e-02,8.308895405669598777e-02,2.189638318670576733e-01
2.668621700879765246e-01,1.241446725317693067e-01,8.895405669599218412e-02,4.496578690127077393e-02
5.865102639296187678e-03,1.173020527859237605e-01,9.286412512218963911e-02,6.158357771260997149e-02
1.544477028347996106e-01,9.677419354838709409e-02,9.090909090909091161e-02,2.326490713587487658e-01
3.352883675464320423e-01,1.925708699902248244e-01,1.036168132942326542e-01,5.474095796676441833e-02
8.797653958944282385e-03,1.564027370478983381e-01,1.065493646138807454e-01,2.952101661779081287e-01
0.000000000000000000e+00,7.526881720430107781e-02,9.775171065493645783e-02,3.910068426197458452e-02
5.180840664711632709e-02,5.278592375366569084e-02,9.384164222873900285e-02,1.036168132942326542e-01
0.000000000000000000e+00,3.323558162267839511e-02,8.797653958944282038e-02,1.710654936461387943e-01
2.111436950146627634e-01,8.211143695014662403e-02,8.993157380254154787e-02,5.278592375366569084e-02
3.264907135874877686e-01,1.964809384164222794e-01,1.055718475073313817e-01,2.825024437927664001e-01
9.775171065493646130e-04,1.270772238514173980e-01,1.026392961876832904e-01,5.669599217986314582e-02
5.865102639296187678e-03,6.549364613880742647e-02,9.579667644183773034e-02,2.179863147605083096e-01
3.910068426197458452e-03,3.812316715542522078e-02,8.993157380254154787e-02,6.549364613880742647e-02
0.000000000000000000e+00,1.857282502443792851e-02,8.406647116324535152e-02,4.789833822091886517e-02
9.775171065493646130e-03,1.368523949169110458e-02,7.917888563049853279e-02,2.639296187683284334e-01
0.000000000000000000e+00,6.842619745845552291e-03,7.331378299120235031e-02,3.323558162267839511e-02
1.055718475073313817e-01,4.203323558162267576e-02,7.331378299120235031e-02,2.688172043010752521e-01
4.301075268817204644e-02,5.767350928641250957e-02,7.429130009775171406e-02,2.346041055718475071e-02
1.984359726295210069e-01,9.970674486803518533e-02,7.820136852394916904e-02,8.113391984359726028e-02
1.876832844574780057e-01,1.622678396871945206e-01,8.797653958944282038e-02,1.867057673509286420e-01
9.775171065493646130e-04,1.026392961876832904e-01,8.602150537634409289e-02,4.985337243401759266e-02
0.000000000000000000e+00,4.985337243401759266e-02,8.015640273704789653e-02,2.639296187683284334e-01
5.962854349951124400e-02,4.007820136852394827e-02,7.624633431085044155e-02,4.496578690127077393e-02
2.766373411534701621e-01,1.221896383186705792e-01,8.406647116324535152e-02,1.564027370478983381e-01
3.812316715542522078e-02,1.436950146627566094e-01,9.188660801564027536e-02,1.652003910068426118e-01
1.515151515151515194e-01,1.173020527859237605e-01,9.090909090909091161e-02,4.692082111436950143e-02
0.000000000000000000e+00,6.060606060606060774e-02,8.504398826979471526e-02,2.629521016617790696e-01
0.000000000000000000e+00,2.932551319648094013e-02,7.917888563049853279e-02,4.496578690127077393e-02
0.000000000000000000e+00,1.466275659824047006e-02,7.331378299120235031e-02,2.756598240469207983e-01
0.000000000000000000e+00,6.842619745845552291e-03,6.842619745845551771e-02,2.932551319648094013e-02
2.140762463343108546e-01,6.744868035190615396e-02,7.135874877810362282e-02,7.820136852394916904e-02
1.857282502443792851e-02,7.331378299120235031e-02,7.233626588465298657e-02,1.876832844574780057e-01
0.000000000000000000e+00,3.714565004887585703e-02,6.842619745845551771e-02,3.616813294232649328e-02
7.820136852394916904e-03,1.955034213098729226e-02,6.353861192570869898e-02,2.580645161290322509e-01
2.463343108504398860e-01,9.579667644183773034e-02,7.038123167155425908e-02,1.661779081133919755e-02
3.910068426197458452e-03,9.384164222873900285e-02,7.331378299120235031e-02,1.055718475073313817e-01
0.000000000000000000e+00,4.496578690127077393e-02,6.842619745845551771e-02,1.730205278592375495e-01
0.000000000000000000e+00,2.150537634408602322e-02,6.256109481915933523e-02,4.496578690127077393e-02
0.000000000000000000e+00,9.775171065493646130e-03,5.865102639296188025e-02,2.502443792766373409e-01
0.000000000000000000e+00,4.887585532746823065e-03,5.474095796676441833e-02,2.248289345063538697e-02
6.842619745845552291e-03,5.865102639296187678e-03,5.180840664711632709e-02,1.876832844574780057e-01
9.775171065493645783e-02,3.323558162267839511e-02,5.180840664711632709e-02,3.519061583577712954e-02
0.000000000000000000e+00,1.759530791788856477e-02,4.887585532746822892e-02,2.150537634408602322e-02
1.837732160312805507e-01,5.571847507331378208e-02,5.083088954056696335e-02,2.170087976539589458e-01
0.000000000000000000e+00,5.278592375366569084e-02,5.180840664711632709e-02,2.346041055718475071e-02
1.485826001955034281e-01,5.474095796676441833e-02,4.789833822091886517e-02,4.105571847507331201e-02
8.993157380254154787e-02,1.006842619745845491e-01,5.571847507331378208e-02,2.492668621700879772e-01
0.000000000000000000e+00,5.571847507331378208e-02,5.278592375366569084e-02,2.737047898338220916e-02
2.404692082111437035e-01,1.055718475073313817e-01,5.962854349951124400e-02,2.238514173998044920e-01
1.075268817204301092e-01,1.348973607038123079e-01,6.744868035190615396e-02,1.955034213098729226e-02
0.000000000000000000e+00,6.940371456500488145e-02,6.256109481915933523e-02,3.225806451612903136e-02
4.985337243401759266e-02,4.887585532746822892e-02,6.060606060606060774e-02,1.984359726295210069e-01
0.000000000000000000e+00,3.128054740957966762e-02,5.767350928641250957e-02,3.323558162267839511e-02
4.692082111436950143e-02,3.812316715542522078e-02,5.571847507331378208e-02,2.580645161290322509e-01
1.955034213098729226e-03,3.616813294232649328e-02,5.571847507331378208e-02,1.368523949169110458e-02
6.158357771260997149e-02,3.812316715542522078e-02,5.376344086021505458e-02,7.722385141739980530e-02
2.385141739980449760e-01,9.970674486803518533e-02,6.060606060606060774e-02,1.798631476050830957e-01
1.857282502443792782e-01,1.573802541544477018e-01,7.233626588465298657e-02,4.496578690127077393e-02
0.000000000000000000e+00,8.308895405669598777e-02,6.744868035190615396e-02,2.424242424242424310e-01
6.647116324535679022e-02,5.669599217986314582e-02,6.451612903225806273e-02,4.105571847507331201e-02
7.917888563049853279e-02,6.549364613880742647e-02,6.549364613880742647e-02,1.945259042033235519e-01
0.000000000000000000e+00,4.105571847507331201e-02,6.256109481915933523e-02,4.203323558162267576e-02
0.000000000000000000e+00,1.955034213098729226e-02,5.767350928641250957e-02,4.105571847507331201e-02
0.000000000000000000e+00,9.775171065493646130e-03,5.376344086021505458e-02,2.072336265884653084e-01
1.964809384164222794e-01,6.060606060606060774e-02,5.669599217986314582e-02,2.834799608993157291e-02
1.945259042033235519e-01,1.339198435972629442e-01,6.744868035190615396e-02,2.746823069403714346e-01
0.000000000000000000e+00,7.135874877810362282e-02,6.353861192570869898e-02,1.759530791788856477e-02
4.985337243401759266e-02,4.692082111436950143e-02,6.060606060606060774e-02,9.384164222873900285e-02
0.000000000000000000e+00,2.443792766373411446e-02,5.669599217986314582e-02,2.043010752688172171e-01
1.173020527859237536e-02,1.759530791788856477e-02,5.376344086021505458e-02,3.030303030303030387e-02
0.000000000000000000e+00,1.270772238514174084e-02,5.083088954056696335e-02,2.482893450635386134e-01
0.000000000000000000e+00,5.865102639296187678e-03,4.692082111436950143e-02,1.173020527859237536e-02
6.549364613880742647e-02,2.150537634408602322e-02,4.594330400782013768e-02,1.348973607038123079e-01
8.797653958944282385e-03,2.834799608993157291e-02,4.594330400782013768e-02,4.985337243401759266e-02
0.000000000000000000e+00,1.270772238514174084e-02,4.301075268817204644e-02,1.661779081133919755e-02
9.188660801564027536e-02,2.932551319648094013e-02,4.203323558162267576e-02,2.336265884652981295e-01
1.133919843597262916e-01,6.842619745845551771e-02,4.692082111436950143e-02,1.661779081133919755e-02
2.443792766373411446e-02,6.353861192570869898e-02,4.789833822091886517e-02,2.336265884652981295e-01
8.308895405669598777e-02,6.158357771260997149e-02,4.887585532746822892e-02,7.038123167155425908e-02
0.000000000000000000e+00,3.030303030303030387e-02,4.496578690127077393e-02,5.180840664711632709e-02
0.000000000000000000e+00,1.368523949169110458e-02,4.203323558162267576e-02,2.111436950146627634e-01
0.000000000000000000e+00,6.842619745845552291e-03,3.910068426197458452e-02,2.052785923753665601e-02
0.000000000000000000e+00,2.932551319648093839e-03,3.616813294232649328e-02,2.463343108504398860e-01
2.346041055718475071e-02,7.820136852394916904e-03,3.421309872922775885e-02,2.443792766373411446e-02
0.000000000000000000e+00,7.820136852394916904e-03,3.323558162267839511e-02,7.135874877810362282e-02
1.906158357771260969e-01,6.744868035190615396e-02,3.910068426197458452e-02,1.251221896383186705e-01
1.955034213098729226e-03,7.135874877810362282e-02,4.301075268817204644e-02,2.346041055718475071e-02
6.744868035190615396e-02,5.474095796676441833e-02,4.203323558162267576e-02,2.267839687194525833e-01
1.173020527859237536e-02,4.692082111436950143e-02,4.203323558162267576e-02,2.932551319648093839e-03
2.434017595307917947e-01,1.055718475073313817e-01,4.985337243401759266e-02,1.446725317693059731e-01
3.587487781036168277e-01,2.238514173998044920e-01,6.940371456500488145e-02,1.260997067448680342e-01
5.865102639296187678e-03,1.681329423264907030e-01,7.429130009775171406e-02,5.376344086021505458e-02
0.000000000000000000e+00,8.211143695014662403e-02,6.940371456500488145e-02,2.424242424242424310e-01
2.072336265884653084e-01,9.872922776148582158e-02,7.135874877810362282e-02,3.519061583577712954e-02
2.932551319648093839e-03,8.895405669599218412e-02,7.233626588465298657e-02,2.834799608993157638e-01
0.000000000000000000e+00,4.301075268817204644e-02,6.744868035190615396e-02,2.737047898338220916e-02
0.000000000000000000e+00,2.150537634408602322e-02,6.256109481915933523e-02,8.113391984359726028e-02
0.000000000000000000e+00,9.775171065493646130e-03,5.865102639296188025e-02,2.258064516129032195e-01
1.759530791788856477e-02,1.368523949169110458e-02,5.571847507331378208e-02,2.052785923753665601e-02
2.355816226783968848e-01,8.602150537634409289e-02,6.158357771260997149e-02,2.570869990224828872e-01
4.985337243401759266e-02,1.006842619745845491e-01,6.647116324535679022e-02,1.466275659824047006e-02
2.150537634408602322e-02,6.842619745845551771e-02,6.451612903225806273e-02,1.202346041055718517e-01
2.443792766373411446e-02,4.789833822091886517e-02,6.158357771260997149e-02,9.579667644183773034e-02
8.308895405669598777e-02,6.549364613880742647e-02,6.256109481915933523e-02,3.714565004887585703e-02
8.993157380254154787e-02,8.699902248289345663e-02,6.647116324535679022e-02,2.678396871945258884e-01
2.893450635386119463e-01,1.544477028347996106e-01,7.624633431085044155e-02,3.519061583577712954e-02
9.775171065493646130e-03,1.427174975562072456e-01,8.211143695014662403e-02,2.815249266862170363e-01
1.173020527859237605e-01,9.872922776148582158e-02,7.917888563049853279e-02,3.323558162267839511e-02
0.000000000000000000e+00,5.571847507331378208e-02,7.429130009775171406e-02,7.624633431085044155e-02
7.429130009775171406e-02,3.616813294232649328e-02,6.549364613880742647e-02,1.368523949169110354e-01
0.000000000000000000e+00,3.519061583577712954e-02,6.353861192570869898e-02,1.515151515151515194e-01
1.368523949169110354e-01,5.083088954056696335e-02,6.353861192570869898e-02,3.225806451612903136e-02
3.098729227761485849e-01,1.554252199413489743e-01,7.624633431085044155e-02,2.609970674486803421e-01
3.910068426197458452e-03,1.270772238514173980e-01,7.917888563049853279e-02,3.812316715542522078e-02
1.094819159335288367e-01,9.970674486803518533e-02,7.820136852394916904e-02,2.737047898338220708e-01
2.561094819159335234e-01,1.593352883675464293e-01,8.797653958944282038e-02,3.910068426197458452e-02
6.842619745845552291e-03,1.182795698924731242e-01,8.797653958944282038e-02,9.286412512218963911e-02
2.883675464320625825e-01,1.652003910068426118e-01,9.579667644183773034e-02,2.502443792766373409e-01
1.955034213098729226e-02,1.407624633431085182e-01,9.872922776148582158e-02,5.278592375366569084e-02
2.864125122189638550e-01,1.710654936461387943e-01,1.045943304007820179e-01,2.913000977517106738e-01
7.038123167155425908e-02,1.710654936461387943e-01,1.104594330400782004e-01,5.278592375366569084e-02
4.496578690127077393e-02,1.045943304007820179e-01,1.055718475073313817e-01,1.798631476050830957e-01
2.521994134897360684e-01,1.348973607038123079e-01,1.085043988269794729e-01,1.192570869990224880e-01
3.880742913000977401e-01,2.512218963831867047e-01,1.260997067448680342e-01,7.331378299120235031e-02
2.932551319648093839e-03,1.583577712609970656e-01,1.231671554252199430e-01,2.815249266862170363e-01
2.629521016617790696e-01,1.612903225806451568e-01,1.241446725317693067e-01,6.842619745845551771e-02
9.775171065493646130e-04,1.094819159335288367e-01,1.212121212121212155e-01,3.040078201368524025e-01
5.278592375366569084e-02,6.744868035190615396e-02,1.133919843597262916e-01,6.256109481915933523e-02
1.290322580645161255e-01,8.406647116324535152e-02,1.124144672531769279e-01,1.085043988269794729e-01
9.775171065493646130e-04,6.060606060606060774e-02,1.075268817204301092e-01,2.424242424242424310e-01
2.277614858260019470e-01,9.677419354838709409e-02,1.085043988269794729e-01,6.451612903225806273e-02
9.775171065493646130e-04,7.526881720430107781e-02,1.055718475073313817e-01,2.932551319648094013e-01
2.365591397849462485e-01,1.085043988269794729e-01,1.075268817204301092e-01,5.474095796676441833e-02
6.940371456500488145e-02,1.231671554252199430e-01,1.094819159335288367e-01,2.326490713587487658e-01
7.526881720430107781e-02,9.579667644183773034e-02,1.075268817204301092e-01,7.038123167155425908e-02
2.991202346041055837e-01,1.632453567937438843e-01,1.143695014662756554e-01,7.722385141739980530e-02
0.000000000000000000e+00,1.045943304007820179e-01,1.104594330400782004e-01,2.482893450635386134e-01
1.955034213098729226e-03,5.180840664711632709e-02,1.026392961876832904e-01,5.962854349951124400e-02
2.668621700879765246e-01,1.182795698924731242e-01,1.075268817204301092e-01,3.040078201368524025e-01
4.887585532746823065e-03,1.114369501466275642e-01,1.085043988269794729e-01,4.398826979472141019e-02
2.258064516129032195e-01,1.182795698924731242e-01,1.085043988269794729e-01,1.143695014662756554e-01
2.932551319648094013e-02,1.348973607038123079e-01,1.133919843597262916e-01,2.130987292277614908e-01
2.737047898338220708e-01,1.593352883675464293e-01,1.173020527859237605e-01,7.331378299120235031e-02
4.007820136852394827e-02,1.368523949169110354e-01,1.182795698924731242e-01,2.971652003910068562e-01
3.421309872922775885e-02,8.406647116324535152e-02,1.124144672531769279e-01,6.549364613880742647e-02
0.000000000000000000e+00,4.105571847507331201e-02,1.036168132942326542e-01,2.776148582600195258e-01
0.000000000000000000e+00,1.955034213098729226e-02,9.677419354838709409e-02,3.714565004887585703e-02
8.797653958944282038e-02,2.932551319648094013e-02,9.286412512218963911e-02,6.744868035190615396e-02
1.974584555229716432e-01,9.579667644183773034e-02,9.677419354838709409e-02,2.590420332355816146e-01
3.489736070381231903e-01,2.043010752688172171e-01,1.114369501466275642e-01,5.962854349951124400e-02
1.163245356793743829e-01,1.984359726295210069e-01,1.182795698924731242e-01,3.010752688172043112e-01
2.942326490713587650e-01,2.033235581622678534e-01,1.231671554252199430e-01,5.474095796676441833e-02
3.851417399804496489e-01,2.883675464320625825e-01,1.407624633431085182e-01,1.358748778103616717e-01
1.173020527859237536e-02,2.130987292277614908e-01,1.427174975562072456e-01,1.485826001955034281e-01
1.867057673509286420e-01,1.564027370478983381e-01,1.388074291300097629e-01,8.993157380254154787e-02
4.398826979472141019e-02,1.231671554252199430e-01,1.348973607038123079e-01,3.069403714565004937e-01
2.854349951124144913e-01,1.632453567937438843e-01,1.388074291300097629e-01,7.624633431085044155e-02
9.775171065493646130e-04,1.114369501466275642e-01,1.348973607038123079e-01,3.313782991202345873e-01
0.000000000000000000e+00,5.474095796676441833e-02,1.251221896383186705e-01,6.353861192570869898e-02
2.287390029325513108e-01,9.384164222873900285e-02,1.241446725317693067e-01,1.036168132942326542e-01
0.000000000000000000e+00,6.842619745845551771e-02,1.192570869990224880e-01,2.306940371456500383e-01
3.030303030303030387e-02,3.910068426197458452e-02,1.114369501466275642e-01,6.549364613880742647e-02
0.000000000000000000e+00,1.857282502443792851e-02,1.036168132942326542e-01,2.942326490713587650e-01
1.378299120234603992e-01,4.301075268817204644e-02,1.006842619745845491e-01,4.692082111436950143e-02
2.873900293255132188e-01,1.485826001955034281e-01,1.104594330400782004e-01,1.808406647116324595e-01
5.865102639296187678e-03,1.231671554252199430e-01,1.114369501466275642e-01,1.388074291300097629e-01
1.485826001955034281e-01,9.677419354838709409e-02,1.085043988269794729e-01,8.308895405669598777e-02
2.834799608993157291e-02,8.015640273704789653e-02,1.055718475073313817e-01,2.844574780058651275e-01
2.091886608015640359e-01,1.075268817204301092e-01,1.065493646138807454e-01,5.767350928641250957e-02
1.026392961876832904e-01,1.280547409579667617e-01,1.104594330400782004e-01,3.030303030303030387e-01
6.744868035190615396e-02,1.036168132942326542e-01,1.085043988269794729e-01,5.083088954056696335e-02
0.000000000000000000e+00,6.256109481915933523e-02,1.026392961876832904e-01,1.192570869990224880e-01
3.910068426197458452e-03,3.323558162267839511e-02,9.579667644183773034e-02,1.896383186705767332e-01
0.000000000000000000e+00,7.820136852394916904e-03,8.015640273704789653e-02,1.700879765395894305e-01
0.000000000000000000e+00,2.932551319648093839e-03,7.526881720430107781e-02,5.278592375366569084e-02
0.000000000000000000e+00,9.775171065493646130e-04,6.940371456500488145e-02,2.561094819159335234e-01
4.887585532746822892e-02,2.346041055718475071e-02,6.744868035190615396e-02,3.519061583577712954e-02
9.970674486803518533e-02,6.060606060606060774e-02,7.038123167155425908e-02,2.913000977517106738e-01
2.834799608993157291e-02,5.180840664711632709e-02,6.842619745845551771e-02,2.346041055718475071e-02
6.256109481915933523e-02,5.278592375366569084e-02,6.744868035190615396e-02,8.113391984359726028e-02
2.199413489736070371e-01,1.114369501466275642e-01,7.429130009775171406e-02,2.140762463343108546e-01
2.130987292277614908e-01,1.710654936461387943e-01,8.504398826979471526e-02,4.594330400782013768e-02
8.504398826979471526e-02,1.554252199413489743e-01,8.993157380254154787e-02,2.893450635386119463e-01
7.722385141739980530e-02,1.114369501466275642e-01,8.797653958944282038e-02,3.128054740957966762e-02
0.000000000000000000e+00,6.549364613880742647e-02,8.308895405669598777e-02,1.603128054740957931e-01
0.000000000000000000e+00,3.225806451612903136e-02,7.722385141739980530e-02,1.632453567937438843e-01
0.000000000000000000e+00,1.564027370478983381e-02,7.233626588465298657e-02,4.496578690127077393e-02
1.818181818181818232e-01,5.376344086021505458e-02,7.331378299120235031e-02,2.600195503421309784e-01
3.470185728250244628e-01,1.876832844574780057e-01,8.993157380254154787e-02,4.692082111436950143e-02
1.075268817204301161e-02,1.661779081133919755e-01,9.579667644183773034e-02,2.971652003910068562e-01
5.278592375366569084e-02,9.090909090909091161e-02,8.895405669599218412e-02,3.714565004887585703e-02
2.932551319648093839e-03,4.887585532746822892e-02,8.406647116324535152e-02,6.744868035190615396e-02
8.504398826979471526e-02,5.083088954056696335e-02,8.113391984359726028e-02,2.091886608015640359e-01
4.887585532746822892e-02,5.571847507331378208e-02,8.015640273704789653e-02,4.692082111436950143e-02
2.766373411534701621e-01,1.300097751710654892e-01,8.797653958944282038e-02,2.776148582600195258e-01
2.932551319648093839e-03,1.075268817204301092e-01,8.895405669599218412e-02,3.128054740957966762e-02
1.955034213098729226e-03,5.278592375366569084e-02,8.308895405669598777e-02,1.045943304007820179e-01
2.150537634408602183e-01,8.797653958944282038e-02,8.504398826979471526e-02,1.759530791788856408e-01
1.955034213098729226e-03,7.917888563049853279e-02,8.504398826979471526e-02,5.376344086021505458e-02
1.955034213098729226e-02,4.692082111436950143e-02,8.015640273704789653e-02,2.668621700879765246e-01
0.000000000000000000e+00,2.834799608993157291e-02,7.526881720430107781e-02,3.323558162267839511e-02
2.091886608015640359e-01,7.722385141739980530e-02,7.820136852394916904e-02,2.336265884652981295e-01
4.594330400782013768e-02,1.173020527859237605e-01,8.406647116324535152e-02,2.834799608993157291e-02
3.030303030303030387e-02,7.429130009775171406e-02,8.113391984359726028e-02,5.962854349951124400e-02
1.075268817204301161e-02,4.301075268817204644e-02,7.624633431085044155e-02,2.160312805474095821e-01
0.000000000000000000e+00,2.248289345063538697e-02,7.135874877810362282e-02,3.616813294232649328e-02
1.661779081133919755e-02,1.466275659824047006e-02,6.647116324535679022e-02,2.727272727272727071e-01
4.692082111436950143e-02,3.714565004887585703e-02,6.647116324535679022e-02,1.955034213098729226e-02
1.290322580645161255e-01,7.429130009775171406e-02,6.940371456500488145e-02,1.065493646138807454e-01
8.406647116324535152e-02,8.602150537634409289e-02,7.135874877810362282e-02,1.739980449657869133e-01
1.173020527859237536e-02,6.647116324535679022e-02,7.038123167155425908e-02,3.714565004887585703e-02
1.397849462365591267e-01,7.624633431085044155e-02,7.038123167155425908e-02,2.658846529814271609e-01
3.128054740957966762e-01,1.661779081133919755e-01,8.308895405669598777e-02,4.203323558162267576e-02
3.186705767350928586e-01,2.502443792766373409e-01,1.006842619745845491e-01,2.551319648093841597e-01
3.910068426197458452e-03,1.524926686217008831e-01,9.872922776148582158e-02,3.910068426197458452e-02
9.481915933528836660e-02,1.026392961876832904e-01,9.481915933528836660e-02,7.722385141739980530e-02
1.075268817204301092e-01,1.006842619745845491e-01,9.481915933528836660e-02,2.531769305962854322e-01
1.075268817204301092e-01,1.065493646138807454e-01,9.579667644183773034e-02,4.594330400782013768e-02
3.108504398826979487e-01,1.798631476050830957e-01,1.055718475073313817e-01,3.128054740957966762e-01
3.108504398826979487e-01,2.590420332355816146e-01,1.221896383186705792e-01,5.571847507331378208e-02
2.130987292277614908e-01,2.541544477028347959e-01,1.319648093841642167e-01,1.446725317693059731e-01
0.000000000000000000e+00,1.368523949169110354e-01,1.241446725317693067e-01,1.300097751710654892e-01
1.124144672531769279e-01,9.481915933528836660e-02,1.192570869990224880e-01,7.429130009775171406e-02
0.000000000000000000e+00,6.353861192570869898e-02,1.133919843597262916e-01,3.010752688172043112e-01
0.000000000000000000e+00,3.128054740957966762e-02,1.045943304007820179e-01,5.376344086021505458e-02
0.000000000000000000e+00,1.564027370478983381e-02,9.775171065493645783e-02,2.776148582600195258e-01
0.000000000000000000e+00,6.842619745845552291e-03,9.090909090909091161e-02,1.065493646138807454e-01
1.818181818181818232e-01,4.985337243401759266e-02,8.993157380254154787e-02,7.917888563049853279e-02
9.775171065493646130e-04,5.571847507331378208e-02,8.895405669599218412e-02,2.551319648093841597e-01
0.000000000000000000e+00,2.639296187683284542e-02,8.308895405669598777e-02,3.616813294232649328e-02
1.759530791788856477e-02,1.857282502443792851e-02,7.820136852394916904e-02,2.913000977517106738e-01
3.714565004887585703e-02,2.443792766373411446e-02,7.526881720430107781e-02,2.150537634408602322e-02
2.825024437927664001e-01,1.212121212121212155e-01,8.406647116324535152e-02,1.104594330400782004e-01
2.737047898338220708e-01,2.072336265884653084e-01,9.872922776148582158e-02,1.378299120234603992e-01
0.000000000000000000e+00,1.173020527859237605e-01,9.384164222873900285e-02,4.692082111436950143e-02
2.121212121212121271e-01,1.163245356793743829e-01,9.481915933528836660e-02,2.795698924731182533e-01
0.000000000000000000e+00,8.308895405669598777e-02,9.286412512218963911e-02,4.594330400782013768e-02
2.091886608015640359e-01,7.233626588465298657e-02,8.406647116324535152e-02,6.940371456500488145e-02
0.000000000000000000e+00,5.865102639296188025e-02,8.211143695014662403e-02,2.903225806451613100e-01
5.571847507331378208e-02,4.301075268817204644e-02,7.820136852394916904e-02,3.323558162267839511e-02
3.910068426197458452e-02,4.594330400782013768e-02,7.624633431085044155e-02,1.045943304007820179e-01
1.955034213098729226e-03,2.541544477028348167e-02,7.135874877810362282e-02,1.485826001955034281e-01
9.286412512218963911e-02,4.007820136852394827e-02,7.038123167155425908e-02,5.376344086021505458e-02
1.622678396871945206e-01,8.895405669599218412e-02,7.429130009775171406e-02,2.570869990224828872e-01
3.059628543499511300e-01,1.710654936461387943e-01,8.602150537634409289e-02,4.594330400782013768e-02
2.932551319648093839e-03,1.290322580645161255e-01,8.797653958944282038e-02,2.023460410557184619e-01
0.000000000000000000e+00,6.256109481915933523e-02,8.113391984359726028e-02,4.692082111436950143e-02
1.818181818181818232e-01,7.722385141739980530e-02,8.113391984359726028e-02,5.180840664711632709e-02
9.775171065493646130e-04,6.549364613880742647e-02,8.015640273704789653e-02,2.668621700879765246e-01
0.000000000000000000e+00,3.128054740957966762e-02,7.429130009775171406e-02,3.323558162267839511e-02
0.000000000000000000e+00,1.466275659824047006e-02,6.940371456500488145e-02,2.834799608993157638e-01
3.616813294232649328e-02,2.052785923753665601e-02,6.647116324535679022e-02,2.052785923753665601e-02
2.385141739980449760e-01,9.090909090909091161e-02,7.233626588465298657e-02,8.113391984359726028e-02
2.932551319648093839e-03,8.406647116324535152e-02,7.331378299120235031e-02,1.994134897360703707e-01
0.000000000000000000e+00,4.105571847507331201e-02,6.842619745845551771e-02,2.248289345063538697e-02
0.000000000000000000e+00,1.955034213098729226e-02,6.353861192570869898e-02,2.600195503421309784e-01
1.348973607038123079e-01,4.789833822091886517e-02,6.353861192570869898e-02,1.564027370478983381e-02
1.075268817204301161e-02,5.767350928641250957e-02,6.451612903225806273e-02,1.114369501466275642e-01
2.297165200391006745e-01,9.970674486803518533e-02,6.940371456500488145e-02,1.827956989247311870e-01
9.775171065493646130e-04,7.526881720430107781e-02,6.842619745845551771e-02,3.030303030303030387e-02
0.000000000000000000e+00,3.616813294232649328e-02,6.451612903225806273e-02,2.658846529814271609e-01
3.323558162267839511e-02,2.639296187683284542e-02,6.060606060606060774e-02,3.030303030303030387e-02
2.756598240469207983e-01,1.173020527859237605e-01,7.038123167155425908e-02,2.434017595307917947e-01
3.792766373411534664e-01,2.394916911045943397e-01,8.993157380254154787e-02,4.692082111436950143e-02
1.955034213098729226e-03,1.573802541544477018e-01,9.090909090909091161e-02,5.278592375366569084e-02
0.000000000000000000e+00,7.722385141739980530e-02,8.406647116324535152e-02,2.277614858260019470e-01
0.000000000000000000e+00,3.812316715542522078e-02,7.820136852394916904e-02,4.496578690127077393e-02
1.045943304007820179e-01,6.451612903225806273e-02,7.820136852394916904e-02,2.727272727272727071e-01
1.955034213098729226e-03,5.865102639296188025e-02,7.722385141739980530e-02,2.541544477028348167e-02
2.404692082111437035e-01,1.055718475073313817e-01,8.113391984359726028e-02,1.075268817204301092e-01
8.797653958944282385e-03,1.143695014662756554e-01,8.602150537634409289e-02,2.043010752688172171e-01
9.775171065493646130e-04,5.571847507331378208e-02,8.015640273704789653e-02,5.376344086021505458e-02
4.105571847507331201e-02,4.789833822091886517e-02,7.722385141739980530e-02,2.639296187683284334e-01
1.544477028347996106e-01,8.211143695014662403e-02,7.917888563049853279e-02,3.714565004887585703e-02
0.000000000000000000e+00,5.962854349951124400e-02,7.722385141739980530e-02,2.336265884652981295e-01
1.818181818181818232e-01,9.090909090909091161e-02,7.917888563049853279e-02,2.737047898338220916e-02
3.264907135874877686e-01,1.925708699902248244e-01,9.384164222873900285e-02,7.722385141739980530e-02
1.955034213098729226e-03,1.280547409579667617e-01,9.286412512218963911e-02,2.287390029325513108e-01
0.000000000000000000e+00,6.256109481915933523e-02,8.602150537634409289e-02,5.571847507331378208e-02
2.365591397849462485e-01,1.045943304007820179e-01,8.895405669599218412e-02,2.766373411534701621e-01
1.231671554252199430e-01,1.446725317693059731e-01,9.677419354838709409e-02,3.714565004887585703e-02
3.196480938416422224e-01,2.013685239491690981e-01,1.065493646138807454e-01,1.300097751710654892e-01
9.775171065493646130e-04,1.260997067448680342e-01,1.036168132942326542e-01,1.808406647116324595e-01
2.228739002932551283e-01,1.241446725317693067e-01,1.045943304007820179e-01,6.256109481915933523e-02
8.993157380254154787e-02,1.388074291300097629e-01,1.085043988269794729e-01,2.785923753665688896e-01
2.453567937438905222e-01,1.524926686217008831e-01,1.114369501466275642e-01,5.865102639296188025e-02
4.692082111436950143e-02,1.348973607038123079e-01,1.133919843597262916e-01,2.756598240469207983e-01
0.000000000000000000e+00,6.451612903225806273e-02,1.045943304007820179e-01,4.203323558162267576e-02
0.000000000000000000e+00,3.128054740957966762e-02,9.775171065493645783e-02,8.895405669599218412e-02
4.887585532746822892e-02,3.225806451612903136e-02,9.286412512218963911e-02,2.434017595307917947e-01
1.779081133919843682e-01,8.015640273704789653e-02,9.481915933528836660e-02,4.887585532746822892e-02
1.955034213098729226e-03,6.842619745845551771e-02,9.286412512218963911e-02,2.913000977517106738e-01
1.955034213098729226e-03,3.421309872922775885e-02,8.602150537634409289e-02,2.541544477028348167e-02
0.000000000000000000e+00,1.661779081133919755e-02,8.015640273704789653e-02,1.016617790811339267e-01
2.424242424242424310e-01,8.699902248289345663e-02,8.504398826979471526e-02,1.300097751710654892e-01
3.343108504398826786e-01,2.111436950146627634e-01,1.026392961876832904e-01,6.060606060606060774e-02
1.652003910068426118e-01,2.062561094819159446e-01,1.094819159335288367e-01,2.922776148582600375e-01
1.759530791788856477e-02,1.182795698924731242e-01,1.045943304007820179e-01,5.180840664711632709e-02
3.910068426197458452e-03,6.451612903225806273e-02,9.872922776148582158e-02,2.580645161290322509e-01
9.775171065493646130e-04,3.225806451612903136e-02,9.090909090909091161e-02,1.104594330400782004e-01
0.000000000000000000e+00,1.759530791788856477e-02,8.504398826979471526e-02,6.647116324535679022e-02
0.000000000000000000e+00,5.865102639296187678e-03,7.135874877810362282e-02,1.515151515151515194e-01
5.278592375366569084e-02,1.661779081133919755e-02,6.842619745845551771e-02,1.045943304007820179e-01
6.256109481915933523e-02,4.496578690127077393e-02,6.842619745845551771e-02,3.910068426197458452e-02
1.466275659824047006e-02,4.789833822091886517e-02,6.744868035190615396e-02,2.717497556207233433e-01
2.463343108504398860e-01,1.055718475073313817e-01,7.331378299120235031e-02,3.616813294232649328e-02
7.820136852394916904e-03,1.114369501466275642e-01,7.820136852394916904e-02,2.688172043010752521e-01
0.000000000000000000e+00,5.376344086021505458e-02,7.233626588465298657e-02,8.993157380254154787e-02
2.394916911045943397e-01,1.026392961876832904e-01,7.722385141739980530e-02,7.233626588465298657e-02
4.887585532746823065e-03,1.026392961876832904e-01,8.015640273704789653e-02,2.502443792766373409e-01
1.417399804496578819e-01,8.797653958944282038e-02,7.917888563049853279e-02,3.421309872922775885e-02
5.571847507331378208e-02,1.016617790811339267e-01,8.211143695014662403e-02,2.795698924731182533e-01
2.844574780058651275e-01,1.573802541544477018e-01,8.993157380254154787e-02,4.301075268817204644e-02
0.000000000000000000e+00,1.026392961876832904e-01,8.797653958944282038e-02,1.260997067448680342e-01
0.000000000000000000e+00,4.985337243401759266e-02,8.211143695014662403e-02,1.016617790811339267e-01
2.541544477028347959e-01,1.104594330400782004e-01,8.699902248289345663e-02,5.278592375366569084e-02
9.775171065493645783e-02,1.612903225806451568e-01,9.677419354838709409e-02,2.785923753665688896e-01
0.000000000000000000e+00,8.895405669599218412e-02,9.188660801564027536e-02,4.203323558162267576e-02
2.453567937438905222e-01,1.212121212121212155e-01,9.481915933528836660e-02,2.521994134897360684e-01
3.910068426197458452e-03,1.085043988269794729e-01,9.579667644183773034e-02,1.241446725317693067e-01
9.872922776148582158e-02,8.015640273704789653e-02,9.286412512218963911e-02,7.038123167155425908e-02
2.737047898338220708e-01,1.417399804496578819e-01,9.872922776148582158e-02,2.600195503421309784e-01
3.910068426197458452e-03,1.182795698924731242e-01,1.006842619745845491e-01,5.767350928641250957e-02
0.000000000000000000e+00,5.767350928641250957e-02,9.286412512218963911e-02,2.727272727272727071e-01
4.692082111436950143e-02,4.007820136852394827e-02,8.797653958944282038e-02,5.278592375366569084e-02
7.722385141739980530e-02,5.180840664711632709e-02,8.602150537634409289e-02,1.094819159335288367e-01
8.993157380254154787e-02,6.940371456500488145e-02,8.602150537634409289e-02,1.026392961876832904e-01
1.231671554252199430e-01,9.188660801564027536e-02,8.797653958944282038e-02,6.549364613880742647e-02
3.069403714565004937e-01,1.661779081133919755e-01,9.775171065493645783e-02,2.873900293255132188e-01
3.519061583577712954e-02,1.573802541544477018e-01,1.036168132942326542e-01,6.256109481915933523e-02
7.233626588465298657e-02,1.036168132942326542e-01,9.872922776148582158e-02,2.580645161290322509e-01
2.189638318670576733e-01,1.290322580645161255e-01,1.016617790811339267e-01,1.163245356793743829e-01
9.775171065493646130e-04,9.775171065493645783e-02,1.006842619745845491e-01,8.993157380254154787e-02
0.000000000000000000e+00,4.789833822091886517e-02,9.384164222873900285e-02,2.101661779081133996e-01
0.000000000000000000e+00,2.346041055718475071e-02,8.699902248289345663e-02,4.887585532746822892e-02
2.179863147605083096e-01,7.624633431085044155e-02,8.895405669599218412e-02,2.854349951124144913e-01
4.887585532746823065e-03,8.993157380254154787e-02,9.188660801564027536e-02,5.180840664711632709e-02
6.158357771260997149e-02,5.474095796676441833e-02,8.602150537634409289e-02,1.212121212121212155e-01
0.000000000000000000e+00,2.639296187683284542e-02,8.015640273704789653e-02,1.016617790811339267e-01
1.867057673509286420e-01,6.158357771260997149e-02,8.015640273704789653e-02,4.887585532746822892e-02
9.775171065493646130e-04,5.669599217986314582e-02,7.917888563049853279e-02,2.785923753665688896e-01
2.453567937438905222e-01,1.065493646138807454e-01,8.406647116324535152e-02,3.421309872922775885e-02
2.932551319648093839e-03,9.775171065493645783e-02,8.602150537634409289e-02,2.394916911045943397e-01
0.000000000000000000e+00,4.692082111436950143e-02,7.917888563049853279e-02,9.872922776148582158e-02
0.000000000000000000e+00,2.248289345063538697e-02,7.429130009775171406e-02,7.038123167155425908e-02
1.329423264907135804e-01,4.496578690127077393e-02,7.233626588465298657e-02,2.209188660801564008e-01
0.000000000000000000e+00,2.932551319648094013e-02,6.940371456500488145e-02,2.932551319648094013e-02
1.173020527859237536e-02,1.759530791788856477e-02,6.451612903225806273e-02,2.834799608993157638e-01
2.541544477028347959e-01,9.677419354838709409e-02,7.135874877810362282e-02,2.834799608993157291e-02
3.704789833822091927e-01,2.238514173998044920e-01,9.090909090909091161e-02,1.124144672531769279e-01
2.140762463343108546e-01,2.394916911045943397e-01,1.026392961876832904e-01,2.336265884652981295e-01
0.000000000000000000e+00,1.212121212121212155e-01,9.579667644183773034e-02,4.496578690127077393e-02
4.105571847507331201e-02,6.940371456500488145e-02,8.993157380254154787e-02,2.961876832844574925e-01
1.006842619745845491e-01,7.526881720430107781e-02,8.895405669599218412e-02,4.496578690127077393e-02
7.820136852394916904e-03,6.353861192570869898e-02,8.699902248289345663e-02,2.248289345063538558e-01
1.026392961876832904e-01,5.962854349951124400e-02,8.504398826979471526e-02,6.744868035190615396e-02
5.865102639296188025e-02,6.647116324535679022e-02,8.406647116324535152e-02,5.571847507331378208e-02
1.915933528836754607e-01,1.094819159335288367e-01,8.797653958944282038e-02,2.561094819159335234e-01
8.015640273704789653e-02,1.124144672531769279e-01,8.993157380254154787e-02,4.203323558162267576e-02
2.160312805474095821e-01,1.309872922776148529e-01,9.384164222873900285e-02,2.961876832844574925e-01
6.842619745845552291e-03,1.055718475073313817e-01,9.384164222873900285e-02,3.714565004887585703e-02
3.225806451612903136e-02,6.940371456500488145e-02,8.993157380254154787e-02,1.045943304007820179e-01
2.619745845552297059e-01,1.260997067448680342e-01,9.579667644183773034e-02,2.228739002932551283e-01
2.199413489736070371e-01,1.955034213098729157e-01,1.075268817204301092e-01,6.256109481915933523e-02
2.150537634408602322e-02,1.485826001955034281e-01,1.085043988269794729e-01,2.991202346041055837e-01
7.429130009775171406e-02,5.962854349951124400e-02,9.579667644183773034e-02,2.297165200391006745e-01
0.000000000000000000e+00,4.203323558162267576e-02,9.090909090909091161e-02,4.789833822091886517e-02
2.453567937438905222e-01,9.970674486803518533e-02,9.384164222873900285e-02,2.971652003910068562e-01
5.865102639296187678e-03,1.055718475073313817e-01,9.677419354838709409e-02,3.812316715542522078e-02
0.000000000000000000e+00,5.083088954056696335e-02,8.993157380254154787e-02,1.124144672531769279e-01
0.000000000000000000e+00,2.443792766373411446e-02,8.406647116324535152e-02,2.121212121212121271e-01
3.030303030303030387e-02,1.661779081133919755e-02,7.820136852394916904e-02,4.692082111436950143e-02
3.616813294232649328e-02,2.443792766373411446e-02,7.526881720430107781e-02,2.590420332355816146e-01
2.385141739980449760e-01,9.188660801564027536e-02,8.015640273704789653e-02,3.128054740957966762e-02
4.985337243401759266e-02,1.055718475073313817e-01,8.406647116324535152e-02,2.140762463343108546e-01
0.000000000000000000e+00,5.180840664711632709e-02,7.820136852394916904e-02,5.474095796676441833e-02
6.940371456500488145e-02,4.301075268817204644e-02,7.526881720430107781e-02,5.962854349951124400e-02
2.375366568914956122e-01,1.124144672531769279e-01,8.113391984359726028e-02,2.551319648093841597e-01
2.639296187683284542e-02,1.260997067448680342e-01,8.699902248289345663e-02,4.594330400782013768e-02
2.326490713587487658e-01,1.388074291300097629e-01,9.090909090909091161e-02,2.903225806451613100e-01
3.910068426197458452e-03,9.579667644183773034e-02,8.895405669599218412e-02,3.323558162267839511e-02
3.030303030303030387e-02,5.669599217986314582e-02,8.406647116324535152e-02,1.114369501466275642e-01
0.000000000000000000e+00,2.737047898338220916e-02,7.820136852394916904e-02,2.248289345063538558e-01
1.270772238514173980e-01,4.301075268817204644e-02,7.624633431085044155e-02,4.301075268817204644e-02
1.955034213098729226e-03,5.376344086021505458e-02,7.624633431085044155e-02,2.746823069403714346e-01
1.388074291300097629e-01,7.917888563049853279e-02,7.722385141739980530e-02,3.519061583577712954e-02
4.887585532746822892e-02,9.481915933528836660e-02,8.015640273704789653e-02,1.955034213098729157e-01
0.000000000000000000e+00,4.887585532746822892e-02,7.526881720430107781e-02,7.429130009775171406e-02
5.865102639296187678e-03,2.834799608993157291e-02,7.038123167155425908e-02,3.910068426197458452e-02
6.744868035190615396e-02,3.616813294232649328e-02,6.842619745845551771e-02,2.756598240469207983e-01
0.000000000000000000e+00,1.955034213098729226e-02,6.451612903225806273e-02,3.128054740957966762e-02
0.000000000000000000e+00,9.775171065493646130e-03,5.962854349951124400e-02,2.737047898338220708e-01
6.842619745845551771e-02,1.759530791788856477e-02,5.767350928641250957e-02,6.549364613880742647e-02
2.727272727272727071e-01,1.114369501466275642e-01,6.647116324535679022e-02,7.038123167155425908e-02
1.085043988269794729e-01,1.515151515151515194e-01,7.624633431085044155e-02,2.218963831867057646e-01
2.160312805474095821e-01,1.593352883675464293e-01,8.211143695014662403e-02,4.594330400782013768e-02
5.865102639296187678e-03,1.260997067448680342e-01,8.406647116324535152e-02,2.873900293255132188e-01
0.000000000000000000e+00,6.158357771260997149e-02,7.820136852394916904e-02,3.812316715542522078e-02
7.820136852394916904e-03,3.421309872922775885e-02,7.331378299120235031e-02,1.417399804496578819e-01
2.306940371456500383e-01,8.895405669599218412e-02,7.722385141739980530e-02,6.842619745845551771e-02
9.775171065493646130e-04,7.526881720430107781e-02,7.722385141739980530e-02,4.985337243401759266e-02
2.580645161290322509e-01,1.241446725317693067e-01,8.211143695014662403e-02,2.678396871945258884e-01
3.421309872922775885e-02,1.231671554252199430e-01,8.699902248289345663e-02,3.519061583577712954e-02
2.639296187683284542e-02,7.233626588465298657e-02,8.211143695014662403e-02,2.434017595307917947e-01
1.026392961876832904e-01,7.331378299120235031e-02,8.113391984359726028e-02,8.504398826979471526e-02
0.000000000000000000e+00,4.789833822091886517e-02,7.722385141739980530e-02,7.233626588465298657e-02
3.421309872922775885e-02,4.007820136852394827e-02,7.429130009775171406e-02,2.072336265884653084e-01
6.842619745845552291e-03,3.421309872922775885e-02,7.135874877810362282e-02,4.105571847507331201e-02
2.385141739980449760e-01,9.481915933528836660e-02,7.624633431085044155e-02,2.776148582600195258e-01
3.675464320625611014e-01,2.209188660801564008e-01,9.481915933528836660e-02,4.496578690127077393e-02
3.910068426197458452e-03,1.573802541544477018e-01,9.579667644183773034e-02,1.270772238514173980e-01
2.551319648093841597e-01,1.573802541544477018e-01,9.970674486803518533e-02,2.121212121212121271e-01
3.890518084066471038e-01,2.639296187683284334e-01,1.182795698924731242e-01,8.211143695014662403e-02
1.955034213098729226e-03,1.700879765395894305e-01,1.163245356793743829e-01,2.873900293255132188e-01
1.329423264907135804e-01,1.192570869990224880e-01,1.124144672531769279e-01,4.985337243401759266e-02
0.000000000000000000e+00,7.820136852394916904e-02,1.075268817204301092e-01,2.883675464320625825e-01
2.697947214076246158e-01,1.309872922776148529e-01,1.124144672531769279e-01,4.789833822091886517e-02
3.919843597262951951e-01,2.521994134897360684e-01,1.300097751710654892e-01,1.006842619745845491e-01
5.767350928641250957e-02,2.013685239491690981e-01,1.319648093841642167e-01,2.492668621700879772e-01
0.000000000000000000e+00,1.065493646138807454e-01,1.241446725317693067e-01,7.233626588465298657e-02
2.336265884652981295e-01,1.221896383186705792e-01,1.241446725317693067e-01,3.040078201368524025e-01
3.861192570869990126e-01,2.434017595307917947e-01,1.407624633431085182e-01,7.429130009775171406e-02
4.692082111436950143e-02,1.925708699902248244e-01,1.417399804496578819e-01,2.072336265884653084e-01
1.466275659824047006e-02,1.075268817204301092e-01,1.339198435972629442e-01,2.052785923753665809e-01
5.962854349951124400e-02,7.233626588465298657e-02,1.270772238514173980e-01,7.917888563049853279e-02
1.104594330400782004e-01,8.895405669599218412e-02,1.251221896383186705e-01,2.913000977517106738e-01
1.955034213098729226e-03,7.331378299120235031e-02,1.212121212121212155e-01,7.233626588465298657e-02
0.000000000000000000e+00,3.519061583577712954e-02,1.124144672531769279e-01,3.137829912023460399e-01
5.865102639296187678e-03,2.052785923753665601e-02,1.045943304007820179e-01,5.278592375366569084e-02
0.000000000000000000e+00,1.466275659824047006e-02,8.993157380254154787e-02,7.722385141739980530e-02
0.000000000000000000e+00,6.842619745845552291e-03,8.406647116324535152e-02,2.492668621700879772e-01
2.541544477028347959e-01,9.090909090909091161e-02,8.895405669599218412e-02,1.319648093841642167e-01
2.932551319648093839e-03,8.797653958944282038e-02,8.993157380254154787e-02,6.842619745845551771e-02
3.910068426197458452e-02,5.571847507331378208e-02,8.504398826979471526e-02,2.453567937438905222e-01
0.000000000000000000e+00,3.519061583577712954e-02,8.113391984359726028e-02,5.180840664711632709e-02
1.837732160312805507e-01,7.038123167155425908e-02,8.211143695014662403e-02,2.961876832844574925e-01
8.797653958944282385e-03,6.256109481915933523e-02,8.113391984359726028e-02,3.225806451612903136e-02
1.319648093841642167e-01,7.038123167155425908e-02,8.015640273704789653e-02,1.006842619745845491e-01
0.000000000000000000e+00,5.376344086021505458e-02,7.722385141739980530e-02,1.642228739002932481e-01
5.278592375366569084e-02,5.278592375366569084e-02,7.624633431085044155e-02,4.203323558162267576e-02
0.000000000000000000e+00,3.519061583577712954e-02,7.233626588465298657e-02,2.707722385141739796e-01
2.238514173998044920e-01,8.504398826979471526e-02,7.526881720430107781e-02,2.932551319648094013e-02
1.270772238514174084e-02,1.026392961876832904e-01,8.015640273704789653e-02,1.945259042033235519e-01
2.003910068426197344e-01,1.104594330400782004e-01,8.211143695014662403e-02,1.476050830889540644e-01
7.722385141739980530e-02,1.192570869990224880e-01,8.602150537634409289e-02,5.278592375366569084e-02
0.000000000000000000e+00,7.233626588465298657e-02,8.211143695014662403e-02,2.600195503421309784e-01
9.775171065493646130e-03,3.910068426197458452e-02,7.624633431085044155e-02,3.519061583577712954e-02
2.258064516129032195e-01,8.895405669599218412e-02,8.015640273704789653e-02,2.873900293255132188e-01
1.955034213098729226e-03,8.113391984359726028e-02,8.015640273704789653e-02,3.225806451612903136e-02
1.564027370478983381e-02,4.789833822091886517e-02,7.624633431085044155e-02,7.820136852394916904e-02
2.453567937438905222e-01,1.055718475073313817e-01,8.113391984359726028e-02,1.984359726295210069e-01
2.541544477028348167e-02,1.006842619745845491e-01,8.308895405669598777e-02,3.616813294232649328e-02
1.075268817204301161e-02,6.060606060606060774e-02,7.917888563049853279e-02,2.697947214076246158e-01
0.000000000000000000e+00,3.421309872922775885e-02,7.429130009775171406e-02,2.541544477028348167e-02
1.955034213098729226e-02,2.737047898338220916e-02,7.038123167155425908e-02,1.309872922776148529e-01
0.000000000000000000e+00,1.955034213098729226e-02,6.647116324535679022e-02,1.564027370478983381e-01
0.000000000000000000e+00,8.797653958944282385e-03,6.158357771260997149e-02,4.301075268817204644e-02
0.000000000000000000e+00,3.910068426197458452e-03,5.767350928641250957e-02,2.521994134897360684e-01
2.932551319648093839e-03,1.955034213098729226e-03,5.376344086021505458e-02,2.834799608993157291e-02
2.834799608993157291e-02,1.173020527859237536e-02,5.180840664711632709e-02,2.170087976539589458e-01
0.000000000000000000e+00,9.775171065493646130e-03,4.887585532746822892e-02,2.248289345063538697e-02
0.000000000000000000e+00,3.910068426197458452e-03,4.496578690127077393e-02,3.812316715542522078e-02
2.297165200391006745e-01,7.526881720430107781e-02,5.180840664711632709e-02,2.277614858260019470e-01
3.558162267839687365e-01,2.052785923753665809e-01,7.135874877810362282e-02,3.323558162267839511e-02
1.955034213098729226e-03,1.417399804496578819e-01,7.331378299120235031e-02,2.737047898338220708e-01
9.775171065493646130e-04,7.038123167155425908e-02,6.744868035190615396e-02,2.150537634408602322e-02
2.375366568914956122e-01,1.094819159335288367e-01,7.233626588465298657e-02,9.481915933528836660e-02
9.775171065493646130e-04,8.699902248289345663e-02,7.233626588465298657e-02,1.612903225806451568e-01
2.033235581622678534e-01,9.775171065493645783e-02,7.429130009775171406e-02,4.789833822091886517e-02
3.607038123167155552e-01,2.170087976539589458e-01,9.188660801564027536e-02,2.717497556207233433e-01
3.812316715542522078e-02,1.681329423264907030e-01,9.579667644183773034e-02,4.398826979472141019e-02
0.000000000000000000e+00,9.090909090909091161e-02,8.993157380254154787e-02,2.404692082111437035e-01
0.000000000000000000e+00,4.398826979472141019e-02,8.308895405669598777e-02,4.007820136852394827e-02
0.000000000000000000e+00,2.150537634408602322e-02,7.722385141739980530e-02,7.038123167155425908e-02
6.842619745845551771e-02,2.443792766373411446e-02,7.331378299120235031e-02,2.551319648093841597e-01
0.000000000000000000e+00,1.173020527859237536e-02,6.842619745845551771e-02,3.030303030303030387e-02
1.622678396871945206e-01,4.496578690127077393e-02,6.842619745845551771e-02,2.746823069403714346e-01
9.775171065493646130e-04,5.278592375366569084e-02,6.940371456500488145e-02,1.759530791788856477e-02
1.055718475073313817e-01,6.842619745845551771e-02,6.940371456500488145e-02,8.211143695014662403e-02
9.775171065493646130e-04,5.669599217986314582e-02,6.842619745845551771e-02,1.632453567937438843e-01
1.759530791788856477e-02,3.421309872922775885e-02,6.451612903225806273e-02,2.346041055718475071e-02
2.258064516129032195e-01,8.699902248289345663e-02,6.940371456500488145e-02,2.639296187683284334e-01
3.616813294232649190e-01,2.140762463343108546e-01,8.699902248289345663e-02,4.203323558162267576e-02
8.993157380254154787e-02,2.003910068426197344e-01,9.579667644183773034e-02,1.915933528836754607e-01
3.128054740957966762e-01,2.218963831867057646e-01,1.045943304007820179e-01,8.308895405669598777e-02
1.955034213098729226e-03,1.446725317693059731e-01,1.036168132942326542e-01,5.474095796676441833e-02
6.842619745845552291e-03,7.624633431085044155e-02,9.677419354838709409e-02,2.707722385141739796e-01
0.000000000000000000e+00,4.105571847507331201e-02,8.993157380254154787e-02,4.007820136852394827e-02
0.000000000000000000e+00,1.955034213098729226e-02,8.406647116324535152e-02,2.727272727272727071e-01
2.218963831867057646e-01,7.624633431085044155e-02,8.602150537634409289e-02,2.834799608993157291e-02
5.767350928641250957e-02,9.872922776148582158e-02,8.993157380254154787e-02,7.820136852394916904e-02
0.000000000000000000e+00,5.474095796676441833e-02,8.406647116324535152e-02,2.072336265884653084e-01
0.000000000000000000e+00,2.639296187683284542e-02,7.820136852394916904e-02,4.496578690127077393e-02
0.000000000000000000e+00,2.932551319648093839e-03,6.451612903225806273e-02,6.647116324535679022e-02
2.443792766373411446e-02,1.270772238514174084e-02,6.158357771260997149e-02,2.443792766373411585e-01
3.910068426197458452e-03,1.661779081133919755e-02,5.962854349951124400e-02,2.737047898338220916e-02
0.000000000000000000e+00,6.842619745845552291e-03,5.474095796676441833e-02,2.658846529814271609e-01
2.434017595307917947e-01,8.504398826979471526e-02,6.158357771260997149e-02,1.564027370478983381e-02
1.955034213098729226e-03,8.113391984359726028e-02,6.451612903225806273e-02,8.504398826979471526e-02
1.857282502443792851e-02,4.594330400782013768e-02,6.060606060606060774e-02,1.515151515151515194e-01
0.000000000000000000e+00,2.443792766373411446e-02,5.669599217986314582e-02,2.737047898338220916e-02
1.759530791788856408e-01,5.962854349951124400e-02,5.865102639296188025e-02,2.434017595307917947e-01
0.000000000000000000e+00,4.301075268817204644e-02,5.669599217986314582e-02,1.955034213098729226e-02
0.000000000000000000e+00,2.052785923753665601e-02,5.278592375366569084e-02,1.368523949169110354e-01
0.000000000000000000e+00,9.775171065493646130e-03,4.887585532746822892e-02,1.476050830889540644e-01
1.329423264907135804e-01,3.910068426197458452e-02,4.985337243401759266e-02,3.030303030303030387e-02
6.940371456500488145e-02,7.038123167155425908e-02,5.376344086021505458e-02,2.521994134897360684e-01
0.000000000000000000e+00,3.616813294232649328e-02,5.083088954056696335e-02,2.052785923753665601e-02
2.737047898338220916e-02,2.737047898338220916e-02,4.789833822091886517e-02,2.404692082111437035e-01
0.000000000000000000e+00,1.564027370478983381e-02,4.594330400782013768e-02,2.932551319648093839e-03
0.000000000000000000e+00,7.820136852394916904e-03,4.203323558162267576e-02,3.128054740957966762e-02
2.160312805474095821e-01,7.038123167155425908e-02,4.789833822091886517e-02,2.033235581622678534e-01
9.775171065493646130e-04,6.353861192570869898e-02,4.887585532746822892e-02,2.834799608993157291e-02
4.398826979472141019e-02,5.278592375366569084e-02,4.887585532746822892e-02,2.531769305962854322e-01
2.297165200391006745e-01,1.133919843597262916e-01,5.669599217986314582e-02,3.714565004887585703e-02
0.000000000000000000e+00,8.015640273704789653e-02,5.669599217986314582e-02,7.917888563049853279e-02
0.000000000000000000e+00,3.910068426197458452e-02,5.278592375366569084e-02,1.026392961876832904e-01
1.085043988269794729e-01,4.398826979472141019e-02,5.180840664711632709e-02,1.661779081133919755e-02
9.775171065493646130e-03,3.616813294232649328e-02,5.083088954056696335e-02,2.492668621700879772e-01
0.000000000000000000e+00,1.857282502443792851e-02,4.692082111436950143e-02,2.541544477028348167e-02
2.346041055718475071e-02,1.564027370478983381e-02,4.496578690127077393e-02,1.691104594330400668e-01
2.541544477028348167e-02,2.639296187683284542e-02,4.496578690127077393e-02,2.737047898338220916e-02
7.820136852394916904e-03,2.346041055718475071e-02,4.301075268817204644e-02,3.910068426197458452e-02
0.000000000000000000e+00,1.075268817204301161e-02,4.007820136852394827e-02,2.189638318670576733e-01
0.000000000000000000e+00,4.887585532746823065e-03,3.714565004887585703e-02,2.541544477028348167e-02
2.297165200391006745e-01,7.722385141739980530e-02,4.398826979472141019e-02,2.658846529814271609e-01
0.000000000000000000e+00,5.669599217986314582e-02,4.398826979472141019e-02,2.346041055718475071e-02
2.541544477028348167e-02,3.323558162267839511e-02,4.203323558162267576e-02,7.233626588465298657e-02
0.000000000000000000e+00,1.661779081133919755e-02,3.910068426197458452e-02,1.730205278592375495e-01
0.000000000000000000e+00,7.820136852394916904e-03,3.616813294232649328e-02,1.270772238514174084e-02
1.818181818181818232e-01,5.669599217986314582e-02,4.007820136852394827e-02,2.580645161290322509e-01
0.000000000000000000e+00,4.496578690127077393e-02,4.007820136852394827e-02,1.368523949169110458e-02
0.000000000000000000e+00,2.150537634408602322e-02,3.714565004887585703e-02,1.104594330400782004e-01
0.000000000000000000e+00,9.775171065493646130e-03,3.421309872922775885e-02,1.485826001955034281e-01
6.158357771260997149e-02,3.519061583577712954e-02,3.616813294232649328e-02,1.955034213098729226e-02
2.033235581622678534e-01,1.006842619745845491e-01,4.496578690127077393e-02,2.453567937438905222e-01
3.372434017595307698e-01,2.013685239491690981e-01,6.256109481915933523e-02,3.323558162267839511e-02
1.759530791788856477e-02,1.749755620723362770e-01,7.038123167155425908e-02,2.727272727272727071e-01
1.827956989247311870e-01,1.397849462365591267e-01,7.135874877810362282e-02,2.346041055718475071e-02
2.541544477028348167e-02,1.016617790811339267e-01,7.135874877810362282e-02,5.669599217986314582e-02
0.000000000000000000e+00,5.571847507331378208e-02,6.744868035190615396e-02,2.130987292277614908e-01
0.000000000000000000e+00,2.737047898338220916e-02,6.256109481915933523e-02,2.346041055718475071e-02
4.301075268817204644e-02,2.932551319648094013e-02,5.962854349951124400e-02,2.609970674486803421e-01
2.697947214076246158e-01,1.173020527859237605e-01,6.940371456500488145e-02,2.052785923753665601e-02
7.820136852394916904e-02,1.368523949169110354e-01,7.624633431085044155e-02,1.045943304007820179e-01
2.052785923753665809e-01,1.495601173020527919e-01,8.211143695014662403e-02,1.847507331378299145e-01
7.820136852394916904e-03,1.026392961876832904e-01,8.015640273704789653e-02,3.812316715542522078e-02
1.270772238514174084e-02,5.962854349951124400e-02,7.624633431085044155e-02,2.668621700879765246e-01
9.188660801564027536e-02,5.962854349951124400e-02,7.429130009775171406e-02,4.203323558162267576e-02
3.323558162267839511e-02,5.278592375366569084e-02,7.233626588465298657e-02,2.473118279569892497e-01
4.594330400782013768e-02,4.985337243401759266e-02,7.135874877810362282e-02,2.052785923753665601e-02
3.910068426197458452e-02,4.301075268817204644e-02,6.842619745845551771e-02,4.007820136852394827e-02
3.812316715542522078e-02,4.594330400782013768e-02,6.744868035190615396e-02,2.160312805474095821e-01
0.000000000000000000e+00,3.225806451612903136e-02,6.451612903225806273e-02,3.910068426197458452e-02
4.887585532746823065e-03,1.759530791788856477e-02,5.962854349951124400e-02,2.609970674486803421e-01
2.189638318670576733e-01,7.526881720430107781e-02,6.353861192570869898e-02,1.857282502443792851e-02
7.917888563049853279e-02,1.045943304007820179e-01,6.940371456500488145e-02,9.970674486803518533e-02
1.182795698924731242e-01,8.406647116324535152e-02,6.842619745845551771e-02,2.678396871945258884e-01
3.910068426197458452e-03,7.429130009775171406e-02,6.940371456500488145e-02,3.812316715542522078e-02
0.000000000000000000e+00,3.616813294232649328e-02,6.451612903225806273e-02,7.722385141739980530e-02
0.000000000000000000e+00,1.661779081133919755e-02,5.962854349951124400e-02,1.847507331378299145e-01
1.906158357771260969e-01,6.060606060606060774e-02,6.158357771260997149e-02,3.323558162267839511e-02
2.248289345063538697e-02,7.233626588465298657e-02,6.451612903225806273e-02,2.561094819159335234e-01
8.797653958944282385e-03,4.301075268817204644e-02,6.060606060606060774e-02,1.661779081133919755e-02
5.474095796676441833e-02,3.812316715542522078e-02,5.865102639296188025e-02,1.045943304007820179e-01
4.203323558162267576e-02,4.007820136852394827e-02,5.767350928641250957e-02,1.593352883675464293e-01
0.000000000000000000e+00,2.834799608993157291e-02,5.474095796676441833e-02,4.398826979472141019e-02
2.179863147605083096e-01,8.015640273704789653e-02,5.962854349951124400e-02,2.551319648093841597e-01
3.558162267839687365e-01,2.062561094819159446e-01,7.820136852394916904e-02,4.007820136852394827e-02
5.865102639296187678e-03,1.612903225806451568e-01,8.211143695014662403e-02,2.639296187683284334e-01
1.378299120234603992e-01,1.319648093841642167e-01,8.308895405669598777e-02,3.030303030303030387e-02
7.526881720430107781e-02,1.319648093841642167e-01,8.699902248289345663e-02,6.353861192570869898e-02
0.000000000000000000e+00,7.038123167155425908e-02,8.211143695014662403e-02,2.238514173998044920e-01
2.316715542521994020e-01,1.075268817204301092e-01,8.504398826979471526e-02,4.789833822091886517e-02
2.932551319648093839e-03,9.579667644183773034e-02,8.602150537634409289e-02,2.893450635386119463e-01
3.323558162267839511e-02,5.767350928641250957e-02,8.113391984359726028e-02,3.323558162267839511e-02
1.642228739002932481e-01,8.504398826979471526e-02,8.308895405669598777e-02,1.163245356793743829e-01
0.000000000000000000e+00,6.353861192570869898e-02,8.113391984359726028e-02,1.075268817204301092e-01
0.000000000000000000e+00,3.128054740957966762e-02,7.526881720430107781e-02,4.203323558162267576e-02
1.260997067448680342e-01,5.083088954056696335e-02,7.429130009775171406e-02,2.678396871945258884e-01
0.000000000000000000e+00,4.007820136852394827e-02,7.135874877810362282e-02,3.225806451612903136e-02
1.564027370478983381e-02,2.639296187683284542e-02,6.744868035190615396e-02,2.189638318670576733e-01
1.564027370478983381e-02,2.639296187683284542e-02,6.451612903225806273e-02,3.616813294232649328e-02
4.496578690127077393e-02,3.323558162267839511e-02,6.353861192570869898e-02,4.105571847507331201e-02
2.121212121212121271e-01,9.090909090909091161e-02,6.842619745845551771e-02,2.355816226783968848e-01
9.775171065493646130e-04,7.526881720430107781e-02,6.842619745845551771e-02,3.616813294232649328e-02
0.000000000000000000e+00,3.616813294232649328e-02,6.353861192570869898e-02,2.707722385141739796e-01
1.016617790811339267e-01,4.398826979472141019e-02,6.256109481915933523e-02,3.812316715542522078e-02
9.775171065493646130e-03,3.910068426197458452e-02,6.158357771260997149e-02,7.624633431085044155e-02
2.170087976539589458e-01,8.406647116324535152e-02,6.451612903225806273e-02,1.612903225806451568e-01
1.955034213098729226e-03,7.820136852394916904e-02,6.647116324535679022e-02,3.714565004887585703e-02
1.006842619745845491e-01,7.722385141739980530e-02,6.647116324535679022e-02,2.658846529814271609e-01
1.094819159335288367e-01,1.045943304007820179e-01,7.135874877810362282e-02,3.714565004887585703e-02
0.000000000000000000e+00,5.767350928641250957e-02,6.744868035190615396e-02,1.681329423264907030e-01
1.016617790811339267e-01,5.278592375366569084e-02,6.549364613880742647e-02,1.348973607038123079e-01
9.775171065493646130e-04,5.083088954056696335e-02,6.549364613880742647e-02,4.398826979472141019e-02
2.570869990224828872e-01,1.133919843597262916e-01,7.233626588465298657e-02,2.570869990224828872e-01
1.173020527859237536e-02,1.182795698924731242e-01,7.722385141739980530e-02,4.985337243401759266e-02
0.000000000000000000e+00,5.669599217986314582e-02,7.135874877810362282e-02,2.913000977517106738e-01
0.000000000000000000e+00,2.834799608993157291e-02,6.647116324535679022e-02,2.737047898338220916e-02
0.000000000000000000e+00,1.368523949169110458e-02,6.158357771260997149e-02,7.917888563049853279e-02
0.000000000000000000e+00,6.842619745845552291e-03,5.767350928641250957e-02,1.739980449657869133e-01
1.075268817204301161e-02,9.775171065493646130e-03,5.474095796676441833e-02,2.834799608993157291e-02
1.143695014662756554e-01,4.398826979472141019e-02,5.571847507331378208e-02,2.658846529814271609e-01
0.000000000000000000e+00,2.737047898338220916e-02,5.278592375366569084e-02,1.270772238514174084e-02
0.000000000000000000e+00,1.270772238514174084e-02,4.887585532746822892e-02,1.016617790811339267e-01
4.301075268817204644e-02,1.759530791788856477e-02,4.692082111436950143e-02,1.554252199413489743e-01
0.000000000000000000e+00,7.820136852394916904e-03,4.398826979472141019e-02,2.932551319648094013e-02
0.000000000000000000e+00,2.932551319648093839e-03,4.105571847507331201e-02,2.482893450635386134e-01
0.000000000000000000e+00,9.775171065493646130e-04,3.812316715542522078e-02,1.564027370478983381e-02
4.692082111436950143e-02,1.661779081133919755e-02,3.714565004887585703e-02,2.091886608015640359e-01
0.000000000000000000e+00,1.759530791788856477e-02,3.616813294232649328e-02,9.775171065493646130e-04
8.797653958944282038e-02,3.812316715542522078e-02,3.714565004887585703e-02,2.932551319648094013e-02
1.270772238514174084e-02,5.180840664711632709e-02,4.007820136852394827e-02,2.160312805474095821e-01
3.519061583577712954e-02,3.714565004887585703e-02,3.910068426197458452e-02,2.052785923753665601e-02
1.368523949169110458e-02,2.834799608993157291e-02,3.812316715542522078e-02,2.531769305962854322e-01
6.158357771260997149e-02,3.616813294232649328e-02,3.812316715542522078e-02,4.887585532746823065e-03
0.000000000000000000e+00,2.248289345063538697e-02,3.616813294232649328e-02,7.233626588465298657e-02
0.000000000000000000e+00,1.075268817204301161e-02,3.323558162267839511e-02,1.818181818181818232e-01
1.847507331378299145e-01,5.474095796676441833e-02,3.714565004887585703e-02,2.932551319648094013e-02
3.362658846529814061e-01,1.827956989247311870e-01,5.571847507331378208e-02,2.629521016617790696e-01
3.714565004887585703e-02,2.306940371456500383e-01,9.872922776148582158e-02,2.346041055718475210e-01
0.000000000000000000e+00,1.163245356793743829e-01,9.188660801564027536e-02,4.692082111436950143e-02
0.000000000000000000e+00,5.865102639296188025e-02,8.504398826979471526e-02,2.942326490713587650e-01
0.000000000000000000e+00,2.932551319648094013e-02,7.917888563049853279e-02,2.834799608993157291e-02
4.985337243401759266e-02,2.443792766373411446e-02,7.526881720430107781e-02,1.036168132942326542e-01
0.000000000000000000e+00,1.173020527859237536e-02,6.940371456500488145e-02,2.052785923753665809e-01
1.935483870967741882e-01,5.767350928641250957e-02,7.135874877810362282e-02,4.301075268817204644e-02
2.932551319648093839e-03,6.549364613880742647e-02,7.233626588465298657e-02,2.795698924731182533e-01
0.000000000000000000e+00,3.128054740957966762e-02,6.744868035190615396e-02,3.128054740957966762e-02
5.376344086021505458e-02,2.834799608993157291e-02,6.451612903225806273e-02,1.994134897360703707e-01
2.834799608993157291e-02,3.128054740957966762e-02,6.256109481915933523e-02,4.692082111436950143e-02
5.571847507331378208e-02,4.105571847507331201e-02,6.158357771260997149e-02,3.714565004887585703e-02
4.985337243401759266e-02,4.692082111436950143e-02,6.060606060606060774e-02,2.590420332355816146e-01
0.000000000000000000e+00,2.346041055718475071e-02,5.669599217986314582e-02,2.150537634408602322e-02
2.717497556207233433e-01,1.143695014662756554e-01,6.647116324535679022e-02,2.834799608993157638e-01
3.763440860215053752e-01,2.365591397849462485e-01,8.602150537634409289e-02,5.865102639296188025e-02
3.225806451612903136e-02,2.091886608015640359e-01,9.481915933528836660e-02,9.286412512218963911e-02
1.896383186705767332e-01,1.612903225806451568e-01,9.579667644183773034e-02,2.316715542521994020e-01
1.612903225806451568e-01,1.779081133919843682e-01,1.026392961876832904e-01,5.474095796676441833e-02
5.474095796676441833e-02,1.417399804496578819e-01,1.036168132942326542e-01,3.069403714565004937e-01
3.910068426197458452e-03,7.526881720430107781e-02,9.677419354838709409e-02,4.496578690127077393e-02
0.000000000000000000e+00,3.812316715542522078e-02,8.993157380254154787e-02,1.984359726295210069e-01
1.544477028347996106e-01,6.060606060606060774e-02,8.895405669599218412e-02,8.015640273704789653e-02
0.000000000000000000e+00,4.203323558162267576e-02,8.406647116324535152e-02,4.301075268817204644e-02
0.000000000000000000e+00,1.955034213098729226e-02,7.820136852394916904e-02,2.756598240469207983e-01
0.000000000000000000e+00,9.775171065493646130e-03,7.331378299120235031e-02,4.105571847507331201e-02
2.492668621700879772e-01,9.090909090909091161e-02,7.917888563049853279e-02,2.825024437927664001e-01
7.233626588465298657e-02,1.192570869990224880e-01,8.504398826979471526e-02,3.323558162267839511e-02
2.873900293255132188e-01,1.632453567937438843e-01,9.188660801564027536e-02,9.970674486803518533e-02
5.865102639296187678e-03,1.368523949169110354e-01,9.481915933528836660e-02,2.609970674486803421e-01
2.003910068426197344e-01,1.212121212121212155e-01,9.481915933528836660e-02,4.594330400782013768e-02
0.000000000000000000e+00,7.624633431085044155e-02,9.090909090909091161e-02,2.776148582600195258e-01
1.661779081133919755e-02,4.007820136852394827e-02,8.504398826979471526e-02,3.128054740957966762e-02
7.331378299120235031e-02,4.692082111436950143e-02,8.211143695014662403e-02,1.388074291300097629e-01
2.590420332355816146e-01,1.173020527859237605e-01,8.895405669599218412e-02,8.113391984359726028e-02
1.075268817204301161e-02,1.065493646138807454e-01,9.090909090909091161e-02,6.060606060606060774e-02
2.737047898338220916e-02,6.842619745845551771e-02,8.602150537634409289e-02,2.766373411534701621e-01
2.541544477028347959e-01,1.221896383186705792e-01,9.188660801564027536e-02,4.594330400782013768e-02
3.802541544477028301e-01,2.414467253176930672e-01,1.094819159335288367e-01,3.040078201368524025e-01
3.714565004887585703e-02,2.121212121212121271e-01,1.173020527859237605e-01,5.571847507331378208e-02
2.805474095796676171e-01,1.994134897360703707e-01,1.202346041055718517e-01,1.221896383186705792e-01
1.622678396871945206e-01,2.297165200391006745e-01,1.309872922776148529e-01,2.394916911045943397e-01
0.000000000000000000e+00,1.290322580645161255e-01,1.251221896383186705e-01,6.842619745845551771e-02
0.000000000000000000e+00,6.353861192570869898e-02,1.153470185728250191e-01,2.932551319648094013e-01
0.000000000000000000e+00,3.128054740957966762e-02,1.075268817204301092e-01,5.571847507331378208e-02
0.000000000000000000e+00,1.564027370478983381e-02,9.970674486803518533e-02,1.886608015640273694e-01
1.065493646138807454e-01,3.323558162267839511e-02,9.579667644183773034e-02,8.602150537634409289e-02
0.000000000000000000e+00,3.910068426197458452e-02,9.286412512218963911e-02,6.158357771260997149e-02
2.365591397849462485e-01,9.286412512218963911e-02,9.579667644183773034e-02,2.834799608993157638e-01
5.865102639296187678e-03,1.016617790811339267e-01,9.872922776148582158e-02,4.789833822091886517e-02
1.231671554252199430e-01,8.113391984359726028e-02,9.579667644183773034e-02,2.844574780058651275e-01
0.000000000000000000e+00,4.398826979472141019e-02,8.895405669599218412e-02,7.038123167155425908e-02
0.000000000000000000e+00,2.150537634408602322e-02,8.308895405669598777e-02,8.504398826979471526e-02
5.865102639296187678e-03,1.270772238514174084e-02,7.722385141739980530e-02,1.984359726295210069e-01
1.759530791788856477e-02,1.759530791788856477e-02,7.429130009775171406e-02,3.616813294232649328e-02
9.188660801564027536e-02,4.105571847507331201e-02,7.331378299120235031e-02,2.766373411534701621e-01
0.000000000000000000e+00,1.955034213098729226e-02,6.842619745845551771e-02,2.834799608993157291e-02
0.000000000000000000e+00,8.797653958944282385e-03,6.353861192570869898e-02,1.153470185728250191e-01
0.000000000000000000e+00,3.910068426197458452e-03,5.962854349951124400e-02,1.818181818181818232e-01
0.000000000000000000e+00,9.775171065493646130e-04,5.474095796676441833e-02,2.639296187683284542e-02
2.130987292277614908e-01,6.353861192570869898e-02,5.962854349951124400e-02,2.619745845552297059e-01
4.594330400782013768e-02,8.797653958944282038e-02,6.353861192570869898e-02,1.857282502443792851e-02
0.000000000000000000e+00,4.594330400782013768e-02,5.962854349951124400e-02,2.160312805474095821e-01
2.013685239491690981e-01,7.820136852394916904e-02,6.256109481915933523e-02,8.602150537634409289e-02
1.388074291300097629e-01,2.414467253176930672e-01,1.036168132942326542e-01,7.135874877810362282e-02
0.000000000000000000e+00,1.192570869990224880e-01,9.677419354838709409e-02,1.348973607038123079e-01
8.015640273704789653e-02,7.820136852394916904e-02,9.188660801564027536e-02,1.065493646138807454e-01
0.000000000000000000e+00,4.887585532746822892e-02,8.699902248289345663e-02,5.474095796676441833e-02
5.376344086021505458e-02,5.083088954056696335e-02,8.406647116324535152e-02,2.756598240469207983e-01
6.158357771260997149e-02,6.060606060606060774e-02,8.406647116324535152e-02,3.323558162267839511e-02
1.906158357771260969e-01,1.036168132942326542e-01,8.699902248289345663e-02,2.306940371456500383e-01
3.910068426197458452e-03,9.286412512218963911e-02,8.797653958944282038e-02,4.496578690127077393e-02
0.000000000000000000e+00,4.496578690127077393e-02,8.211143695014662403e-02,5.571847507331378208e-02
0.000000000000000000e+00,2.150537634408602322e-02,7.624633431085044155e-02,2.267839687194525833e-01
0.000000000000000000e+00,1.075268817204301161e-02,7.038123167155425908e-02,3.714565004887585703e-02
5.571847507331378208e-02,1.955034213098729226e-02,6.744868035190615396e-02,2.707722385141739796e-01
0.000000000000000000e+00,8.797653958944282385e-03,6.256109481915933523e-02,3.030303030303030387e-02
0.000000000000000000e+00,3.910068426197458452e-03,5.865102639296188025e-02,7.820136852394916904e-02
0.000000000000000000e+00,1.955034213098729226e-03,5.474095796676441833e-02,1.730205278592375495e-01
1.857282502443792782e-01,4.985337243401759266e-02,5.669599217986314582e-02,2.932551319648094013e-02
1.955034213098729226e-03,5.962854349951124400e-02,5.865102639296188025e-02,2.668621700879765246e-01
0.000000000000000000e+00,2.834799608993157291e-02,5.474095796676441833e-02,2.052785923753665601e-02
3.812316715542522078e-02,2.443792766373411446e-02,5.180840664711632709e-02,1.309872922776148529e-01
2.737047898338220916e-02,3.030303030303030387e-02,5.083088954056696335e-02,8.504398826979471526e-02
2.697947214076246158e-01,1.153470185728250191e-01,6.060606060606060774e-02,4.007820136852394827e-02
1.573802541544477018e-01,1.632453567937438843e-01,7.233626588465298657e-02,2.785923753665688896e-01
4.496578690127077393e-02,1.114369501466275642e-01,7.135874877810362282e-02,3.714565004887585703e-02
4.105571847507331201e-02,8.015640273704789653e-02,6.940371456500488145e-02,2.717497556207233433e-01
0.000000000000000000e+00,4.496578690127077393e-02,6.549364613880742647e-02,5.571847507331378208e-02
0.000000000000000000e+00,2.150537634408602322e-02,6.158357771260997149e-02,5.669599217986314582e-02
2.932551319648094013e-02,1.759530791788856477e-02,5.767350928641250957e-02,2.385141739980449760e-01
2.179863147605083096e-01,8.602150537634409289e-02,6.353861192570869898e-02,3.030303030303030387e-02
4.887585532746823065e-03,9.188660801564027536e-02,6.744868035190615396e-02,2.776148582600195258e-01
1.925708699902248244e-01,9.579667644183773034e-02,6.842619745845551771e-02,4.301075268817204644e-02
9.775171065493646130e-04,7.331378299120235031e-02,6.842619745845551771e-02,1.026392961876832904e-01
1.955034213098729226e-03,3.812316715542522078e-02,6.353861192570869898e-02,9.481915933528836660e-02
5.767350928641250957e-02,3.616813294232649328e-02,6.158357771260997149e-02,4.203323558162267576e-02
2.629521016617790696e-01,1.163245356793743829e-01,7.038123167155425908e-02,2.658846529814271609e-01
5.865102639296187678e-03,1.085043988269794729e-01,7.331378299120235031e-02,3.910068426197458452e-02
0.000000000000000000e+00,5.278592375366569084e-02,6.842619745845551771e-02,2.306940371456500383e-01
7.820136852394916904e-02,4.594330400782013768e-02,6.549364613880742647e-02,1.045943304007820179e-01
0.000000000000000000e+00,3.519061583577712954e-02,6.353861192570869898e-02,5.180840664711632709e-02
3.910068426197458452e-03,1.857282502443792851e-02,5.962854349951124400e-02,2.238514173998044920e-01
0.000000000000000000e+00,9.775171065493646130e-03,5.571847507331378208e-02,2.834799608993157291e-02
1.173020527859237536e-02,7.820136852394916904e-03,5.180840664711632709e-02,2.668621700879765246e-01
2.199413489736070371e-01,8.211143695014662403e-02,5.865102639296188025e-02,2.541544477028348167e-02
3.509286412512219178e-01,2.033235581622678534e-01,7.722385141739980530e-02,9.384164222873900285e-02
4.125122189638318893e-01,3.020527859237536750e-01,9.872922776148582158e-02,1.779081133919843682e-01
4.506353861192570753e-01,3.734115347018572839e-01,1.231671554252199430e-01,7.331378299120235031e-02
6.158357771260997149e-02,2.649071358748777971e-01,1.270772238514173980e-01,3.010752688172043112e-01
4.105571847507331201e-02,1.554252199413489743e-01,1.212121212121212155e-01,5.571847507331378208e-02
0.000000000000000000e+00,8.797653958944282038e-02,1.143695014662756554e-01,2.414467253176930672e-01
2.737047898338220916e-02,5.669599217986314582e-02,1.075268817204301092e-01,1.388074291300097629e-01
2.248289345063538697e-02,4.398826979472141019e-02,1.026392961876832904e-01,8.602150537634409289e-02
2.531769305962854322e-01,1.075268817204301092e-01,1.065493646138807454e-01,2.570869990224828872e-01
7.820136852394916904e-03,1.143695014662756554e-01,1.085043988269794729e-01,6.940371456500488145e-02
1.153470185728250191e-01,8.211143695014662403e-02,1.036168132942326542e-01,3.079178885630498574e-01
0.000000000000000000e+00,4.398826979472141019e-02,9.677419354838709409e-02,4.203323558162267576e-02
0.000000000000000000e+00,2.150537634408602322e-02,9.090909090909091161e-02,1.221896383186705792e-01
0.000000000000000000e+00,1.075268817204301161e-02,8.406647116324535152e-02,2.209188660801564008e-01
2.062561094819159446e-01,6.353861192570869898e-02,8.602150537634409289e-02,4.887585532746822892e-02
1.955034213098729226e-03,7.038123167155425908e-02,8.602150537634409289e-02,2.825024437927664001e-01
0.000000000000000000e+00,3.323558162267839511e-02,8.015640273704789653e-02,3.128054740957966762e-02
0.000000000000000000e+00,1.564027370478983381e-02,7.429130009775171406e-02,1.915933528836754607e-01
0.000000000000000000e+00,7.820136852394916904e-03,6.940371456500488145e-02,8.406647116324535152e-02
1.163245356793743829e-01,4.594330400782013768e-02,6.940371456500488145e-02,4.692082111436950143e-02
3.910068426197458452e-03,5.474095796676441833e-02,7.038123167155425908e-02,2.649071358748777971e-01
0.000000000000000000e+00,2.541544477028348167e-02,6.549364613880742647e-02,3.225806451612903136e-02
0.000000000000000000e+00,2.932551319648093839e-03,5.376344086021505458e-02,4.985337243401759266e-02
0.000000000000000000e+00,9.775171065493646130e-04,4.985337243401759266e-02,2.727272727272727071e-01
1.173020527859237536e-02,1.955034213098729226e-03,4.692082111436950143e-02,1.173020527859237536e-02
2.541544477028347959e-01,9.188660801564027536e-02,5.571847507331378208e-02,1.642228739002932481e-01
5.865102639296187678e-03,1.006842619745845491e-01,6.060606060606060774e-02,1.290322580645161255e-01
0.000000000000000000e+00,4.789833822091886517e-02,5.669599217986314582e-02,4.203323558162267576e-02
5.571847507331378208e-02,4.985337243401759266e-02,5.571847507331378208e-02,2.365591397849462485e-01
4.985337243401759266e-02,5.376344086021505458e-02,5.669599217986314582e-02,3.225806451612903136e-02
8.308895405669598777e-02,6.158357771260997149e-02,5.669599217986314582e-02,2.785923753665688896e-01
2.111436950146627634e-01,1.143695014662756554e-01,6.451612903225806273e-02,2.932551319648094013e-02
9.775171065493646130e-04,8.406647116324535152e-02,6.451612903225806273e-02,7.917888563049853279e-02
0.000000000000000000e+00,4.105571847507331201e-02,5.962854349951124400e-02,2.160312805474095821e-01
6.842619745845552291e-03,2.248289345063538697e-02,5.571847507331378208e-02,3.714565004887585703e-02
0.000000000000000000e+00,1.075268817204301161e-02,5.180840664711632709e-02,2.609970674486803421e-01
9.286412512218963911e-02,4.007820136852394827e-02,5.278592375366569084e-02,1.564027370478983381e-02
0.000000000000000000e+00,4.007820136852394827e-02,5.278592375366569084e-02,1.388074291300097629e-01
0.000000000000000000e+00,1.857282502443792851e-02,4.887585532746822892e-02,5.278592375366569084e-02
0.000000000000000000e+00,8.797653958944282385e-03,4.496578690127077393e-02,3.910068426197458452e-02
0.000000000000000000e+00,3.910068426197458452e-03,4.203323558162267576e-02,2.463343108504398860e-01
0.000000000000000000e+00,9.775171065493646130e-04,3.910068426197458452e-02,1.955034213098729226e-02
3.714565004887585703e-02,1.075268817204301161e-02,3.812316715542522078e-02,1.994134897360703707e-01
8.406647116324535152e-02,3.910068426197458452e-02,4.007820136852394827e-02,9.384164222873900285e-02
2.795698924731182533e-01,1.280547409579667617e-01,5.083088954056696335e-02,4.594330400782013768e-02
5.865102639296187678e-03,1.163245356793743829e-01,5.669599217986314582e-02,2.414467253176930672e-01
0.000000000000000000e+00,5.571847507331378208e-02,5.278592375366569084e-02,2.932551319648094013e-02
7.820136852394916904e-03,3.128054740957966762e-02,4.887585532746822892e-02,2.551319648093841597e-01
0.000000000000000000e+00,1.857282502443792851e-02,4.594330400782013768e-02,1.564027370478983381e-02
0.000000000000000000e+00,8.797653958944282385e-03,4.301075268817204644e-02,7.331378299120235031e-02
0.000000000000000000e+00,3.910068426197458452e-03,4.007820136852394827e-02,1.593352883675464293e-01
7.624633431085044155e-02,1.759530791788856477e-02,3.910068426197458452e-02,2.248289345063538697e-02
0.000000000000000000e+00,9.775171065493646130e-03,3.714565004887585703e-02,2.385141739980449760e-01
0.000000000000000000e+00,3.910068426197458452e-03,3.421309872922775885e-02,0.000000000000000000e+00
0.000000000000000000e+00,1.955034213098729226e-03,3.128054740957966762e-02,1.045943304007820179e-01
2.101661779081133996e-01,6.549364613880742647e-02,3.812316715542522078e-02,1.388074291300097629e-01
2.932551319648093839e-03,7.429130009775171406e-02,4.203323558162267576e-02,2.639296187683284542e-02
2.834799608993157291e-02,4.496578690127077393e-02,4.007820136852394827e-02,2.326490713587487658e-01
9.090909090909091161e-02,5.669599217986314582e-02,4.203323558162267576e-02,1.661779081133919755e-02
2.864125122189638550e-01,1.436950146627566094e-01,5.376344086021505458e-02,2.414467253176930672e-01
0.000000000000000000e+00,9.481915933528836660e-02,5.474095796676441833e-02,1.368523949169110458e-02
1.994134897360703707e-01,1.006842619745845491e-01,5.669599217986314582e-02,4.398826979472141019e-02
9.775171065493646130e-04,7.917888563049853279e-02,5.767350928641250957e-02,2.072336265884653084e-01
1.270772238514174084e-02,4.398826979472141019e-02,5.474095796676441833e-02,2.639296187683284542e-02
0.000000000000000000e+00,2.639296187683284542e-02,5.180840664711632709e-02,2.737047898338220708e-01
5.669599217986314582e-02,3.323558162267839511e-02,4.985337243401759266e-02,9.775171065493646130e-03
0.000000000000000000e+00,3.128054740957966762e-02,4.985337243401759266e-02,1.006842619745845491e-01
7.233626588465298657e-02,3.225806451612903136e-02,4.789833822091886517e-02,1.769305962854350045e-01
4.203323558162267576e-02,4.496578690127077393e-02,4.887585532746822892e-02,2.541544477028348167e-02
0.000000000000000000e+00,3.421309872922775885e-02,4.692082111436950143e-02,2.551319648093841597e-01
0.000000000000000000e+00,1.564027370478983381e-02,4.398826979472141019e-02,2.052785923753665601e-02
1.544477028347996106e-01,4.496578690127077393e-02,4.594330400782013768e-02,1.847507331378299145e-01
3.304007820136852236e-01,1.739980449657869133e-01,6.256109481915933523e-02,4.007820136852394827e-02
1.573802541544477018e-01,2.062561094819159446e-01,7.624633431085044155e-02,5.180840664711632709e-02
3.264907135874877686e-01,2.394916911045943397e-01,8.895405669599218412e-02,2.678396871945258884e-01
2.043010752688172171e-01,2.453567937438905222e-01,1.006842619745845491e-01,4.789833822091886517e-02
2.932551319648093839e-03,1.495601173020527919e-01,9.872922776148582158e-02,3.030303030303030387e-01
0.000000000000000000e+00,7.331378299120235031e-02,9.090909090909091161e-02,3.323558162267839511e-02
0.000000000000000000e+00,3.616813294232649328e-02,8.504398826979471526e-02,9.970674486803518533e-02
0.000000000000000000e+00,1.759530791788856477e-02,7.917888563049853279e-02,1.710654936461387943e-01
8.895405669599218412e-02,3.323558162267839511e-02,7.624633431085044155e-02,3.910068426197458452e-02
3.010752688172043112e-01,1.397849462365591267e-01,8.699902248289345663e-02,2.805474095796676171e-01
1.290322580645161255e-01,1.612903225806451568e-01,9.481915933528836660e-02,4.887585532746822892e-02
0.000000000000000000e+00,7.917888563049853279e-02,8.797653958944282038e-02,2.111436950146627634e-01
2.111436950146627634e-01,9.775171065493645783e-02,8.895405669599218412e-02,4.985337243401759266e-02
9.775171065493646130e-04,7.820136852394916904e-02,8.797653958944282038e-02,6.647116324535679022e-02
1.466275659824047006e-02,1.759530791788856477e-02,7.331378299120235031e-02,1.280547409579667617e-01
0.000000000000000000e+00,1.173020527859237536e-02,6.842619745845551771e-02,1.622678396871945206e-01
7.820136852394916904e-03,7.820136852394916904e-03,6.353861192570869898e-02,4.203323558162267576e-02
2.629521016617790696e-01,1.006842619745845491e-01,7.233626588465298657e-02,2.678396871945258884e-01
3.910068426197458452e-03,9.775171065493645783e-02,7.526881720430107781e-02,4.105571847507331201e-02
2.385141739980449760e-01,1.221896383186705792e-01,7.917888563049853279e-02,2.561094819159335234e-01
4.887585532746823065e-03,1.104594330400782004e-01,8.211143695014662403e-02,3.030303030303030387e-02
1.270772238514174084e-02,5.669599217986314582e-02,7.624633431085044155e-02,6.549364613880742647e-02
0.000000000000000000e+00,2.737047898338220916e-02,7.038123167155425908e-02,2.150537634408602183e-01
2.248289345063538558e-01,8.211143695014662403e-02,7.429130009775171406e-02,3.812316715542522078e-02
3.597262952101661915e-01,2.101661779081133996e-01,9.286412512218963911e-02,2.932551319648094013e-01
7.820136852394916904e-03,1.700879765395894305e-01,9.677419354838709409e-02,5.376344086021505458e-02
2.453567937438905222e-01,1.573802541544477018e-01,9.872922776148582158e-02,1.280547409579667617e-01
3.880742913000977401e-01,2.629521016617790696e-01,1.173020527859237605e-01,2.248289345063538558e-01
4.428152492668621654e-01,3.479960899315738265e-01,1.388074291300097629e-01,9.677419354838709409e-02
4.056695992179862875e-01,3.910068426197458313e-01,1.593352883675464293e-01,3.304007820136852236e-01
6.842619745845552291e-03,2.541544477028347959e-01,1.593352883675464293e-01,9.384164222873900285e-02
0.000000000000000000e+00,1.251221896383186705e-01,1.476050830889540644e-01,3.333333333333333148e-01
0.000000000000000000e+00,6.256109481915933523e-02,1.368523949169110354e-01,7.331378299120235031e-02
0.000000000000000000e+00,3.128054740957966762e-02,1.270772238514173980e-01,1.045943304007820179e-01
2.609970674486803421e-01,1.036168132942326542e-01,1.290322580645161255e-01,2.531769305962854322e-01
2.179863147605083096e-01,1.818181818181818232e-01,1.388074291300097629e-01,9.188660801564027536e-02
0.000000000000000000e+00,1.006842619745845491e-01,1.309872922776148529e-01,3.225806451612903136e-01
0.000000000000000000e+00,4.985337243401759266e-02,1.221896383186705792e-01,5.669599217986314582e-02
0.000000000000000000e+00,2.443792766373411446e-02,1.133919843597262916e-01,1.554252199413489743e-01
0.000000000000000000e+00,1.173020527859237536e-02,1.055718475073313817e-01,1.915933528836754607e-01
0.000000000000000000e+00,5.865102639296187678e-03,9.775171065493645783e-02,5.767350928641250957e-02
0.000000000000000000e+00,1.955034213098729226e-03,9.090909090909091161e-02,2.825024437927664001e-01
8.797653958944282385e-03,4.887585532746823065e-03,8.602150537634409289e-02,4.301075268817204644e-02
1.564027370478983381e-02,1.270772238514174084e-02,8.113391984359726028e-02,2.629521016617790696e-01
2.609970674486803421e-01,9.775171065493645783e-02,8.797653958944282038e-02,3.128054740957966762e-02
3.763440860215053752e-01,2.267839687194525833e-01,1.065493646138807454e-01,7.722385141739980530e-02
2.150537634408602322e-02,1.720430107526881858e-01,1.085043988269794729e-01,2.463343108504398860e-01
1.065493646138807454e-01,1.173020527859237605e-01,1.045943304007820179e-01,5.571847507331378208e-02
1.163245356793743829e-01,1.163245356793743829e-01,1.055718475073313817e-01,3.040078201368524025e-01
1.026392961876832904e-01,1.124144672531769279e-01,1.055718475073313817e-01,4.007820136852394827e-02
4.789833822091886517e-02,9.481915933528836660e-02,1.045943304007820179e-01,1.544477028347996106e-01
0.000000000000000000e+00,4.692082111436950143e-02,9.677419354838709409e-02,1.837732160312805507e-01
8.895405669599218412e-02,4.496578690127077393e-02,9.286412512218963911e-02,5.962854349951124400e-02
3.040078201368524025e-01,1.466275659824047006e-01,1.036168132942326542e-01,2.922776148582600375e-01
0.000000000000000000e+00,9.481915933528836660e-02,9.970674486803518533e-02,6.158357771260997149e-02
0.000000000000000000e+00,4.594330400782013768e-02,9.286412512218963911e-02,2.932551319648094013e-01
4.985337243401759266e-02,4.007820136852394827e-02,8.797653958944282038e-02,3.519061583577712954e-02
7.820136852394916904e-03,3.421309872922775885e-02,8.406647116324535152e-02,7.429130009775171406e-02
2.453567937438905222e-01,9.872922776148582158e-02,8.895405669599218412e-02,2.737047898338220708e-01
7.820136852394916904e-02,1.251221896383186705e-01,9.384164222873900285e-02,4.594330400782013768e-02
2.883675464320625825e-01,1.710654936461387943e-01,1.016617790811339267e-01,2.932551319648094013e-01
3.919843597262951951e-01,2.756598240469207983e-01,1.212121212121212155e-01,4.985337243401759266e-02
3.421309872922775885e-02,2.287390029325513108e-01,1.270772238514173980e-01,1.534701857282502468e-01
3.000977517106549475e-01,2.170087976539589458e-01,1.319648093841642167e-01,1.739980449657869133e-01
1.055718475073313817e-01,2.267839687194525833e-01,1.397849462365591267e-01,8.797653958944282038e-02
1.955034213098729226e-03,1.290322580645161255e-01,1.329423264907135804e-01,3.147605083088954037e-01
0.000000000000000000e+00,6.353861192570869898e-02,1.231671554252199430e-01,6.256109481915933523e-02
1.124144672531769279e-01,5.962854349951124400e-02,1.182795698924731242e-01,3.167155425219941312e-01
6.940371456500488145e-02,7.526881720430107781e-02,1.163245356793743829e-01,5.669599217986314582e-02
8.797653958944282038e-02,7.917888563049853279e-02,1.143695014662756554e-01,1.358748778103616717e-01
1.476050830889540644e-01,1.016617790811339267e-01,1.143695014662756554e-01,2.492668621700879772e-01
0.000000000000000000e+00,5.180840664711632709e-02,1.065493646138807454e-01,6.549364613880742647e-02
3.421309872922775885e-02,3.323558162267839511e-02,1.006842619745845491e-01,3.030303030303030387e-01
0.000000000000000000e+00,1.661779081133919755e-02,9.286412512218963911e-02,4.692082111436950143e-02
1.544477028347996106e-01,4.594330400782013768e-02,9.188660801564027536e-02,1.827956989247311870e-01
5.278592375366569084e-02,7.526881720430107781e-02,9.286412512218963911e-02,8.993157380254154787e-02
1.466275659824047006e-02,4.692082111436950143e-02,8.797653958944282038e-02,5.180840664711632709e-02
0.000000000000000000e+00,2.639296187683284542e-02,8.211143695014662403e-02,2.922776148582600375e-01
0.000000000000000000e+00,2.932551319648093839e-03,6.842619745845551771e-02,2.033235581622678534e-01
3.128054740957966762e-02,1.466275659824047006e-02,6.549364613880742647e-02,3.421309872922775885e-02
1.564027370478983381e-01,6.158357771260997149e-02,6.744868035190615396e-02,2.688172043010752521e-01
0.000000000000000000e+00,4.985337243401759266e-02,6.647116324535679022e-02,2.834799608993157291e-02
2.639296187683284542e-02,3.714565004887585703e-02,6.353861192570869898e-02,1.994134897360703707e-01
2.502443792766373409e-01,1.075268817204301092e-01,7.038123167155425908e-02,3.910068426197458452e-02
9.775171065493646130e-03,9.286412512218963911e-02,7.233626588465298657e-02,3.519061583577712954e-02
1.309872922776148529e-01,8.308895405669598777e-02,7.135874877810362282e-02,2.414467253176930672e-01
0.000000000000000000e+00,6.256109481915933523e-02,7.038123167155425908e-02,4.203323558162267576e-02
0.000000000000000000e+00,3.030303030303030387e-02,6.549364613880742647e-02,2.737047898338220708e-01
0.000000000000000000e+00,1.466275659824047006e-02,6.060606060606060774e-02,2.150537634408602322e-02
2.443792766373411585e-01,8.895405669599218412e-02,6.744868035190615396e-02,8.895405669599218412e-02
2.541544477028348167e-02,8.895405669599218412e-02,6.940371456500488145e-02,2.189638318670576733e-01
9.775171065493646130e-03,5.278592375366569084e-02,6.647116324535679022e-02,3.421309872922775885e-02
0.000000000000000000e+00,2.541544477028348167e-02,6.158357771260997149e-02,2.668621700879765246e-01
4.007820136852394827e-02,2.443792766373411446e-02,5.865102639296188025e-02,2.248289345063538697e-02
0.000000000000000000e+00,1.661779081133919755e-02,5.571847507331378208e-02,1.583577712609970656e-01
1.368523949169110458e-02,1.466275659824047006e-02,5.278592375366569084e-02,4.789833822091886517e-02
2.346041055718475210e-01,8.504398826979471526e-02,5.865102639296188025e-02,3.714565004887585703e-02
4.496578690127077393e-02,9.775171065493645783e-02,6.353861192570869898e-02,2.482893450635386134e-01
0.000000000000000000e+00,5.083088954056696335e-02,5.962854349951124400e-02,3.714565004887585703e-02
1.573802541544477018e-01,6.647116324535679022e-02,6.060606060606060774e-02,2.815249266862170363e-01
6.353861192570869898e-02,8.699902248289345663e-02,6.353861192570869898e-02,6.256109481915933523e-02
0.000000000000000000e+00,5.278592375366569084e-02,6.158357771260997149e-02,7.233626588465298657e-02
2.160312805474095821e-01,8.895405669599218412e-02,6.451612903225806273e-02,1.876832844574780057e-01
4.789833822091886517e-02,1.045943304007820179e-01,6.940371456500488145e-02,3.616813294232649328e-02
5.865102639296188025e-02,7.917888563049853279e-02,6.842619745845551771e-02,2.707722385141739796e-01
1.564027370478983381e-02,4.887585532746822892e-02,6.451612903225806273e-02,2.639296187683284542e-02
9.775171065493646130e-04,2.834799608993157291e-02,6.060606060606060774e-02,1.397849462365591267e-01
0.000000000000000000e+00,1.368523949169110458e-02,5.669599217986314582e-02,6.940371456500488145e-02
2.541544477028348167e-02,1.955034213098729226e-02,5.474095796676441833e-02,2.932551319648094013e-02
2.434017595307917947e-01,9.481915933528836660e-02,6.158357771260997149e-02,2.649071358748777971e-01
9.775171065493645783e-02,1.260997067448680342e-01,6.940371456500488145e-02,2.443792766373411446e-02
2.639296187683284334e-01,1.544477028347996106e-01,7.624633431085044155e-02,2.463343108504398860e-01
3.812316715542522078e-02,1.358748778103616717e-01,8.015640273704789653e-02,7.135874877810362282e-02
0.000000000000000000e+00,6.549364613880742647e-02,7.429130009775171406e-02,5.180840664711632709e-02
1.964809384164222794e-01,8.504398826979471526e-02,7.526881720430107781e-02,2.218963831867057646e-01
5.962854349951124400e-02,1.006842619745845491e-01,7.917888563049853279e-02,3.812316715542522078e-02
0.000000000000000000e+00,5.474095796676441833e-02,7.429130009775171406e-02,2.991202346041055837e-01
0.000000000000000000e+00,2.639296187683284542e-02,6.940371456500488145e-02,2.932551319648094013e-02
0.000000000000000000e+00,1.270772238514174084e-02,6.451612903225806273e-02,8.211143695014662403e-02
0.000000000000000000e+00,5.865102639296187678e-03,5.962854349951124400e-02,2.189638318670576733e-01
2.297165200391006745e-01,7.526881720430107781e-02,6.451612903225806273e-02,3.519061583577712954e-02
2.737047898338220916e-02,8.406647116324535152e-02,6.744868035190615396e-02,2.707722385141739796e-01
0.000000000000000000e+00,4.398826979472141019e-02,6.353861192570869898e-02,1.857282502443792851e-02
0.000000000000000000e+00,2.052785923753665601e-02,5.865102639296188025e-02,1.749755620723362770e-01
1.857282502443792851e-02,1.857282502443792851e-02,5.571847507331378208e-02,5.767350928641250957e-02
6.842619745845552291e-03,2.150537634408602322e-02,5.376344086021505458e-02,4.007820136852394827e-02
0.000000000000000000e+00,9.775171065493646130e-03,4.985337243401759266e-02,2.326490713587487658e-01
0.000000000000000000e+00,3.910068426197458452e-03,4.692082111436950143e-02,3.225806451612903136e-02
4.887585532746823065e-03,2.932551319648093839e-03,4.398826979472141019e-02,2.707722385141739796e-01
0.000000000000000000e+00,9.775171065493646130e-04,4.007820136852394827e-02,0.000000000000000000e+00
0.000000000000000000e+00,0.000000000000000000e+00,3.812316715542522078e-02,7.233626588465298657e-02
0.000000000000000000e+00,0.000000000000000000e+00,3.519061583577712954e-02,2.209188660801564008e-01
3.714565004887585703e-02,1.466275659824047006e-02,3.421309872922775885e-02,1.075268817204301161e-02
6.842619745845552291e-03,2.346041055718475071e-02,3.519061583577712954e-02,2.697947214076246158e-01
0.000000000000000000e+00,1.173020527859237536e-02,3.323558162267839511e-02,0.000000000000000000e+00
2.531769305962854322e-01,9.677419354838709409e-02,4.203323558162267576e-02,8.015640273704789653e-02
3.030303030303030387e-02,1.075268817204301092e-01,4.887585532746822892e-02,1.143695014662756554e-01
1.955034213098729226e-02,6.060606060606060774e-02,4.594330400782013768e-02,1.564027370478983381e-02
7.526881720430107781e-02,5.865102639296188025e-02,4.692082111436950143e-02,2.512218963831867047e-01
0.000000000000000000e+00,4.301075268817204644e-02,4.594330400782013768e-02,2.052785923753665601e-02
0.000000000000000000e+00,2.052785923753665601e-02,4.301075268817204644e-02,1.730205278592375495e-01
0.000000000000000000e+00,9.775171065493646130e-03,4.007820136852394827e-02,1.182795698924731242e-01
0.000000000000000000e+00,0.000000000000000000e+00,3.225806451612903136e-02,2.248289345063538697e-02
1.075268817204301161e-02,4.887585532746823065e-03,3.128054740957966762e-02,1.231671554252199430e-01
0.000000000000000000e+00,4.887585532746823065e-03,2.932551319648094013e-02,5.278592375366569084e-02
1.759530791788856408e-01,5.180840664711632709e-02,3.323558162267839511e-02,1.368523949169110458e-02
0.000000000000000000e+00,4.007820136852394827e-02,3.323558162267839511e-02,2.385141739980449760e-01
2.023460410557184619e-01,7.722385141739980530e-02,3.812316715542522078e-02,2.834799608993157291e-02
0.000000000000000000e+00,6.256109481915933523e-02,4.007820136852394827e-02,2.404692082111437035e-01
0.000000000000000000e+00,3.030303030303030387e-02,3.714565004887585703e-02,7.526881720430107781e-02
1.945259042033235519e-01,6.940371456500488145e-02,4.105571847507331201e-02,4.887585532746822892e-02
0.000000000000000000e+00,5.083088954056696335e-02,4.105571847507331201e-02,2.150537634408602183e-01
1.368523949169110458e-02,2.834799608993157291e-02,3.812316715542522078e-02,2.834799608993157291e-02
0.000000000000000000e+00,1.368523949169110458e-02,3.616813294232649328e-02,2.609970674486803421e-01
0.000000000000000000e+00,5.865102639296187678e-03,3.323558162267839511e-02,1.661779081133919755e-02
6.158357771260997149e-02,1.759530791788856477e-02,3.225806451612903136e-02,8.504398826979471526e-02
0.000000000000000000e+00,1.173020527859237536e-02,3.128054740957966762e-02,1.192570869990224880e-01
0.000000000000000000e+00,4.887585532746823065e-03,2.834799608993157291e-02,2.150537634408602322e-02
0.000000000000000000e+00,1.955034213098729226e-03,2.639296187683284542e-02,2.414467253176930672e-01
7.233626588465298657e-02,2.737047898338220916e-02,2.834799608993157291e-02,9.775171065493646130e-04
9.775171065493646130e-04,3.421309872922775885e-02,2.932551319648094013e-02,1.456500488758553369e-01
5.962854349951124400e-02,2.932551319648094013e-02,2.932551319648094013e-02,1.251221896383186705e-01
2.707722385141739796e-01,1.182795698924731242e-01,4.105571847507331201e-02,2.639296187683284542e-02
1.730205278592375495e-01,1.710654936461387943e-01,5.376344086021505458e-02,2.678396871945258884e-01
2.942326490713587650e-01,2.043010752688172171e-01,6.647116324535679022e-02,3.323558162267839511e-02
6.842619745845552291e-03,1.603128054740957931e-01,7.135874877810362282e-02,3.000977517106549475e-01
5.865102639296187678e-03,8.015640273704789653e-02,6.647116324535679022e-02,2.639296187683284542e-02
2.473118279569892497e-01,1.251221896383186705e-01,7.233626588465298657e-02,7.624633431085044155e-02
6.842619745845552291e-03,1.133919843597262916e-01,7.526881720430107781e-02,1.994134897360703707e-01
2.121212121212121271e-01,1.251221896383186705e-01,7.917888563049853279e-02,4.594330400782013768e-02
1.173020527859237536e-02,1.202346041055718517e-01,8.308895405669598777e-02,2.942326490713587650e-01
8.993157380254154787e-02,8.308895405669598777e-02,8.015640273704789653e-02,2.541544477028348167e-02
0.000000000000000000e+00,4.398826979472141019e-02,7.429130009775171406e-02,1.358748778103616717e-01
2.052785923753665601e-02,2.639296187683284542e-02,7.038123167155425908e-02,1.564027370478983381e-01
0.000000000000000000e+00,1.270772238514174084e-02,6.451612903225806273e-02,4.398826979472141019e-02
1.857282502443792851e-02,1.466275659824047006e-02,6.158357771260997149e-02,2.551319648093841597e-01
7.233626588465298657e-02,3.519061583577712954e-02,6.158357771260997149e-02,3.519061583577712954e-02
7.917888563049853279e-02,5.669599217986314582e-02,6.158357771260997149e-02,2.629521016617790696e-01
9.775171065493646130e-04,4.789833822091886517e-02,6.060606060606060774e-02,2.150537634408602322e-02
0.000000000000000000e+00,2.248289345063538697e-02,5.669599217986314582e-02,5.180840664711632709e-02
2.365591397849462485e-01,8.797653958944282038e-02,6.256109481915933523e-02,2.394916911045943397e-01
1.075268817204301161e-02,9.579667644183773034e-02,6.647116324535679022e-02,3.616813294232649328e-02
5.865102639296187678e-03,4.985337243401759266e-02,6.256109481915933523e-02,2.521994134897360684e-01
0.000000000000000000e+00,2.443792766373411446e-02,5.767350928641250957e-02,1.173020527859237536e-02
3.030303030303030387e-02,1.759530791788856477e-02,5.474095796676441833e-02,8.699902248289345663e-02
0.000000000000000000e+00,8.797653958944282385e-03,5.083088954056696335e-02,8.993157380254154787e-02
6.060606060606060774e-02,2.248289345063538697e-02,4.985337243401759266e-02,3.030303030303030387e-02
0.000000000000000000e+00,2.248289345063538697e-02,4.789833822091886517e-02,2.570869990224828872e-01
0.000000000000000000e+00,1.075268817204301161e-02,4.496578690127077393e-02,1.857282502443792851e-02
1.818181818181818232e-01,5.278592375366569084e-02,4.789833822091886517e-02,1.818181818181818232e-01
9.775171065493646130e-04,5.571847507331378208e-02,4.887585532746822892e-02,9.872922776148582158e-02
1.827956989247311870e-01,7.429130009775171406e-02,5.180840664711632709e-02,4.007820136852394827e-02
1.955034213098729226e-03,7.331378299120235031e-02,5.376344086021505458e-02,2.463343108504398860e-01
4.887585532746823065e-03,3.812316715542522078e-02,4.985337243401759266e-02,2.052785923753665601e-02
0.000000000000000000e+00,1.955034213098729226e-02,4.692082111436950143e-02,2.834799608993157638e-01
5.571847507331378208e-02,2.443792766373411446e-02,4.594330400782013768e-02,1.466275659824047006e-02
1.075268817204301161e-02,2.248289345063538697e-02,4.398826979472141019e-02,5.767350928641250957e-02
1.749755620723362770e-01,6.549364613880742647e-02,4.789833822091886517e-02,1.691104594330400668e-01
0.000000000000000000e+00,5.278592375366569084e-02,4.789833822091886517e-02,2.248289345063538697e-02
7.233626588465298657e-02,4.496578690127077393e-02,4.692082111436950143e-02,2.512218963831867047e-01
9.775171065493646130e-04,4.105571847507331201e-02,4.692082111436950143e-02,1.759530791788856477e-02
0.000000000000000000e+00,1.955034213098729226e-02,4.301075268817204644e-02,1.065493646138807454e-01
6.549364613880742647e-02,2.737047898338220916e-02,4.301075268817204644e-02,1.436950146627566094e-01
2.727272727272727071e-01,1.202346041055718517e-01,5.376344086021505458e-02,2.541544477028348167e-02
3.567937438905181002e-01,2.316715542521994020e-01,7.331378299120235031e-02,2.658846529814271609e-01
4.115347018572825255e-01,3.157380254154447674e-01,9.677419354838709409e-02,6.451612903225806273e-02
7.429130009775171406e-02,2.893450635386119463e-01,1.397849462365591267e-01,1.143695014662756554e-01
5.376344086021505458e-02,1.710654936461387943e-01,1.329423264907135804e-01,3.225806451612903136e-01
2.776148582600195258e-01,1.857282502443792782e-01,1.368523949169110354e-01,7.233626588465298657e-02
9.775171065493646130e-04,1.231671554252199430e-01,1.319648093841642167e-01,2.473118279569892497e-01
8.211143695014662403e-02,8.211143695014662403e-02,1.251221896383186705e-01,1.202346041055718517e-01
3.362658846529814061e-01,1.857282502443792782e-01,1.358748778103616717e-01,9.579667644183773034e-02
7.331378299120235031e-02,1.759530791788856408e-01,1.388074291300097629e-01,3.040078201368524025e-01
1.671554252199413393e-01,1.554252199413489743e-01,1.388074291300097629e-01,8.504398826979471526e-02
4.203323558162267576e-02,1.133919843597262916e-01,1.339198435972629442e-01,3.284457478005864961e-01
1.476050830889540644e-01,1.094819159335288367e-01,1.309872922776148529e-01,5.865102639296188025e-02
8.406647116324535152e-02,1.075268817204301092e-01,1.300097751710654892e-01,1.260997067448680342e-01
4.887585532746823065e-03,6.940371456500488145e-02,1.231671554252199430e-01,2.355816226783968848e-01
2.619745845552297059e-01,1.221896383186705792e-01,1.251221896383186705e-01,7.917888563049853279e-02
3.919843597262951951e-01,2.463343108504398860e-01,1.417399804496578819e-01,3.245356793743890411e-01
2.531769305962854322e-01,2.746823069403714346e-01,1.544477028347996106e-01,9.970674486803518533e-02
3.030303030303030387e-02,1.691104594330400668e-01,1.485826001955034281e-01,3.196480938416422224e-01
1.368523949169110458e-02,9.481915933528836660e-02,1.397849462365591267e-01,6.256109481915933523e-02
9.286412512218963911e-02,7.917888563049853279e-02,1.339198435972629442e-01,9.579667644183773034e-02
2.776148582600195258e-01,1.407624633431085182e-01,1.378299120234603992e-01,2.639296187683284334e-01
1.955034213098729226e-03,1.114369501466275642e-01,1.348973607038123079e-01,7.917888563049853279e-02
5.767350928641250957e-02,8.211143695014662403e-02,1.290322580645161255e-01,3.157380254154447674e-01
3.128054740957966762e-02,6.940371456500488145e-02,1.241446725317693067e-01,5.278592375366569084e-02
2.776148582600195258e-01,1.319648093841642167e-01,1.280547409579667617e-01,1.524926686217008831e-01
3.958944281524926501e-01,2.561094819159335234e-01,1.456500488758553369e-01,1.818181818181818232e-01
3.910068426197458452e-03,1.759530791788856408e-01,1.436950146627566094e-01,8.993157380254154787e-02
1.221896383186705792e-01,1.348973607038123079e-01,1.397849462365591267e-01,3.157380254154447674e-01
1.955034213098729226e-03,9.188660801564027536e-02,1.339198435972629442e-01,8.113391984359726028e-02
5.865102639296187678e-03,4.887585532746822892e-02,1.251221896383186705e-01,3.118279569892473124e-01
1.955034213098729226e-03,2.932551319648094013e-02,1.173020527859237605e-01,6.647116324535679022e-02
0.000000000000000000e+00,1.466275659824047006e-02,1.085043988269794729e-01,1.300097751710654892e-01
7.820136852394916904e-03,1.270772238514174084e-02,1.016617790811339267e-01,2.609970674486803421e-01
0.000000000000000000e+00,7.820136852394916904e-03,9.579667644183773034e-02,5.180840664711632709e-02
0.000000000000000000e+00,3.910068426197458452e-03,8.895405669599218412e-02,2.737047898338220708e-01
0.000000000000000000e+00,9.775171065493646130e-04,8.308895405669598777e-02,2.932551319648094013e-02
3.421309872922775885e-02,6.842619745845552291e-03,7.820136852394916904e-02,1.153470185728250191e-01
0.000000000000000000e+00,3.910068426197458452e-03,7.331378299120235031e-02,7.722385141739980530e-02
0.000000000000000000e+00,9.775171065493646130e-04,6.842619745845551771e-02,4.398826979472141019e-02
0.000000000000000000e+00,0.000000000000000000e+00,6.353861192570869898e-02,2.688172043010752521e-01
0.000000000000000000e+00,0.000000000000000000e+00,5.865102639296188025e-02,2.541544477028348167e-02
1.251221896383186705e-01,3.225806451612903136e-02,5.962854349951124400e-02,1.876832844574780057e-01
3.108504398826979487e-01,1.505376344086021556e-01,7.331378299120235031e-02,1.163245356793743829e-01
0.000000000000000000e+00,9.384164222873900285e-02,7.135874877810362282e-02,5.376344086021505458e-02
1.505376344086021556e-01,8.406647116324535152e-02,7.135874877810362282e-02,2.658846529814271609e-01
8.504398826979471526e-02,1.036168132942326542e-01,7.526881720430107781e-02,3.714565004887585703e-02
3.421309872922775885e-02,8.308895405669598777e-02,7.526881720430107781e-02,2.883675464320625825e-01
0.000000000000000000e+00,4.496578690127077393e-02,7.038123167155425908e-02,3.030303030303030387e-02
4.789833822091886517e-02,4.496578690127077393e-02,6.842619745845551771e-02,8.504398826979471526e-02
2.463343108504398860e-01,1.163245356793743829e-01,7.624633431085044155e-02,1.759530791788856408e-01
4.301075268817204644e-02,1.124144672531769279e-01,7.917888563049853279e-02,3.812316715542522078e-02
0.000000000000000000e+00,5.962854349951124400e-02,7.429130009775171406e-02,2.834799608993157638e-01
2.277614858260019470e-01,9.775171065493645783e-02,7.722385141739980530e-02,3.421309872922775885e-02
7.820136852394916904e-03,8.211143695014662403e-02,7.722385141739980530e-02,1.867057673509286420e-01
0.000000000000000000e+00,4.105571847507331201e-02,7.233626588465298657e-02,1.564027370478983381e-01
2.248289345063538697e-02,2.639296187683284542e-02,6.842619745845551771e-02,3.225806451612903136e-02
0.000000000000000000e+00,1.564027370478983381e-02,6.353861192570869898e-02,2.658846529814271609e-01
6.158357771260997149e-02,2.150537634408602322e-02,6.060606060606060774e-02,3.421309872922775885e-02
0.000000000000000000e+00,1.173020527859237536e-02,5.669599217986314582e-02,2.619745845552297059e-01
1.456500488758553369e-01,4.398826979472141019e-02,5.767350928641250957e-02,1.564027370478983381e-02
3.235581622678396774e-01,1.661779081133919755e-01,7.331378299120235031e-02,6.744868035190615396e-02
9.775171065493646130e-04,1.094819159335288367e-01,7.331378299120235031e-02,1.955034213098729157e-01
4.692082111436950143e-02,6.451612903225806273e-02,6.940371456500488145e-02,4.985337243401759266e-02
5.865102639296187678e-03,3.714565004887585703e-02,6.451612903225806273e-02,2.580645161290322509e-01
0.000000000000000000e+00,1.857282502443792851e-02,6.060606060606060774e-02,1.270772238514174084e-02
1.114369501466275642e-01,3.910068426197458452e-02,6.060606060606060774e-02,1.094819159335288367e-01
2.834799608993157291e-02,6.647116324535679022e-02,6.451612903225806273e-02,2.727272727272727071e-01
0.000000000000000000e+00,3.128054740957966762e-02,5.962854349951124400e-02,1.270772238514174084e-02
1.935483870967741882e-01,6.744868035190615396e-02,6.158357771260997149e-02,7.917888563049853279e-02
4.887585532746823065e-03,6.842619745845551771e-02,6.353861192570869898e-02,1.700879765395894305e-01
0.000000000000000000e+00,3.225806451612903136e-02,5.865102639296188025e-02,4.105571847507331201e-02
2.199413489736070371e-01,8.211143695014662403e-02,6.256109481915933523e-02,2.688172043010752521e-01
0.000000000000000000e+00,6.744868035190615396e-02,6.256109481915933523e-02,2.443792766373411446e-02
1.260997067448680342e-01,6.549364613880742647e-02,6.256109481915933523e-02,1.309872922776148529e-01
1.036168132942326542e-01,9.090909090909091161e-02,6.647116324535679022e-02,1.544477028347996106e-01
3.069403714565004937e-01,1.691104594330400668e-01,7.820136852394916904e-02,4.789833822091886517e-02
1.495601173020527919e-01,1.867057673509286420e-01,8.797653958944282038e-02,2.795698924731182533e-01
0.000000000000000000e+00,9.286412512218963911e-02,8.211143695014662403e-02,3.421309872922775885e-02
2.013685239491690981e-01,9.970674486803518533e-02,8.308895405669598777e-02,2.873900293255132188e-01
9.775171065493646130e-04,7.722385141739980530e-02,8.211143695014662403e-02,3.421309872922775885e-02
1.368523949169110458e-02,4.692082111436950143e-02,7.722385141739980530e-02,7.038123167155425908e-02
3.225806451612903136e-02,3.616813294232649328e-02,7.331378299120235031e-02,2.130987292277614908e-01
7.624633431085044155e-02,5.083088954056696335e-02,7.233626588465298657e-02,3.714565004887585703e-02
0.000000000000000000e+00,4.007820136852394827e-02,7.038123167155425908e-02,2.756598240469207983e-01
1.554252199413489743e-01,5.962854349951124400e-02,7.038123167155425908e-02,2.248289345063538697e-02
0.000000000000000000e+00,4.105571847507331201e-02,6.744868035190615396e-02,9.579667644183773034e-02
7.820136852394916904e-03,2.150537634408602322e-02,6.256109481915933523e-02,1.808406647116324595e-01
8.015640273704789653e-02,3.812316715542522078e-02,6.158357771260997149e-02,2.737047898338220916e-02
9.775171065493646130e-04,3.323558162267839511e-02,5.962854349951124400e-02,2.619745845552297059e-01
0.000000000000000000e+00,1.564027370478983381e-02,5.571847507331378208e-02,2.443792766373411446e-02
0.000000000000000000e+00,6.842619745845552291e-03,5.180840664711632709e-02,2.218963831867057646e-01
1.788856304985337320e-01,4.887585532746822892e-02,5.376344086021505458e-02,1.075268817204301161e-02
3.391984359726294973e-01,1.818181818181818232e-01,7.135874877810362282e-02,5.180840664711632709e-02
1.124144672531769279e-01,1.925708699902248244e-01,8.211143695014662403e-02,2.385141739980449760e-01
1.143695014662756554e-01,1.544477028347996106e-01,8.406647116324535152e-02,5.474095796676441833e-02
1.026392961876832904e-01,1.280547409579667617e-01,8.504398826979471526e-02,2.864125122189638550e-01
2.189638318670576733e-01,1.554252199413489743e-01,9.188660801564027536e-02,3.519061583577712954e-02
1.603128054740957931e-01,1.642228739002932481e-01,9.775171065493645783e-02,1.055718475073313817e-01
1.955034213098729226e-03,1.016617790811339267e-01,9.384164222873900285e-02,2.072336265884653084e-01
8.602150537634409289e-02,6.842619745845551771e-02,8.895405669599218412e-02,5.962854349951124400e-02
0.000000000000000000e+00,3.812316715542522078e-02,8.406647116324535152e-02,2.678396871945258884e-01
0.000000000000000000e+00,1.955034213098729226e-02,7.820136852394916904e-02,5.180840664711632709e-02
0.000000000000000000e+00,9.775171065493646130e-03,7.233626588465298657e-02,2.394916911045943397e-01
0.000000000000000000e+00,3.910068426197458452e-03,6.744868035190615396e-02,1.759530791788856477e-02
0.000000000000000000e+00,1.955034213098729226e-03,6.353861192570869898e-02,4.789833822091886517e-02
2.932551319648093839e-03,9.775171065493646130e-04,5.865102639296188025e-02,2.385141739980449760e-01
2.639296187683284334e-01,9.775171065493645783e-02,6.744868035190615396e-02,3.323558162267839511e-02
1.182795698924731242e-01,1.378299120234603992e-01,7.624633431085044155e-02,3.010752688172043112e-01
8.504398826979471526e-02,1.124144672531769279e-01,7.624633431085044155e-02,2.639296187683284542e-02
1.867057673509286420e-01,1.368523949169110354e-01,8.211143695014662403e-02,9.579667644183773034e-02
9.775171065493646130e-04,8.993157380254154787e-02,8.015640273704789653e-02,1.632453567937438843e-01
0.000000000000000000e+00,4.398826979472141019e-02,7.429130009775171406e-02,5.376344086021505458e-02
0.000000000000000000e+00,2.052785923753665601e-02,6.940371456500488145e-02,2.717497556207233433e-01
6.647116324535679022e-02,3.225806451612903136e-02,6.744868035190615396e-02,3.030303030303030387e-02
1.466275659824047006e-02,4.105571847507331201e-02,6.647116324535679022e-02,1.700879765395894305e-01
1.212121212121212155e-01,5.865102639296188025e-02,6.647116324535679022e-02,4.692082111436950143e-02
3.812316715542522078e-02,5.865102639296188025e-02,6.647116324535679022e-02,4.105571847507331201e-02
3.225806451612903136e-02,5.083088954056696335e-02,6.549364613880742647e-02,2.737047898338220708e-01
0.000000000000000000e+00,2.443792766373411446e-02,6.060606060606060774e-02,3.030303030303030387e-02
2.404692082111437035e-01,9.090909090909091161e-02,6.647116324535679022e-02,2.707722385141739796e-01
9.579667644183773034e-02,1.192570869990224880e-01,7.331378299120235031e-02,3.030303030303030387e-02
0.000000000000000000e+00,5.767350928641250957e-02,6.744868035190615396e-02,7.722385141739980530e-02
0.000000000000000000e+00,2.834799608993157291e-02,6.256109481915933523e-02,2.072336265884653084e-01
7.429130009775171406e-02,3.421309872922775885e-02,6.060606060606060774e-02,3.714565004887585703e-02
0.000000000000000000e+00,1.857282502443792851e-02,5.669599217986314582e-02,2.473118279569892497e-01
0.000000000000000000e+00,8.797653958944282385e-03,5.278592375366569084e-02,1.270772238514174084e-02
0.000000000000000000e+00,3.910068426197458452e-03,4.985337243401759266e-02,9.090909090909091161e-02
0.000000000000000000e+00,9.775171065493646130e-04,4.594330400782013768e-02,1.671554252199413393e-01
2.932551319648093839e-03,9.775171065493646130e-04,4.301075268817204644e-02,2.541544477028348167e-02
8.211143695014662403e-02,2.737047898338220916e-02,4.301075268817204644e-02,2.346041055718475210e-01
2.864125122189638550e-01,1.485826001955034281e-01,6.060606060606060774e-02,1.955034213098729157e-01
4.887585532746823065e-03,1.270772238514173980e-01,6.549364613880742647e-02,3.812316715542522078e-02
1.652003910068426118e-01,1.055718475073313817e-01,6.549364613880742647e-02,2.512218963831867047e-01
0.000000000000000000e+00,6.256109481915933523e-02,6.256109481915933523e-02,2.150537634408602322e-02
0.000000000000000000e+00,3.030303030303030387e-02,5.865102639296188025e-02,1.163245356793743829e-01
3.616813294232649328e-02,2.834799608993157291e-02,5.571847507331378208e-02,1.583577712609970656e-01
6.060606060606060774e-02,4.398826979472141019e-02,5.571847507331378208e-02,3.128054740957966762e-02
2.746823069403714346e-01,1.270772238514173980e-01,6.549364613880742647e-02,2.658846529814271609e-01
0.000000000000000000e+00,8.602150537634409289e-02,6.549364613880742647e-02,2.443792766373411446e-02
0.000000000000000000e+00,4.301075268817204644e-02,6.060606060606060774e-02,2.404692082111437035e-01
0.000000000000000000e+00,2.052785923753665601e-02,5.669599217986314582e-02,1.564027370478983381e-02
0.000000000000000000e+00,9.775171065493646130e-03,5.278592375366569084e-02,3.812316715542522078e-02
0.000000000000000000e+00,3.910068426197458452e-03,4.887585532746822892e-02,2.160312805474095821e-01
2.140762463343108546e-01,6.647116324535679022e-02,5.376344086021505458e-02,2.737047898338220916e-02
6.842619745845552291e-03,8.797653958944282038e-02,5.865102639296188025e-02,2.746823069403714346e-01
0.000000000000000000e+00,4.203323558162267576e-02,5.474095796676441833e-02,1.270772238514174084e-02
1.368523949169110458e-02,2.639296187683284542e-02,5.083088954056696335e-02,7.722385141739980530e-02
1.524926686217008831e-01,6.158357771260997149e-02,5.376344086021505458e-02,1.935483870967741882e-01
4.398826979472141019e-02,7.233626588465298657e-02,5.669599217986314582e-02,3.812316715542522078e-02
2.854349951124144913e-01,1.446725317693059731e-01,6.647116324535679022e-02,2.590420332355816146e-01
3.910068426197458452e-03,1.202346041055718517e-01,7.038123167155425908e-02,3.421309872922775885e-02
0.000000000000000000e+00,5.865102639296188025e-02,6.549364613880742647e-02,1.798631476050830957e-01
0.000000000000000000e+00,2.834799608993157291e-02,6.060606060606060774e-02,4.398826979472141019e-02
1.857282502443792851e-02,1.759530791788856477e-02,5.669599217986314582e-02,4.007820136852394827e-02
0.000000000000000000e+00,8.797653958944282385e-03,5.278592375366569084e-02,2.326490713587487658e-01
6.451612903225806273e-02,2.052785923753665601e-02,5.083088954056696335e-02,3.714565004887585703e-02
7.722385141739980530e-02,4.594330400782013768e-02,5.278592375366569084e-02,2.551319648093841597e-01
2.541544477028348167e-02,4.887585532746822892e-02,5.278592375366569084e-02,7.820136852394916904e-03
0.000000000000000000e+00,3.030303030303030387e-02,4.985337243401759266e-02,6.158357771260997149e-02
4.692082111436950143e-02,3.128054740957966762e-02,4.887585532746822892e-02,1.749755620723362770e-01
9.775171065493646130e-04,2.639296187683284542e-02,4.692082111436950143e-02,3.225806451612903136e-02
0.000000000000000000e+00,1.270772238514174084e-02,4.398826979472141019e-02,2.512218963831867047e-01
0.000000000000000000e+00,4.887585532746823065e-03,4.105571847507331201e-02,0.000000000000000000e+00
0.000000000000000000e+00,1.955034213098729226e-03,3.812316715542522078e-02,8.895405669599218412e-02
6.842619745845552291e-03,1.955034213098729226e-03,3.519061583577712954e-02,8.993157380254154787e-02
0.000000000000000000e+00,9.775171065493646130e-04,3.323558162267839511e-02,5.865102639296187678e-03
2.443792766373411446e-02,7.820136852394916904e-03,3.225806451612903136e-02,2.375366568914956122e-01
3.030303030303030387e-02,1.955034213098729226e-02,3.225806451612903136e-02,1.270772238514174084e-02
0.000000000000000000e+00,8.797653958944282385e-03,2.932551319648094013e-02,1.407624633431085182e-01
1.915933528836754607e-01,5.669599217986314582e-02,3.421309872922775885e-02,3.128054740957966762e-02
0.000000000000000000e+00,5.474095796676441833e-02,3.616813294232649328e-02,3.030303030303030387e-02
0.000000000000000000e+00,2.639296187683284542e-02,3.323558162267839511e-02,2.414467253176930672e-01
0.000000000000000000e+00,1.173020527859237536e-02,3.128054740957966762e-02,3.910068426197458452e-03
6.744868035190615396e-02,2.834799608993157291e-02,3.225806451612903136e-02,2.346041055718475210e-01
1.955034213098729226e-03,3.225806451612903136e-02,3.225806451612903136e-02,4.007820136852394827e-02
0.000000000000000000e+00,1.564027370478983381e-02,3.030303030303030387e-02,4.887585532746822892e-02
2.355816226783968848e-01,8.602150537634409289e-02,3.812316715542522078e-02,1.779081133919843682e-01
3.910068426197458452e-03,9.090909090909091161e-02,4.301075268817204644e-02,2.150537634408602322e-02
0.000000000000000000e+00,4.398826979472141019e-02,4.007820136852394827e-02,2.473118279569892497e-01
0.000000000000000000e+00,2.052785923753665601e-02,3.714565004887585703e-02,7.820136852394916904e-03
9.775171065493646130e-04,9.775171065493646130e-03,3.421309872922775885e-02,8.015640273704789653e-02
0.000000000000000000e+00,4.887585532746823065e-03,3.225806451612903136e-02,1.505376344086021556e-01
9.775171065493646130e-03,5.865102639296187678e-03,3.030303030303030387e-02,1.564027370478983381e-02
6.744868035190615396e-02,2.932551319648094013e-02,3.225806451612903136e-02,2.394916911045943397e-01
4.594330400782013768e-02,3.910068426197458452e-02,3.323558162267839511e-02,9.775171065493646130e-04
6.842619745845552291e-03,3.421309872922775885e-02,3.323558162267839511e-02,1.583577712609970656e-01
0.000000000000000000e+00,1.759530791788856477e-02,3.128054740957966762e-02,8.015640273704789653e-02
1.661779081133919755e-02,1.661779081133919755e-02,2.932551319648094013e-02,2.052785923753665601e-02
3.030303030303030387e-02,2.443792766373411446e-02,3.030303030303030387e-02,2.346041055718475210e-01
1.827956989247311870e-01,7.331378299120235031e-02,3.616813294232649328e-02,8.797653958944282385e-03
1.368523949169110458e-02,8.504398826979471526e-02,4.105571847507331201e-02,2.570869990224828872e-01
1.544477028347996106e-01,8.699902248289345663e-02,4.398826979472141019e-02,2.737047898338220916e-02
0.000000000000000000e+00,5.767350928641250957e-02,4.301075268817204644e-02,6.940371456500488145e-02
0.000000000000000000e+00,2.737047898338220916e-02,4.007820136852394827e-02,2.033235581622678534e-01
3.616813294232649328e-02,1.075268817204301161e-02,3.323558162267839511e-02,1.309872922776148529e-01
2.306940371456500383e-01,8.602150537634409289e-02,4.105571847507331201e-02,4.105571847507331201e-02
3.910068426197458452e-03,8.797653958944282038e-02,4.594330400782013768e-02,2.062561094819159446e-01
5.962854349951124400e-02,5.571847507331378208e-02,4.398826979472141019e-02,2.541544477028348167e-02
8.797653958944282385e-03,3.616813294232649328e-02,4.203323558162267576e-02,2.512218963831867047e-01
0.000000000000000000e+00,1.857282502443792851e-02,4.007820136852394827e-02,1.564027370478983381e-02
0.000000000000000000e+00,8.797653958944282385e-03,3.714565004887585703e-02,6.842619745845551771e-02
1.075268817204301161e-02,9.775171065493646130e-03,3.519061583577712954e-02,1.857282502443792782e-01
0.000000000000000000e+00,6.842619745845552291e-03,3.323558162267839511e-02,1.564027370478983381e-02
9.872922776148582158e-02,3.225806451612903136e-02,3.421309872922775885e-02,2.277614858260019470e-01
2.072336265884653084e-01,1.036168132942326542e-01,4.398826979472141019e-02,7.820136852394916904e-03
1.955034213098729226e-03,8.406647116324535152e-02,4.594330400782013768e-02,1.476050830889540644e-01
3.030303030303030387e-02,5.571847507331378208e-02,4.496578690127077393e-02,6.744868035190615396e-02
5.865102639296187678e-03,4.007820136852394827e-02,4.398826979472141019e-02,4.105571847507331201e-02
0.000000000000000000e+00,1.955034213098729226e-02,4.007820136852394827e-02,2.404692082111437035e-01
8.797653958944282385e-03,1.466275659824047006e-02,3.812316715542522078e-02,1.661779081133919755e-02
0.000000000000000000e+00,8.797653958944282385e-03,3.616813294232649328e-02,2.443792766373411585e-01
1.915933528836754607e-01,5.962854349951124400e-02,4.007820136852394827e-02,5.865102639296187678e-03
5.865102639296187678e-03,7.917888563049853279e-02,4.496578690127077393e-02,7.429130009775171406e-02
0.000000000000000000e+00,3.812316715542522078e-02,4.203323558162267576e-02,2.228739002932551283e-01
2.258064516129032195e-01,8.895405669599218412e-02,4.789833822091886517e-02,1.955034213098729226e-02
1.368523949169110458e-02,1.036168132942326542e-01,5.376344086021505458e-02,2.707722385141739796e-01
0.000000000000000000e+00,4.985337243401759266e-02,4.985337243401759266e-02,1.661779081133919755e-02
1.759530791788856477e-02,3.421309872922775885e-02,4.789833822091886517e-02,8.406647116324535152e-02
3.128054740957966762e-02,3.225806451612903136e-02,4.692082111436950143e-02,9.090909090909091161e-02
0.000000000000000000e+00,1.564027370478983381e-02,4.301075268817204644e-02,2.834799608993157291e-02
0.000000000000000000e+00,6.842619745845552291e-03,4.007820136852394827e-02,2.541544477028347959e-01
6.060606060606060774e-02,1.564027370478983381e-02,3.910068426197458452e-02,1.759530791788856477e-02
0.000000000000000000e+00,7.820136852394916904e-03,3.616813294232649328e-02,1.827956989247311870e-01
0.000000000000000000e+00,2.932551319648093839e-03,3.323558162267839511e-02,1.104594330400782004e-01
1.984359726295210069e-01,5.767350928641250957e-02,3.910068426197458452e-02,2.834799608993157291e-02
0.000000000000000000e+00,5.083088954056696335e-02,3.910068426197458452e-02,2.150537634408602183e-01
0.000000000000000000e+00,2.346041055718475071e-02,3.714565004887585703e-02,1.661779081133919755e-02
0.000000000000000000e+00,1.075268817204301161e-02,3.421309872922775885e-02,2.590420332355816146e-01
1.466275659824047006e-02,1.466275659824047006e-02,3.225806451612903136e-02,6.842619745845552291e-03
1.544477028347996106e-01,5.962854349951124400e-02,3.714565004887585703e-02,7.038123167155425908e-02
2.561094819159335234e-01,1.466275659824047006e-01,5.083088954056696335e-02,1.788856304985337320e-01
4.887585532746823065e-03,1.212121212121212155e-01,5.474095796676441833e-02,2.834799608993157291e-02
8.308895405669598777e-02,7.917888563049853279e-02,5.278592375366569084e-02,2.414467253176930672e-01
0.000000000000000000e+00,4.105571847507331201e-02,4.985337243401759266e-02,7.820136852394916904e-03
0.000000000000000000e+00,2.052785923753665601e-02,4.594330400782013768e-02,1.075268817204301092e-01
1.339198435972629442e-01,5.278592375366569084e-02,4.789833822091886517e-02,1.368523949169110354e-01
2.639296187683284542e-02,7.331378299120235031e-02,5.278592375366569084e-02,2.737047898338220916e-02
0.000000000000000000e+00,4.007820136852394827e-02,4.887585532746822892e-02,2.502443792766373409e-01
0.000000000000000000e+00,1.857282502443792851e-02,4.594330400782013768e-02,2.150537634408602322e-02
4.007820136852394827e-02,1.955034213098729226e-02,4.398826979472141019e-02,2.258064516129032195e-01
0.000000000000000000e+00,1.564027370478983381e-02,4.203323558162267576e-02,9.775171065493646130e-04
2.434017595307917947e-01,9.090909090909091161e-02,4.887585532746822892e-02,3.910068426197458452e-02
3.225806451612903136e-02,1.055718475073313817e-01,5.571847507331378208e-02,2.199413489736070371e-01
2.482893450635386134e-01,1.348973607038123079e-01,6.158357771260997149e-02,3.323558162267839511e-02
4.887585532746823065e-03,1.173020527859237605e-01,6.647116324535679022e-02,2.766373411534701621e-01
0.000000000000000000e+00,5.669599217986314582e-02,6.158357771260997149e-02,1.564027370478983381e-02
3.616813294232649328e-02,4.496578690127077393e-02,5.865102639296188025e-02,9.090909090909091161e-02
0.000000000000000000e+00,2.932551319648094013e-02,5.571847507331378208e-02,1.788856304985337320e-01
2.111436950146627634e-01,7.526881720430107781e-02,5.962854349951124400e-02,3.714565004887585703e-02
3.714565004887585703e-02,1.133919843597262916e-01,6.744868035190615396e-02,2.649071358748777971e-01
1.133919843597262916e-01,9.286412512218963911e-02,6.744868035190615396e-02,3.714565004887585703e-02
0.000000000000000000e+00,4.789833822091886517e-02,6.256109481915933523e-02,2.209188660801564008e-01
1.808406647116324595e-01,6.842619745845551771e-02,6.353861192570869898e-02,1.955034213098729226e-02
1.759530791788856477e-02,7.624633431085044155e-02,6.647116324535679022e-02,4.692082111436950143e-02
1.309872922776148529e-01,9.090909090909091161e-02,6.842619745845551771e-02,2.463343108504398860e-01
9.775171065493646130e-04,7.135874877810362282e-02,6.744868035190615396e-02,3.128054740957966762e-02
1.759530791788856477e-02,4.105571847507331201e-02,6.353861192570869898e-02,2.590420332355816146e-01
0.000000000000000000e+00,2.150537634408602322e-02,5.962854349951124400e-02,1.564027370478983381e-02
0.000000000000000000e+00,1.955034213098729226e-03,4.887585532746822892e-02,3.616813294232649328e-02
0.000000000000000000e+00,9.775171065493646130e-04,4.594330400782013768e-02,2.062561094819159446e-01
5.180840664711632709e-02,2.052785923753665601e-02,4.496578690127077393e-02,1.661779081133919755e-02
2.306940371456500383e-01,9.481915933528836660e-02,5.278592375366569084e-02,3.519061583577712954e-02
8.308895405669598777e-02,1.133919843597262916e-01,5.962854349951124400e-02,2.375366568914956122e-01
3.000977517106549475e-01,1.730205278592375495e-01,7.038123167155425908e-02,3.714565004887585703e-02
2.385141739980449760e-01,2.218963831867057646e-01,8.504398826979471526e-02,3.000977517106549475e-01
9.775171065493646130e-04,1.241446725317693067e-01,8.113391984359726028e-02,2.737047898338220916e-02
1.446725317693059731e-01,1.006842619745845491e-01,8.015640273704789653e-02,1.026392961876832904e-01
3.304007820136852236e-01,1.945259042033235519e-01,9.384164222873900285e-02,2.199413489736070371e-01
2.052785923753665601e-02,1.759530791788856408e-01,1.006842619745845491e-01,5.474095796676441833e-02
0.000000000000000000e+00,8.602150537634409289e-02,9.286412512218963911e-02,2.883675464320625825e-01
1.564027370478983381e-01,9.579667644183773034e-02,9.286412512218963911e-02,4.887585532746822892e-02
1.955034213098729226e-03,8.015640273704789653e-02,9.188660801564027536e-02,2.365591397849462485e-01
6.744868035190615396e-02,5.767350928641250957e-02,8.699902248289345663e-02,4.203323558162267576e-02
3.910068426197458452e-03,3.714565004887585703e-02,8.211143695014662403e-02,5.278592375366569084e-02
0.000000000000000000e+00,1.955034213098729226e-02,7.722385141739980530e-02,2.541544477028347959e-01
2.932551319648093839e-03,1.075268817204301161e-02,7.233626588465298657e-02,3.030303030303030387e-02
0.000000000000000000e+00,5.865102639296187678e-03,6.744868035190615396e-02,2.844574780058651275e-01
2.258064516129032195e-01,7.331378299120235031e-02,7.135874877810362282e-02,4.007820136852394827e-02
1.564027370478983381e-02,7.526881720430107781e-02,7.233626588465298657e-02,8.113391984359726028e-02
0.000000000000000000e+00,3.812316715542522078e-02,6.744868035190615396e-02,2.013685239491690981e-01
2.111436950146627634e-01,8.015640273704789653e-02,7.038123167155425908e-02,3.128054740957966762e-02
0.000000000000000000e+00,5.474095796676441833e-02,6.842619745845551771e-02,2.668621700879765246e-01
2.023460410557184619e-01,8.211143695014662403e-02,7.038123167155425908e-02,3.225806451612903136e-02
0.000000000000000000e+00,6.744868035190615396e-02,7.038123167155425908e-02,1.603128054740957931e-01
1.955034213098729226e-02,4.007820136852394827e-02,6.549364613880742647e-02,5.083088954056696335e-02
1.270772238514173980e-01,6.353861192570869898e-02,6.744868035190615396e-02,4.985337243401759266e-02
0.000000000000000000e+00,3.421309872922775885e-02,6.256109481915933523e-02,2.512218963831867047e-01
0.000000000000000000e+00,1.661779081133919755e-02,5.865102639296188025e-02,1.857282502443792851e-02
0.000000000000000000e+00,7.820136852394916904e-03,5.474095796676441833e-02,2.414467253176930672e-01
2.248289345063538697e-02,1.857282502443792851e-02,5.278592375366569084e-02,6.353861192570869898e-02
0.000000000000000000e+00,1.564027370478983381e-02,4.985337243401759266e-02,5.571847507331378208e-02
2.003910068426197344e-01,6.842619745845551771e-02,5.376344086021505458e-02,2.043010752688172171e-01
4.887585532746822892e-02,1.094819159335288367e-01,6.256109481915933523e-02,3.128054740957966762e-02
5.767350928641250957e-02,7.722385141739980530e-02,6.060606060606060774e-02,2.766373411534701621e-01
2.502443792766373409e-01,1.300097751710654892e-01,6.842619745845551771e-02,2.932551319648094013e-02
8.406647116324535152e-02,1.427174975562072456e-01,7.526881720430107781e-02,1.192570869990224880e-01
5.571847507331378208e-02,9.677419354838709409e-02,7.331378299120235031e-02,1.700879765395894305e-01
2.394916911045943397e-01,1.290322580645161255e-01,7.917888563049853279e-02,4.789833822091886517e-02
3.704789833822091927e-01,2.394916911045943397e-01,9.775171065493645783e-02,2.746823069403714346e-01
0.000000000000000000e+00,1.378299120234603992e-01,9.384164222873900285e-02,4.692082111436950143e-02
2.150537634408602183e-01,1.270772238514173980e-01,9.481915933528836660e-02,2.688172043010752521e-01
3.734115347018572839e-01,2.385141739980449760e-01,1.114369501466275642e-01,4.398826979472141019e-02
4.887585532746823065e-03,1.769305962854350045e-01,1.133919843597262916e-01,8.602150537634409289e-02
0.000000000000000000e+00,8.602150537634409289e-02,1.055718475073313817e-01,2.355816226783968848e-01
2.052785923753665601e-02,5.083088954056696335e-02,9.872922776148582158e-02,5.669599217986314582e-02
2.746823069403714346e-01,1.280547409579667617e-01,1.055718475073313817e-01,3.098729227761485849e-01
9.775171065493646130e-04,9.481915933528836660e-02,1.036168132942326542e-01,4.789833822091886517e-02
2.834799608993157291e-02,5.571847507331378208e-02,9.677419354838709409e-02,1.534701857282502468e-01
0.000000000000000000e+00,2.834799608993157291e-02,8.993157380254154787e-02,1.994134897360703707e-01
2.404692082111437035e-01,9.090909090909091161e-02,9.384164222873900285e-02,5.376344086021505458e-02
2.932551319648093839e-03,8.797653958944282038e-02,9.384164222873900285e-02,2.854349951124144913e-01
2.619745845552297059e-01,1.319648093841642167e-01,9.872922776148582158e-02,4.887585532746822892e-02
2.873900293255132188e-01,2.209188660801564008e-01,1.143695014662756554e-01,2.815249266862170363e-01
1.339198435972629442e-01,1.925708699902248244e-01,1.182795698924731242e-01,5.180840664711632709e-02
2.619745845552297059e-01,1.925708699902248244e-01,1.221896383186705792e-01,8.895405669599218412e-02
1.955034213098729226e-03,1.339198435972629442e-01,1.202346041055718517e-01,2.473118279569892497e-01
2.013685239491690981e-01,1.319648093841642167e-01,1.202346041055718517e-01,7.038123167155425908e-02
6.647116324535679022e-02,1.260997067448680342e-01,1.212121212121212155e-01,3.059628543499511300e-01
2.873900293255132188e-01,1.642228739002932481e-01,1.251221896383186705e-01,4.985337243401759266e-02
5.865102639296187678e-03,1.378299120234603992e-01,1.260997067448680342e-01,1.739980449657869133e-01
0.000000000000000000e+00,6.744868035190615396e-02,1.163245356793743829e-01,1.896383186705767332e-01
2.160312805474095821e-01,9.286412512218963911e-02,1.163245356793743829e-01,7.135874877810362282e-02
4.222873900293255267e-01,3.646138807429130102e-01,1.661779081133919755e-01,1.955034213098729157e-01
2.932551319648093839e-03,2.170087976539589458e-01,1.612903225806451568e-01,1.427174975562072456e-01
2.639296187683284542e-02,1.163245356793743829e-01,1.505376344086021556e-01,1.094819159335288367e-01
1.085043988269794729e-01,9.775171065493645783e-02,1.446725317693059731e-01,3.128054740957966762e-01
1.955034213098729226e-03,6.744868035190615396e-02,1.378299120234603992e-01,7.526881720430107781e-02
0.000000000000000000e+00,3.323558162267839511e-02,1.280547409579667617e-01,3.157380254154447674e-01
1.270772238514174084e-02,2.248289345063538697e-02,1.192570869990224880e-01,1.182795698924731242e-01
1.436950146627566094e-01,5.767350928641250957e-02,1.173020527859237605e-01,1.016617790811339267e-01
9.775171065493646130e-03,5.278592375366569084e-02,1.133919843597262916e-01,2.541544477028347959e-01
0.000000000000000000e+00,2.639296187683284542e-02,1.055718475073313817e-01,6.842619745845551771e-02
1.652003910068426118e-01,6.060606060606060774e-02,1.036168132942326542e-01,2.981427174975562200e-01
0.000000000000000000e+00,4.105571847507331201e-02,9.872922776148582158e-02,4.594330400782013768e-02
7.820136852394916904e-03,2.150537634408602322e-02,9.188660801564027536e-02,1.769305962854350045e-01
0.000000000000000000e+00,1.075268817204301161e-02,8.602150537634409289e-02,7.624633431085044155e-02
7.820136852394916904e-03,8.797653958944282385e-03,8.015640273704789653e-02,4.692082111436950143e-02
4.887585532746822892e-02,2.150537634408602322e-02,7.722385141739980530e-02,2.746823069403714346e-01
1.300097751710654892e-01,6.647116324535679022e-02,7.917888563049853279e-02,3.910068426197458452e-02
1.955034213098729226e-03,6.353861192570869898e-02,7.917888563049853279e-02,2.561094819159335234e-01
1.603128054740957931e-01,7.233626588465298657e-02,7.820136852394916904e-02,9.286412512218963911e-02
1.124144672531769279e-01,1.104594330400782004e-01,8.308895405669598777e-02,6.940371456500488145e-02
8.993157380254154787e-02,1.085043988269794729e-01,8.504398826979471526e-02,2.570869990224828872e-01
0.000000000000000000e+00,5.376344086021505458e-02,7.917888563049853279e-02,4.007820136852394827e-02
0.000000000000000000e+00,2.639296187683284542e-02,7.429130009775171406e-02,2.707722385141739796e-01
2.170087976539589458e-01,8.015640273704789653e-02,7.722385141739980530e-02,3.128054740957966762e-02
0.000000000000000000e+00,5.962854349951124400e-02,7.526881720430107781e-02,9.579667644183773034e-02
7.233626588465298657e-02,4.692082111436950143e-02,7.233626588465298657e-02,1.212121212121212155e-01
2.873900293255132188e-01,1.358748778103616717e-01,8.211143695014662403e-02,4.789833822091886517e-02
1.075268817204301161e-02,1.358748778103616717e-01,8.699902248289345663e-02,2.766373411534701621e-01
0.000000000000000000e+00,6.549364613880742647e-02,8.113391984359726028e-02,2.737047898338220916e-02
0.000000000000000000e+00,3.225806451612903136e-02,7.526881720430107781e-02,2.082111436950146721e-01
1.955034213098729157e-01,6.842619745845551771e-02,7.624633431085044155e-02,1.163245356793743829e-01
4.301075268817204644e-02,8.797653958944282038e-02,7.917888563049853279e-02,6.256109481915933523e-02
1.867057673509286420e-01,1.163245356793743829e-01,8.308895405669598777e-02,2.404692082111437035e-01
1.456500488758553369e-01,1.407624633431085182e-01,8.993157380254154787e-02,5.865102639296188025e-02
2.101661779081133996e-01,1.632453567937438843e-01,9.579667644183773034e-02,2.952101661779081287e-01
3.910068426197458452e-03,1.221896383186705792e-01,9.579667644183773034e-02,4.887585532746822892e-02
1.085043988269794729e-01,8.895405669599218412e-02,9.188660801564027536e-02,1.036168132942326542e-01
0.000000000000000000e+00,5.962854349951124400e-02,8.895405669599218412e-02,2.062561094819159446e-01
1.368523949169110458e-02,3.128054740957966762e-02,8.211143695014662403e-02,5.278592375366569084e-02
0.000000000000000000e+00,1.661779081133919755e-02,7.722385141739980530e-02,2.609970674486803421e-01
0.000000000000000000e+00,7.820136852394916904e-03,7.135874877810362282e-02,2.737047898338220916e-02
0.000000000000000000e+00,3.910068426197458452e-03,6.744868035190615396e-02,1.749755620723362770e-01
0.000000000000000000e+00,9.775171065493646130e-04,6.256109481915933523e-02,9.188660801564027536e-02
1.720430107526881858e-01,4.301075268817204644e-02,6.353861192570869898e-02,4.105571847507331201e-02
2.834799608993157291e-02,6.647116324535679022e-02,6.549364613880742647e-02,2.551319648093841597e-01
1.955034213098729226e-03,3.519061583577712954e-02,6.158357771260997149e-02,2.639296187683284542e-02
2.228739002932551283e-01,8.602150537634409289e-02,6.647116324535679022e-02,2.737047898338220708e-01
9.775171065493646130e-04,7.135874877810362282e-02,6.647116324535679022e-02,2.541544477028348167e-02
5.865102639296187678e-03,3.812316715542522078e-02,6.256109481915933523e-02,8.406647116324535152e-02
0.000000000000000000e+00,2.248289345063538697e-02,5.865102639296188025e-02,2.287390029325513108e-01
0.000000000000000000e+00,1.075268817204301161e-02,5.474095796676441833e-02,2.443792766373411446e-02
0.000000000000000000e+00,4.887585532746823065e-03,5.083088954056696335e-02,2.600195503421309784e-01
0.000000000000000000e+00,1.955034213098729226e-03,4.692082111436950143e-02,5.865102639296187678e-03
5.278592375366569084e-02,2.346041055718475071e-02,4.692082111436950143e-02,8.113391984359726028e-02
2.932551319648094013e-02,4.105571847507331201e-02,4.789833822091886517e-02,9.872922776148582158e-02
0.000000000000000000e+00,2.052785923753665601e-02,4.496578690127077393e-02,2.639296187683284542e-02
1.955034213098729226e-02,2.052785923753665601e-02,4.301075268817204644e-02,2.424242424242424310e-01
4.203323558162267576e-02,2.737047898338220916e-02,4.301075268817204644e-02,1.661779081133919755e-02
2.473118279569892497e-01,9.970674486803518533e-02,5.083088954056696335e-02,1.984359726295210069e-01
5.865102639296187678e-03,1.045943304007820179e-01,5.669599217986314582e-02,1.075268817204301092e-01
1.583577712609970656e-01,9.286412512218963911e-02,5.767350928641250957e-02,4.203323558162267576e-02
2.913000977517106738e-01,1.720430107526881858e-01,7.038123167155425908e-02,2.424242424242424310e-01
2.932551319648093839e-03,1.280547409579667617e-01,7.233626588465298657e-02,3.519061583577712954e-02
1.642228739002932481e-01,1.163245356793743829e-01,7.429130009775171406e-02,2.776148582600195258e-01
1.955034213098729226e-03,1.456500488758553369e-01,9.579667644183773034e-02,2.600195503421309784e-01
1.094819159335288367e-01,1.026392961876832904e-01,9.286412512218963911e-02,5.865102639296188025e-02
2.248289345063538697e-02,7.429130009775171406e-02,8.993157380254154787e-02,2.688172043010752521e-01
0.000000000000000000e+00,3.910068426197458452e-02,8.406647116324535152e-02,2.932551319648094013e-02
0.000000000000000000e+00,1.857282502443792851e-02,7.820136852394916904e-02,9.286412512218963911e-02
0.000000000000000000e+00,8.797653958944282385e-03,7.233626588465298657e-02,2.287390029325513108e-01
1.876832844574780057e-01,5.376344086021505458e-02,7.331378299120235031e-02,3.519061583577712954e-02
3.479960899315738265e-01,1.876832844574780057e-01,8.993157380254154787e-02,2.795698924731182533e-01
0.000000000000000000e+00,1.192570869990224880e-01,8.797653958944282038e-02,3.128054740957966762e-02
3.225806451612903136e-02,6.451612903225806273e-02,8.308895405669598777e-02,1.055718475073313817e-01
0.000000000000000000e+00,3.128054740957966762e-02,7.722385141739980530e-02,1.378299120234603992e-01
2.052785923753665601e-02,2.346041055718475071e-02,7.233626588465298657e-02,4.007820136852394827e-02
0.000000000000000000e+00,1.857282502443792851e-02,6.842619745845551771e-02,2.697947214076246158e-01
6.549364613880742647e-02,4.007820136852394827e-02,6.842619745845551771e-02,3.030303030303030387e-02
4.985337243401759266e-02,5.962854349951124400e-02,6.940371456500488145e-02,2.297165200391006745e-01
1.661779081133919755e-02,4.007820136852394827e-02,6.549364613880742647e-02,8.015640273704789653e-02
2.091886608015640359e-01,9.775171065493645783e-02,7.135874877810362282e-02,5.669599217986314582e-02
1.006842619745845491e-01,1.182795698924731242e-01,7.722385141739980530e-02,2.561094819159335234e-01
4.594330400782013768e-02,8.504398826979471526e-02,7.526881720430107781e-02,3.421309872922775885e-02
1.348973607038123079e-01,9.579667644183773034e-02,7.722385141739980530e-02,2.776148582600195258e-01
0.000000000000000000e+00,6.256109481915933523e-02,7.429130009775171406e-02,3.030303030303030387e-02
0.000000000000000000e+00,3.030303030303030387e-02,6.842619745845551771e-02,9.286412512218963911e-02
4.496578690127077393e-02,2.541544477028348167e-02,6.549364613880742647e-02,1.544477028347996106e-01
0.000000000000000000e+00,1.564027370478983381e-02,6.158357771260997149e-02,2.541544477028348167e-02
7.820136852394916904e-03,1.270772238514174084e-02,5.767350928641250957e-02,2.570869990224828872e-01
9.970674486803518533e-02,3.714565004887585703e-02,5.767350928641250957e-02,3.030303030303030387e-02
1.251221896383186705e-01,8.113391984359726028e-02,6.256109481915933523e-02,1.710654936461387943e-01
1.955034213098729226e-03,6.842619745845551771e-02,6.256109481915933523e-02,1.417399804496578819e-01
2.492668621700879772e-01,1.163245356793743829e-01,6.842619745845551771e-02,4.398826979472141019e-02
3.714565004887585564e-01,2.336265884652981295e-01,8.797653958944282038e-02,2.629521016617790696e-01
1.368523949169110458e-02,1.749755620723362770e-01,9.188660801564027536e-02,5.474095796676441833e-02
6.353861192570869898e-02,1.192570869990224880e-01,8.895405669599218412e-02,2.932551319648094013e-01
1.221896383186705792e-01,1.173020527859237605e-01,9.090909090909091161e-02,5.376344086021505458e-02
0.000000000000000000e+00,6.744868035190615396e-02,8.602150537634409289e-02,1.094819159335288367e-01
0.000000000000000000e+00,3.323558162267839511e-02,8.015640273704789653e-02,1.739980449657869133e-01
8.797653958944282385e-03,1.759530791788856477e-02,7.429130009775171406e-02,4.301075268817204644e-02
2.639296187683284334e-01,1.036168132942326542e-01,8.113391984359726028e-02,2.707722385141739796e-01
8.797653958944282385e-03,1.104594330400782004e-01,8.602150537634409289e-02,2.932551319648094013e-02
0.000000000000000000e+00,5.376344086021505458e-02,7.917888563049853279e-02,1.652003910068426118e-01
1.808406647116324595e-01,8.797653958944282038e-02,8.113391984359726028e-02,1.534701857282502468e-01
2.023460410557184619e-01,1.466275659824047006e-01,8.993157380254154787e-02,6.842619745845551771e-02
1.739980449657869133e-01,1.671554252199413393e-01,9.677419354838709409e-02,2.717497556207233433e-01
1.955034213098729226e-03,1.163245356793743829e-01,9.579667644183773034e-02,5.083088954056696335e-02
0.000000000000000000e+00,5.669599217986314582e-02,8.895405669599218412e-02,2.952101661779081287e-01
0.000000000000000000e+00,2.737047898338220916e-02,8.211143695014662403e-02,4.985337243401759266e-02
6.158357771260997149e-02,2.737047898338220916e-02,7.820136852394916904e-02,1.006842619745845491e-01
0.000000000000000000e+00,1.466275659824047006e-02,7.331378299120235031e-02,2.013685239491690981e-01
0.000000000000000000e+00,6.842619745845552291e-03,6.842619745845551771e-02,4.887585532746822892e-02
5.865102639296188025e-02,1.857282502443792851e-02,6.549364613880742647e-02,2.668621700879765246e-01
1.564027370478983381e-02,2.150537634408602322e-02,6.256109481915933523e-02,1.466275659824047006e-02
2.199413489736070371e-01,8.015640273704789653e-02,6.744868035190615396e-02,1.075268817204301092e-01
9.775171065493646130e-04,6.549364613880742647e-02,6.744868035190615396e-02,1.603128054740957931e-01
0.000000000000000000e+00,3.128054740957966762e-02,6.256109481915933523e-02,4.594330400782013768e-02
1.358748778103616717e-01,4.985337243401759266e-02,6.256109481915933523e-02,2.658846529814271609e-01
0.000000000000000000e+00,3.910068426197458452e-02,6.060606060606060774e-02,2.150537634408602322e-02
2.003910068426197344e-01,7.429130009775171406e-02,6.256109481915933523e-02,2.385141739980449760e-01
3.519061583577712815e-01,2.013685239491690981e-01,8.113391984359726028e-02,3.030303030303030387e-02
4.086021505376344343e-01,3.000977517106549475e-01,1.036168132942326542e-01,7.135874877810362282e-02
1.564027370478983381e-02,2.140762463343108546e-01,1.065493646138807454e-01,2.521994134897360684e-01
5.669599217986314582e-02,1.319648093841642167e-01,1.026392961876832904e-01,5.474095796676441833e-02
0.000000000000000000e+00,7.917888563049853279e-02,9.775171065493645783e-02,2.913000977517106738e-01
0.000000000000000000e+00,3.910068426197458452e-02,9.090909090909091161e-02,3.421309872922775885e-02
0.000000000000000000e+00,1.955034213098729226e-02,8.406647116324535152e-02,1.182795698924731242e-01
0.000000000000000000e+00,9.775171065493646130e-03,7.820136852394916904e-02,1.652003910068426118e-01
1.876832844574780057e-01,4.985337243401759266e-02,7.038123167155425908e-02,3.616813294232649328e-02
8.602150537634409289e-02,9.481915933528836660e-02,7.624633431085044155e-02,6.647116324535679022e-02
2.834799608993157291e-02,7.722385141739980530e-02,7.526881720430107781e-02,2.082111436950146721e-01
8.699902248289345663e-02,6.842619745845551771e-02,7.429130009775171406e-02,4.398826979472141019e-02
1.075268817204301092e-01,8.895405669599218412e-02,7.624633431085044155e-02,2.688172043010752521e-01
9.775171065493646130e-04,6.940371456500488145e-02,7.526881720430107781e-02,2.248289345063538697e-02
1.808406647116324595e-01,8.699902248289345663e-02,7.624633431085044155e-02,9.775171065493645783e-02
5.865102639296187678e-03,8.993157380254154787e-02,7.917888563049853279e-02,1.847507331378299145e-01
7.135874877810362282e-02,5.865102639296188025e-02,7.526881720430107781e-02,4.985337243401759266e-02
5.865102639296187678e-03,3.519061583577712954e-02,7.038123167155425908e-02,2.512218963831867047e-01
0.000000000000000000e+00,1.759530791788856477e-02,6.647116324535679022e-02,4.007820136852394827e-02
0.000000000000000000e+00,8.797653958944282385e-03,6.158357771260997149e-02,2.287390029325513108e-01
8.699902248289345663e-02,4.203323558162267576e-02,6.256109481915933523e-02,1.661779081133919755e-02
3.714565004887585703e-02,5.767350928641250957e-02,6.353861192570869898e-02,5.767350928641250957e-02
7.331378299120235031e-02,5.669599217986314582e-02,6.256109481915933523e-02,2.130987292277614908e-01
0.000000000000000000e+00,3.616813294232649328e-02,5.962854349951124400e-02,3.323558162267839511e-02
0.000000000000000000e+00,1.661779081133919755e-02,5.571847507331378208e-02,2.600195503421309784e-01
5.083088954056696335e-02,2.932551319648094013e-02,5.474095796676441833e-02,1.368523949169110458e-02
1.182795698924731242e-01,6.549364613880742647e-02,5.767350928641250957e-02,8.113391984359726028e-02
3.000977517106549475e-01,1.554252199413489743e-01,7.038123167155425908e-02,1.837732160312805507e-01
3.910068426197458313e-01,2.649071358748777971e-01,9.090909090909091161e-02,5.278592375366569084e-02
4.887585532746823065e-03,1.857282502443792782e-01,9.384164222873900285e-02,2.805474095796676171e-01
9.384164222873900285e-02,1.270772238514173980e-01,9.188660801564027536e-02,3.910068426197458452e-02
1.955034213098729226e-03,9.188660801564027536e-02,8.993157380254154787e-02,2.209188660801564008e-01
0.000000000000000000e+00,4.496578690127077393e-02,8.308895405669598777e-02,6.549364613880742647e-02
2.375366568914956122e-01,9.775171065493645783e-02,8.699902248289345663e-02,6.451612903225806273e-02
2.932551319648093839e-03,8.993157380254154787e-02,8.797653958944282038e-02,2.707722385141739796e-01
1.417399804496578819e-01,8.895405669599218412e-02,8.699902248289345663e-02,4.105571847507331201e-02
2.932551319648093839e-03,8.015640273704789653e-02,8.699902248289345663e-02,3.000977517106549475e-01
0.000000000000000000e+00,3.910068426197458452e-02,8.113391984359726028e-02,2.541544477028348167e-02
0.000000000000000000e+00,1.857282502443792851e-02,7.526881720430107781e-02,6.940371456500488145e-02
4.105571847507331201e-02,2.052785923753665601e-02,7.135874877810362282e-02,1.818181818181818232e-01
1.212121212121212155e-01,5.474095796676441833e-02,7.233626588465298657e-02,2.932551319648094013e-02
0.000000000000000000e+00,3.421309872922775885e-02,6.842619745845551771e-02,2.629521016617790696e-01
0.000000000000000000e+00,1.564027370478983381e-02,6.353861192570869898e-02,2.834799608993157291e-02
0.000000000000000000e+00,6.842619745845552291e-03,5.962854349951124400e-02,1.358748778103616717e-01
1.622678396871945206e-01,4.301075268817204644e-02,5.962854349951124400e-02,1.622678396871945206e-01
8.602150537634409289e-02,8.406647116324535152e-02,6.549364613880742647e-02,4.007820136852394827e-02
1.173020527859237605e-01,9.775171065493645783e-02,6.842619745845551771e-02,2.580645161290322509e-01
8.602150537634409289e-02,1.065493646138807454e-01,7.233626588465298657e-02,3.519061583577712954e-02
1.202346041055718517e-01,1.036168132942326542e-01,7.331378299120235031e-02,2.453567937438905222e-01
2.854349951124144913e-01,1.612903225806451568e-01,8.308895405669598777e-02,2.541544477028348167e-02
1.788856304985337320e-01,1.827956989247311870e-01,9.188660801564027536e-02,8.602150537634409289e-02
0.000000000000000000e+00,9.090909090909091161e-02,8.504398826979471526e-02,2.062561094819159446e-01
0.000000000000000000e+00,4.398826979472141019e-02,7.917888563049853279e-02,4.496578690127077393e-02
0.000000000000000000e+00,2.150537634408602322e-02,7.429130009775171406e-02,2.678396871945258884e-01
0.000000000000000000e+00,1.075268817204301161e-02,6.842619745845551771e-02,3.910068426197458452e-02
0.000000000000000000e+00,4.887585532746823065e-03,6.353861192570869898e-02,1.153470185728250191e-01
1.661779081133919755e-02,8.797653958944282385e-03,6.060606060606060774e-02,1.661779081133919755e-01
3.910068426197458452e-03,1.173020527859237536e-02,5.767350928641250957e-02,2.834799608993157291e-02
2.414467253176930672e-01,8.699902248289345663e-02,6.353861192570869898e-02,2.570869990224828872e-01
0.000000000000000000e+00,6.647116324535679022e-02,6.353861192570869898e-02,2.737047898338220916e-02
5.278592375366569084e-02,4.594330400782013768e-02,6.060606060606060774e-02,2.238514173998044920e-01
0.000000000000000000e+00,2.639296187683284542e-02,5.669599217986314582e-02,4.301075268817204644e-02
1.564027370478983381e-02,2.248289345063538697e-02,5.474095796676441833e-02,3.812316715542522078e-02
0.000000000000000000e+00,1.661779081133919755e-02,5.180840664711632709e-02,2.277614858260019470e-01
2.346041055718475071e-02,1.661779081133919755e-02,4.887585532746822892e-02,1.759530791788856477e-02
1.955034213098729157e-01,7.038123167155425908e-02,5.376344086021505458e-02,2.649071358748777971e-01
2.248289345063538697e-02,7.917888563049853279e-02,5.669599217986314582e-02,1.466275659824047006e-02
0.000000000000000000e+00,3.812316715542522078e-02,5.278592375366569084e-02,8.113391984359726028e-02
9.677419354838709409e-02,4.203323558162267576e-02,5.180840664711632709e-02,2.121212121212121271e-01
2.072336265884653084e-01,1.104594330400782004e-01,6.060606060606060774e-02,3.030303030303030387e-02
3.910068426197458452e-03,9.579667644183773034e-02,6.256109481915933523e-02,2.697947214076246158e-01
7.526881720430107781e-02,6.158357771260997149e-02,6.060606060606060774e-02,2.834799608993157291e-02
1.661779081133919755e-02,3.910068426197458452e-02,5.669599217986314582e-02,5.180840664711632709e-02
0.000000000000000000e+00,2.052785923753665601e-02,5.278592375366569084e-02,2.649071358748777971e-01
0.000000000000000000e+00,1.075268817204301161e-02,4.985337243401759266e-02,2.052785923753665601e-02
0.000000000000000000e+00,4.887585532746823065e-03,4.594330400782013768e-02,9.384164222873900285e-02
1.564027370478983381e-02,1.173020527859237536e-02,4.398826979472141019e-02,1.847507331378299145e-01
2.443792766373411446e-02,1.857282502443792851e-02,4.301075268817204644e-02,2.443792766373411446e-02
2.551319648093841597e-01,9.970674486803518533e-02,5.180840664711632709e-02,2.482893450635386134e-01
4.887585532746823065e-03,9.970674486803518533e-02,5.669599217986314582e-02,2.248289345063538697e-02
0.000000000000000000e+00,4.887585532746822892e-02,5.278592375366569084e-02,1.720430107526881858e-01
3.421309872922775885e-02,4.301075268817204644e-02,5.083088954056696335e-02,5.278592375366569084e-02
2.082111436950146721e-01,9.872922776148582158e-02,5.767350928641250957e-02,5.083088954056696335e-02
1.173020527859237536e-02,8.113391984359726028e-02,5.962854349951124400e-02,2.287390029325513108e-01
1.681329423264907030e-01,8.895405669599218412e-02,6.060606060606060774e-02,2.932551319648094013e-02
9.970674486803518533e-02,1.075268817204301092e-01,6.549364613880742647e-02,2.776148582600195258e-01
1.955034213098729226e-03,5.865102639296188025e-02,6.256109481915933523e-02,1.955034213098729226e-02
2.932551319648094013e-02,3.616813294232649328e-02,5.865102639296188025e-02,8.602150537634409289e-02
2.932551319648093839e-03,2.052785923753665601e-02,5.474095796676441833e-02,1.964809384164222794e-01
0.000000000000000000e+00,9.775171065493646130e-03,5.083088954056696335e-02,2.541544477028348167e-02
1.300097751710654892e-01,3.714565004887585703e-02,5.180840664711632709e-02,2.629521016617790696e-01
2.248289345063538697e-02,4.692082111436950143e-02,5.180840664711632709e-02,1.759530791788856477e-02
2.365591397849462485e-01,1.006842619745845491e-01,5.865102639296188025e-02,1.485826001955034281e-01
9.775171065493646130e-04,8.211143695014662403e-02,5.962854349951124400e-02,6.256109481915933523e-02
0.000000000000000000e+00,4.007820136852394827e-02,5.571847507331378208e-02,3.225806451612903136e-02
0.000000000000000000e+00,1.955034213098729226e-02,5.180840664711632709e-02,2.541544477028347959e-01
0.000000000000000000e+00,8.797653958944282385e-03,4.789833822091886517e-02,1.368523949169110458e-02
3.910068426197458452e-03,6.842619745845552291e-03,4.496578690127077393e-02,2.326490713587487658e-01
1.368523949169110458e-02,1.075268817204301161e-02,4.301075268817204644e-02,7.038123167155425908e-02
1.759530791788856477e-02,1.466275659824047006e-02,4.105571847507331201e-02,4.301075268817204644e-02
5.767350928641250957e-02,3.030303030303030387e-02,4.203323558162267576e-02,2.052785923753665809e-01
0.000000000000000000e+00,2.346041055718475071e-02,4.007820136852394827e-02,1.759530791788856477e-02
1.857282502443792851e-02,2.248289345063538697e-02,3.910068426197458452e-02,2.473118279569892497e-01
0.000000000000000000e+00,1.466275659824047006e-02,3.714565004887585703e-02,1.075268817204301161e-02
0.000000000000000000e+00,6.842619745845552291e-03,3.421309872922775885e-02,7.429130009775171406e-02
1.857282502443792851e-02,1.173020527859237536e-02,3.323558162267839511e-02,1.016617790811339267e-01
0.000000000000000000e+00,1.466275659824047006e-02,3.225806451612903136e-02,2.346041055718475071e-02
2.346041055718475071e-02,1.564027370478983381e-02,3.128054740957966762e-02,2.258064516129032195e-01
1.065493646138807454e-01,4.692082111436950143e-02,3.421309872922775885e-02,0.000000000000000000e+00
0.000000000000000000e+00,3.421309872922775885e-02,3.323558162267839511e-02,1.544477028347996106e-01
8.602150537634409289e-02,4.985337243401759266e-02,3.519061583577712954e-02,1.036168132942326542e-01
9.775171065493646130e-04,4.789833822091886517e-02,3.714565004887585703e-02,2.737047898338220916e-02
0.000000000000000000e+00,2.248289345063538697e-02,3.421309872922775885e-02,2.346041055718475210e-01
0.000000000000000000e+00,1.075268817204301161e-02,3.128054740957966762e-02,1.173020527859237536e-02
2.082111436950146721e-01,6.647116324535679022e-02,3.714565004887585703e-02,2.697947214076246158e-01
9.872922776148582158e-02,1.133919843597262916e-01,4.594330400782013768e-02,1.759530791788856477e-02
9.775171065493646130e-04,7.526881720430107781e-02,4.594330400782013768e-02,7.429130009775171406e-02
1.329423264907135804e-01,7.135874877810362282e-02,4.692082111436950143e-02,1.827956989247311870e-01
0.000000000000000000e+00,3.812316715542522078e-02,4.398826979472141019e-02,2.443792766373411446e-02
3.714565004887585703e-02,2.639296187683284542e-02,4.203323558162267576e-02,2.570869990224828872e-01
2.932551319648093839e-03,1.661779081133919755e-02,4.007820136852394827e-02,0.000000000000000000e+00
3.910068426197458452e-03,1.173020527859237536e-02,3.714565004887585703e-02,8.602150537634409289e-02
5.474095796676441833e-02,2.052785923753665601e-02,3.714565004887585703e-02,1.309872922776148529e-01
1.661779081133919755e-02,2.052785923753665601e-02,3.519061583577712954e-02,2.150537634408602322e-02
0.000000000000000000e+00,1.173020527859237536e-02,3.323558162267839511e-02,2.434017595307917947e-01
2.170087976539589458e-01,7.233626588465298657e-02,3.910068426197458452e-02,1.270772238514174084e-02
0.000000000000000000e+00,5.180840664711632709e-02,3.910068426197458452e-02,2.267839687194525833e-01
1.847507331378299145e-01,7.331378299120235031e-02,4.203323558162267576e-02,4.887585532746823065e-03
4.203323558162267576e-02,8.602150537634409289e-02,4.692082111436950143e-02,4.301075268817204644e-02
0.000000000000000000e+00,4.692082111436950143e-02,4.496578690127077393e-02,2.355816226783968848e-01
0.000000000000000000e+00,2.248289345063538697e-02,4.105571847507331201e-02,1.759530791788856477e-02
0.000000000000000000e+00,1.075268817204301161e-02,3.812316715542522078e-02,2.394916911045943397e-01
4.887585532746823065e-03,7.820136852394916904e-03,3.616813294232649328e-02,6.842619745845552291e-03
0.000000000000000000e+00,4.887585532746823065e-03,3.421309872922775885e-02,7.038123167155425908e-02
1.759530791788856477e-02,9.775171065493646130e-03,3.225806451612903136e-02,1.339198435972629442e-01
1.133919843597262916e-01,4.398826979472141019e-02,3.519061583577712954e-02,1.759530791788856477e-02
0.000000000000000000e+00,7.233626588465298657e-02,4.692082111436950143e-02,5.083088954056696335e-02
9.775171065493646130e-04,3.519061583577712954e-02,4.301075268817204644e-02,2.003910068426197344e-01
1.925708699902248244e-01,7.135874877810362282e-02,4.692082111436950143e-02,2.248289345063538697e-02
1.358748778103616717e-01,1.153470185728250191e-01,5.474095796676441833e-02,2.697947214076246158e-01
3.059628543499511300e-01,1.779081133919843682e-01,6.744868035190615396e-02,2.150537634408602322e-02
2.834799608993157291e-02,1.515151515151515194e-01,7.233626588465298657e-02,1.036168132942326542e-01
2.502443792766373409e-01,1.583577712609970656e-01,7.820136852394916904e-02,1.779081133919843682e-01
5.865102639296187678e-03,1.329423264907135804e-01,8.113391984359726028e-02,5.571847507331378208e-02
3.910068426197458452e-03,6.647116324535679022e-02,7.526881720430107781e-02,2.776148582600195258e-01
0.000000000000000000e+00,3.225806451612903136e-02,6.940371456500488145e-02,4.301075268817204644e-02
2.072336265884653084e-01,7.429130009775171406e-02,7.233626588465298657e-02,2.267839687194525833e-01
9.775171065493646130e-04,6.647116324535679022e-02,7.233626588465298657e-02,2.052785923753665601e-02
1.173020527859237605e-01,6.256109481915933523e-02,7.038123167155425908e-02,5.083088954056696335e-02
3.137829912023460399e-01,1.652003910068426118e-01,8.406647116324535152e-02,2.600195503421309784e-01
9.775171065493646130e-04,1.124144672531769279e-01,8.308895405669598777e-02,3.812316715542522078e-02
9.775171065493646130e-03,5.669599217986314582e-02,7.722385141739980530e-02,2.873900293255132188e-01
8.015640273704789653e-02,5.669599217986314582e-02,7.624633431085044155e-02,2.541544477028348167e-02
9.775171065493646130e-03,5.083088954056696335e-02,7.429130009775171406e-02,9.188660801564027536e-02
2.482893450635386134e-01,1.085043988269794729e-01,7.917888563049853279e-02,1.505376344086021556e-01
3.323558162267839511e-02,1.055718475073313817e-01,8.113391984359726028e-02,4.692082111436950143e-02
1.955034213098729226e-03,5.962854349951124400e-02,7.722385141739980530e-02,2.873900293255132188e-01
0.000000000000000000e+00,2.834799608993157291e-02,7.135874877810362282e-02,3.421309872922775885e-02
0.000000000000000000e+00,1.368523949169110458e-02,6.647116324535679022e-02,2.003910068426197344e-01
0.000000000000000000e+00,5.865102639296187678e-03,6.256109481915933523e-02,1.045943304007820179e-01
0.000000000000000000e+00,2.932551319648093839e-03,5.767350928641250957e-02,4.203323558162267576e-02
6.842619745845552291e-03,4.887585532746823065e-03,5.376344086021505458e-02,2.473118279569892497e-01
4.985337243401759266e-02,2.052785923753665601e-02,5.278592375366569084e-02,1.661779081133919755e-02
2.639296187683284334e-01,1.065493646138807454e-01,6.158357771260997149e-02,2.678396871945258884e-01
4.789833822091886517e-02,1.300097751710654892e-01,6.940371456500488145e-02,1.564027370478983381e-02
1.564027370478983381e-02,7.233626588465298657e-02,6.549364613880742647e-02,7.624633431085044155e-02
9.775171065493646130e-04,3.812316715542522078e-02,6.158357771260997149e-02,1.788856304985337320e-01
0.000000000000000000e+00,1.857282502443792851e-02,5.767350928641250957e-02,2.737047898338220916e-02
2.218963831867057646e-01,7.624633431085044155e-02,6.158357771260997149e-02,2.649071358748777971e-01
1.173020527859237605e-01,1.368523949169110354e-01,7.135874877810362282e-02,2.932551319648094013e-02
5.474095796676441833e-02,9.872922776148582158e-02,7.135874877810362282e-02,1.417399804496578819e-01
0.000000000000000000e+00,4.789833822091886517e-02,6.647116324535679022e-02,1.485826001955034281e-01
0.000000000000000000e+00,2.248289345063538697e-02,6.158357771260997149e-02,3.910068426197458452e-02
0.000000000000000000e+00,1.075268817204301161e-02,5.669599217986314582e-02,2.580645161290322509e-01
1.720430107526881858e-01,4.789833822091886517e-02,5.865102639296188025e-02,2.932551319648094013e-02
1.358748778103616717e-01,1.045943304007820179e-01,6.549364613880742647e-02,2.600195503421309784e-01
3.049853372434017662e-01,1.720430107526881858e-01,7.722385141739980530e-02,2.443792766373411446e-02
3.910068426197458452e-03,1.348973607038123079e-01,8.015640273704789653e-02,6.842619745845551771e-02
0.000000000000000000e+00,6.647116324535679022e-02,7.429130009775171406e-02,2.072336265884653084e-01
2.150537634408602322e-02,4.203323558162267576e-02,7.038123167155425908e-02,3.323558162267839511e-02
2.639296187683284542e-02,3.714565004887585703e-02,6.744868035190615396e-02,2.717497556207233433e-01
2.678396871945258884e-01,1.153470185728250191e-01,7.526881720430107781e-02,2.541544477028348167e-02
5.865102639296187678e-03,1.104594330400782004e-01,7.917888563049853279e-02,1.124144672531769279e-01
0.000000000000000000e+00,5.376344086021505458e-02,7.331378299120235031e-02,1.779081133919843682e-01
5.669599217986314582e-02,4.203323558162267576e-02,7.038123167155425908e-02,3.910068426197458452e-02
0.000000000000000000e+00,3.714565004887585703e-02,6.744868035190615396e-02,2.649071358748777971e-01
7.820136852394916904e-03,2.150537634408602322e-02,6.353861192570869898e-02,2.932551319648094013e-02
0.000000000000000000e+00,1.173020527859237536e-02,5.962854349951124400e-02,2.346041055718475210e-01
9.775171065493646130e-04,5.865102639296187678e-03,5.571847507331378208e-02,1.173020527859237536e-02
4.887585532746823065e-03,5.865102639296187678e-03,5.180840664711632709e-02,3.519061583577712954e-02
0.000000000000000000e+00,4.887585532746823065e-03,4.887585532746822892e-02,2.375366568914956122e-01
2.238514173998044920e-01,7.331378299120235031e-02,5.474095796676441833e-02,2.150537634408602322e-02
3.538611925708700090e-01,2.023460410557184619e-01,7.331378299120235031e-02,2.805474095796676171e-01
1.632453567937438843e-01,2.170087976539589458e-01,8.504398826979471526e-02,4.496578690127077393e-02
3.304007820136852236e-01,2.385141739980449760e-01,9.677419354838709409e-02,1.085043988269794729e-01
8.993157380254154787e-02,2.209188660801564008e-01,1.055718475073313817e-01,2.267839687194525833e-01
3.128054740957966762e-01,2.258064516129032195e-01,1.133919843597262916e-01,6.647116324535679022e-02
3.968719452590420138e-01,3.098729227761485849e-01,1.319648093841642167e-01,3.137829912023460399e-01
3.910068426197458452e-03,2.043010752688172171e-01,1.319648093841642167e-01,6.940371456500488145e-02
2.991202346041055837e-01,2.062561094819159446e-01,1.358748778103616717e-01,2.658846529814271609e-01
3.910068426197458452e-03,2.189638318670576733e-01,1.622678396871945206e-01,3.069403714565004937e-01
7.722385141739980530e-02,1.290322580645161255e-01,1.534701857282502468e-01,7.135874877810362282e-02
0.000000000000000000e+00,7.038123167155425908e-02,1.427174975562072456e-01,1.476050830889540644e-01
0.000000000000000000e+00,3.519061583577712954e-02,1.329423264907135804e-01,2.316715542521994020e-01
2.209188660801564008e-01,8.113391984359726028e-02,1.309872922776148529e-01,7.722385141739980530e-02
3.812316715542522078e-02,9.286412512218963911e-02,1.300097751710654892e-01,3.049853372434017662e-01
8.015640273704789653e-02,7.820136852394916904e-02,1.260997067448680342e-01,8.015640273704789653e-02
0.000000000000000000e+00,4.398826979472141019e-02,1.182795698924731242e-01,2.903225806451613100e-01
4.594330400782013768e-02,3.714565004887585703e-02,1.114369501466275642e-01,3.910068426197458452e-02
0.000000000000000000e+00,2.932551319648094013e-02,1.055718475073313817e-01,8.113391984359726028e-02
0.000000000000000000e+00,1.368523949169110458e-02,9.775171065493645783e-02,2.248289345063538558e-01
6.158357771260997149e-02,2.150537634408602322e-02,9.286412512218963911e-02,6.549364613880742647e-02
0.000000000000000000e+00,1.857282502443792851e-02,8.797653958944282038e-02,2.942326490713587650e-01
0.000000000000000000e+00,8.797653958944282385e-03,8.211143695014662403e-02,3.616813294232649328e-02
0.000000000000000000e+00,3.910068426197458452e-03,7.624633431085044155e-02,1.036168132942326542e-01
0.000000000000000000e+00,9.775171065493646130e-04,7.135874877810362282e-02,1.964809384164222794e-01
0.000000000000000000e+00,0.000000000000000000e+00,6.647116324535679022e-02,4.887585532746822892e-02
0.000000000000000000e+00,0.000000000000000000e+00,6.158357771260997149e-02,2.658846529814271609e-01
2.228739002932551283e-01,6.842619745845551771e-02,6.647116324535679022e-02,3.128054740957966762e-02
9.775171065493646130e-03,9.090909090909091161e-02,7.135874877810362282e-02,1.925708699902248244e-01
2.531769305962854322e-01,1.280547409579667617e-01,7.624633431085044155e-02,6.256109481915933523e-02
3.773216031280547389e-01,2.424242424242424310e-01,9.579667644183773034e-02,6.256109481915933523e-02
4.261974584555229817e-01,3.294232649071358598e-01,1.182795698924731242e-01,2.961876832844574925e-01
9.775171065493646130e-04,1.915933528836754607e-01,1.153470185728250191e-01,6.060606060606060774e-02
0.000000000000000000e+00,9.481915933528836660e-02,1.065493646138807454e-01,3.147605083088954037e-01
0.000000000000000000e+00,4.692082111436950143e-02,9.872922776148582158e-02,5.278592375366569084e-02
2.766373411534701621e-01,1.241446725317693067e-01,1.055718475073313817e-01,1.094819159335288367e-01
8.797653958944282038e-02,1.388074291300097629e-01,1.094819159335288367e-01,2.218963831867057646e-01
0.000000000000000000e+00,6.744868035190615396e-02,1.016617790811339267e-01,5.278592375366569084e-02
2.052785923753665601e-02,3.910068426197458452e-02,9.481915933528836660e-02,2.971652003910068562e-01
2.688172043010752521e-01,1.153470185728250191e-01,1.006842619745845491e-01,5.180840664711632709e-02
7.331378299120235031e-02,1.573802541544477018e-01,1.085043988269794729e-01,2.218963831867057646e-01
3.010752688172043112e-01,1.896383186705767332e-01,1.163245356793743829e-01,8.211143695014662403e-02
1.241446725317693067e-01,1.994134897360703707e-01,1.231671554252199430e-01,8.993157380254154787e-02
9.775171065493646130e-04,1.182795698924731242e-01,1.182795698924731242e-01,2.854349951124144913e-01
0.000000000000000000e+00,5.767350928641250957e-02,1.094819159335288367e-01,4.887585532746822892e-02
8.211143695014662403e-02,5.083088954056696335e-02,1.045943304007820179e-01,3.000977517106549475e-01
7.820136852394916904e-03,4.398826979472141019e-02,9.970674486803518533e-02,3.714565004887585703e-02
2.248289345063538697e-02,3.616813294232649328e-02,9.481915933528836660e-02,1.055718475073313817e-01
0.000000000000000000e+00,2.443792766373411446e-02,8.993157380254154787e-02,1.466275659824047006e-01
2.346041055718475071e-02,2.052785923753665601e-02,8.406647116324535152e-02,4.105571847507331201e-02
0.000000000000000000e+00,1.270772238514174084e-02,7.917888563049853279e-02,2.815249266862170363e-01
0.000000000000000000e+00,5.865102639296187678e-03,7.429130009775171406e-02,3.714565004887585703e-02
0.000000000000000000e+00,1.955034213098729226e-03,6.940371456500488145e-02,1.818181818181818232e-01
1.700879765395894305e-01,4.301075268817204644e-02,6.940371456500488145e-02,1.436950146627566094e-01
1.710654936461387943e-01,1.114369501466275642e-01,7.722385141739980530e-02,3.910068426197458452e-02
0.000000000000000000e+00,5.767350928641250957e-02,7.233626588465298657e-02,2.580645161290322509e-01
0.000000000000000000e+00,2.737047898338220916e-02,6.744868035190615396e-02,2.737047898338220916e-02
0.000000000000000000e+00,1.270772238514174084e-02,6.256109481915933523e-02,2.717497556207233433e-01
1.857282502443792782e-01,5.474095796676441833e-02,6.451612903225806273e-02,1.661779081133919755e-02
1.339198435972629442e-01,1.085043988269794729e-01,7.135874877810362282e-02,8.113391984359726028e-02
2.150537634408602322e-02,7.135874877810362282e-02,6.940371456500488145e-02,1.798631476050830957e-01
4.985337243401759266e-02,5.571847507331378208e-02,6.744868035190615396e-02,4.789833822091886517e-02
2.727272727272727071e-01,1.270772238514173980e-01,7.526881720430107781e-02,2.746823069403714346e-01
2.013685239491690981e-01,1.974584555229716432e-01,8.895405669599218412e-02,4.105571847507331201e-02
0.000000000000000000e+00,1.163245356793743829e-01,8.602150537634409289e-02,1.700879765395894305e-01
0.000000000000000000e+00,5.669599217986314582e-02,8.015640273704789653e-02,1.534701857282502468e-01
1.837732160312805507e-01,7.429130009775171406e-02,8.015640273704789653e-02,4.789833822091886517e-02
3.528836754643206453e-01,2.003910068426197344e-01,9.677419354838709409e-02,2.795698924731182533e-01
1.075268817204301161e-02,1.720430107526881858e-01,1.016617790811339267e-01,6.451612903225806273e-02
2.003910068426197344e-01,1.407624633431085182e-01,1.016617790811339267e-01,2.913000977517106738e-01
7.624633431085044155e-02,1.388074291300097629e-01,1.045943304007820179e-01,4.985337243401759266e-02
0.000000000000000000e+00,8.113391984359726028e-02,9.872922776148582158e-02,1.124144672531769279e-01
0.000000000000000000e+00,4.007820136852394827e-02,9.188660801564027536e-02,1.974584555229716432e-01
2.101661779081133996e-01,7.135874877810362282e-02,8.406647116324535152e-02,1.554252199413489743e-01
9.970674486803518533e-02,1.143695014662756554e-01,8.993157380254154787e-02,8.797653958944282038e-02
3.910068426197458452e-02,7.917888563049853279e-02,8.602150537634409289e-02,2.424242424242424310e-01
2.492668621700879772e-01,1.221896383186705792e-01,9.090909090909091161e-02,4.496578690127077393e-02
3.812316715542522078e-02,1.173020527859237605e-01,9.384164222873900285e-02,2.932551319648094013e-01
1.896383186705767332e-01,1.300097751710654892e-01,9.579667644183773034e-02,4.692082111436950143e-02
1.955034213098729226e-03,9.677419354838709409e-02,9.481915933528836660e-02,1.290322580645161255e-01
0.000000000000000000e+00,4.692082111436950143e-02,8.895405669599218412e-02,1.094819159335288367e-01
0.000000000000000000e+00,2.248289345063538697e-02,8.211143695014662403e-02,5.962854349951124400e-02
1.505376344086021556e-01,5.376344086021505458e-02,8.211143695014662403e-02,2.776148582600195258e-01
7.820136852394916904e-03,4.496578690127077393e-02,7.917888563049853279e-02,3.421309872922775885e-02
3.616813294232649328e-02,3.519061583577712954e-02,7.526881720430107781e-02,2.346041055718475210e-01
0.000000000000000000e+00,1.759530791788856477e-02,7.038123167155425908e-02,1.231671554252199430e-01
0.000000000000000000e+00,7.820136852394916904e-03,6.549364613880742647e-02,5.180840664711632709e-02
8.797653958944282385e-03,4.887585532746823065e-03,6.060606060606060774e-02,2.424242424242424310e-01
9.579667644183773034e-02,3.812316715542522078e-02,6.158357771260997149e-02,2.541544477028348167e-02
1.231671554252199430e-01,8.308895405669598777e-02,6.647116324535679022e-02,2.756598240469207983e-01
2.346041055718475210e-01,1.388074291300097629e-01,7.526881720430107781e-02,2.346041055718475071e-02
2.248289345063538697e-02,1.036168132942326542e-01,7.429130009775171406e-02,9.090909090909091161e-02
0.000000000000000000e+00,5.474095796676441833e-02,7.038123167155425908e-02,1.671554252199413393e-01
2.502443792766373409e-01,1.094819159335288367e-01,7.526881720430107781e-02,4.301075268817204644e-02
8.797653958944282385e-03,1.153470185728250191e-01,8.015640273704789653e-02,2.825024437927664001e-01
1.075268817204301092e-01,8.015640273704789653e-02,7.722385141739980530e-02,2.443792766373411446e-02
3.910068426197458452e-02,6.842619745845551771e-02,7.624633431085044155e-02,1.661779081133919755e-01
0.000000000000000000e+00,4.007820136852394827e-02,7.233626588465298657e-02,1.427174975562072456e-01
1.515151515151515194e-01,6.256109481915933523e-02,7.233626588465298657e-02,3.714565004887585703e-02
4.887585532746823065e-03,7.135874877810362282e-02,7.331378299120235031e-02,2.619745845552297059e-01
6.940371456500488145e-02,4.887585532746822892e-02,7.038123167155425908e-02,4.007820136852394827e-02
0.000000000000000000e+00,2.443792766373411446e-02,6.549364613880742647e-02,2.756598240469207983e-01
0.000000000000000000e+00,1.173020527859237536e-02,6.060606060606060774e-02,2.443792766373411446e-02
1.583577712609970656e-01,4.789833822091886517e-02,6.158357771260997149e-02,5.669599217986314582e-02
3.216031280547409499e-01,1.642228739002932481e-01,7.624633431085044155e-02,2.013685239491690981e-01
3.910068426197458452e-03,1.290322580645161255e-01,7.917888563049853279e-02,3.910068426197458452e-02
0.000000000000000000e+00,6.256109481915933523e-02,7.331378299120235031e-02,2.658846529814271609e-01
7.722385141739980530e-02,4.985337243401759266e-02,7.038123167155425908e-02,2.150537634408602322e-02
1.720430107526881858e-01,9.677419354838709409e-02,7.526881720430107781e-02,1.202346041055718517e-01
0.000000000000000000e+00,5.474095796676441833e-02,7.135874877810362282e-02,1.485826001955034281e-01
0.000000000000000000e+00,2.639296187683284542e-02,6.647116324535679022e-02,4.105571847507331201e-02
3.030303030303030387e-02,2.150537634408602322e-02,6.256109481915933523e-02,2.404692082111437035e-01
0.000000000000000000e+00,1.466275659824047006e-02,5.865102639296188025e-02,2.443792766373411446e-02
0.000000000000000000e+00,6.842619745845552291e-03,5.474095796676441833e-02,2.355816226783968848e-01
0.000000000000000000e+00,2.932551319648093839e-03,5.083088954056696335e-02,7.820136852394916904e-03
5.865102639296187678e-03,3.910068426197458452e-03,4.789833822091886517e-02,3.128054740957966762e-02
0.000000000000000000e+00,3.910068426197458452e-03,4.496578690127077393e-02,2.150537634408602183e-01
5.474095796676441833e-02,2.052785923753665601e-02,4.496578690127077393e-02,1.955034213098729226e-02
2.453567937438905222e-01,9.775171065493645783e-02,5.278592375366569084e-02,2.600195503421309784e-01
3.636363636363636465e-01,2.218963831867057646e-01,7.331378299120235031e-02,2.541544477028348167e-02
9.775171065493646130e-04,1.368523949169110354e-01,7.233626588465298657e-02,7.820136852394916904e-02
1.133919843597262916e-01,9.481915933528836660e-02,7.135874877810362282e-02,1.955034213098729157e-01
4.105571847507331201e-02,7.917888563049853279e-02,7.038123167155425908e-02,3.323558162267839511e-02
0.000000000000000000e+00,4.692082111436950143e-02,6.647116324535679022e-02,2.737047898338220708e-01
2.375366568914956122e-01,9.872922776148582158e-02,7.135874877810362282e-02,3.225806451612903136e-02
1.075268817204301161e-02,8.504398826979471526e-02,7.233626588465298657e-02,1.906158357771260969e-01
2.316715542521994020e-01,1.133919843597262916e-01,7.624633431085044155e-02,5.083088954056696335e-02
3.695014662756598289e-01,2.306940371456500383e-01,9.481915933528836660e-02,6.842619745845551771e-02
1.661779081133919755e-02,1.915933528836754607e-01,1.006842619745845491e-01,2.795698924731182533e-01
0.000000000000000000e+00,9.286412512218963911e-02,9.286412512218963911e-02,4.692082111436950143e-02
3.128054740957966762e-02,6.256109481915933523e-02,8.895405669599218412e-02,2.805474095796676171e-01
1.700879765395894305e-01,9.384164222873900285e-02,9.090909090909091161e-02,4.398826979472141019e-02
2.639296187683284542e-02,7.917888563049853279e-02,8.895405669599218412e-02,8.699902248289345663e-02
1.564027370478983381e-02,5.278592375366569084e-02,8.504398826979471526e-02,1.593352883675464293e-01
2.541544477028348167e-02,4.007820136852394827e-02,8.113391984359726028e-02,4.692082111436950143e-02
0.000000000000000000e+00,1.955034213098729226e-02,7.526881720430107781e-02,2.512218963831867047e-01
0.000000000000000000e+00,8.797653958944282385e-03,7.038123167155425908e-02,4.301075268817204644e-02
1.935483870967741882e-01,5.376344086021505458e-02,6.451612903225806273e-02,5.474095796676441833e-02
3.470185728250244628e-01,1.876832844574780057e-01,8.211143695014662403e-02,2.932551319648094013e-01
4.105571847507331618e-01,2.932551319648094013e-01,1.045943304007820179e-01,6.158357771260997149e-02
1.075268817204301161e-02,2.140762463343108546e-01,1.085043988269794729e-01,1.104594330400782004e-01
0.000000000000000000e+00,1.045943304007820179e-01,1.006842619745845491e-01,2.013685239491690981e-01
3.910068426197458452e-03,5.474095796676441833e-02,9.384164222873900285e-02,6.647116324535679022e-02
5.474095796676441833e-02,4.594330400782013768e-02,8.895405669599218412e-02,2.805474095796676171e-01
0.000000000000000000e+00,2.248289345063538697e-02,8.308895405669598777e-02,3.323558162267839511e-02
2.082111436950146721e-01,6.940371456500488145e-02,8.406647116324535152e-02,1.857282502443792782e-01
0.000000000000000000e+00,6.060606060606060774e-02,8.308895405669598777e-02,7.135874877810362282e-02
0.000000000000000000e+00,2.834799608993157291e-02,7.722385141739980530e-02,4.985337243401759266e-02
0.000000000000000000e+00,1.368523949169110458e-02,7.135874877810362282e-02,2.619745845552297059e-01
0.000000000000000000e+00,5.865102639296187678e-03,6.647116324535679022e-02,2.346041055718475071e-02
0.000000000000000000e+00,2.932551319648093839e-03,6.256109481915933523e-02,2.668621700879765246e-01
2.023460410557184619e-01,5.865102639296188025e-02,6.451612903225806273e-02,5.278592375366569084e-02
6.549364613880742647e-02,9.481915933528836660e-02,7.038123167155425908e-02,7.135874877810362282e-02
1.955034213098729226e-03,6.256109481915933523e-02,6.744868035190615396e-02,2.121212121212121271e-01
9.775171065493645783e-02,6.060606060606060774e-02,6.647116324535679022e-02,2.639296187683284542e-02
2.932551319648093839e-03,4.985337243401759266e-02,6.549364613880742647e-02,2.570869990224828872e-01
0.000000000000000000e+00,2.346041055718475071e-02,6.060606060606060774e-02,2.639296187683284542e-02
0.000000000000000000e+00,1.075268817204301161e-02,5.669599217986314582e-02,8.504398826979471526e-02
2.033235581622678534e-01,6.256109481915933523e-02,5.962854349951124400e-02,1.779081133919843682e-01
3.489736070381231903e-01,1.945259042033235519e-01,7.820136852394916904e-02,3.812316715542522078e-02
0.000000000000000000e+00,1.173020527859237605e-01,7.624633431085044155e-02,2.649071358748777971e-01
2.062561094819159446e-01,1.133919843597262916e-01,7.722385141739980530e-02,2.932551319648094013e-02
0.000000000000000000e+00,8.211143695014662403e-02,7.624633431085044155e-02,2.355816226783968848e-01
0.000000000000000000e+00,4.007820136852394827e-02,7.135874877810362282e-02,4.105571847507331201e-02
1.730205278592375495e-01,6.549364613880742647e-02,7.135874877810362282e-02,7.038123167155425908e-02
0.000000000000000000e+00,5.083088954056696335e-02,6.940371456500488145e-02,2.179863147605083096e-01
0.000000000000000000e+00,2.443792766373411446e-02,6.451612903225806273e-02,3.421309872922775885e-02
0.000000000000000000e+00,1.173020527859237536e-02,6.060606060606060774e-02,2.658846529814271609e-01
0.000000000000000000e+00,4.887585532746823065e-03,5.571847507331378208e-02,3.323558162267839511e-02
0.000000000000000000e+00,1.955034213098729226e-03,5.278592375366569084e-02,9.677419354838709409e-02
0.000000000000000000e+00,9.775171065493646130e-04,4.887585532746822892e-02,1.984359726295210069e-01
0.000000000000000000e+00,0.000000000000000000e+00,4.594330400782013768e-02,1.661779081133919755e-02
1.964809384164222794e-01,5.474095796676441833e-02,4.887585532746822892e-02,2.482893450635386134e-01
7.624633431085044155e-02,9.384164222873900285e-02,5.571847507331378208e-02,9.775171065493646130e-03
0.000000000000000000e+00,5.669599217986314582e-02,5.376344086021505458e-02,1.476050830889540644e-01
0.000000000000000000e+00,2.737047898338220916e-02,4.985337243401759266e-02,7.917888563049853279e-02
0.000000000000000000e+00,1.270772238514174084e-02,4.594330400782013768e-02,3.030303030303030387e-02
0.000000000000000000e+00,5.865102639296187678e-03,4.301075268817204644e-02,2.385141739980449760e-01
0.000000000000000000e+00,1.955034213098729226e-03,4.007820136852394827e-02,1.857282502443792851e-02
1.955034213098729226e-03,2.932551319648093839e-03,3.714565004887585703e-02,2.101661779081133996e-01
2.111436950146627634e-01,6.549364613880742647e-02,4.301075268817204644e-02,5.278592375366569084e-02
4.594330400782013768e-02,8.602150537634409289e-02,4.887585532746822892e-02,4.007820136852394827e-02
0.000000000000000000e+00,4.496578690127077393e-02,4.594330400782013768e-02,2.248289345063538558e-01
2.043010752688172171e-01,7.917888563049853279e-02,4.887585532746822892e-02,3.519061583577712954e-02
0.000000000000000000e+00,6.060606060606060774e-02,4.985337243401759266e-02,2.609970674486803421e-01
1.788856304985337320e-01,7.429130009775171406e-02,5.083088954056696335e-02,1.564027370478983381e-02
9.775171065493646130e-04,6.744868035190615396e-02,5.278592375366569084e-02,9.188660801564027536e-02
2.394916911045943397e-01,1.114369501466275642e-01,5.865102639296188025e-02,1.280547409579667617e-01
1.407624633431085182e-01,1.515151515151515194e-01,6.940371456500488145e-02,5.278592375366569084e-02
8.015640273704789653e-02,1.192570869990224880e-01,7.038123167155425908e-02,2.609970674486803421e-01
6.158357771260997149e-02,9.872922776148582158e-02,7.135874877810362282e-02,3.616813294232649328e-02
0.000000000000000000e+00,5.376344086021505458e-02,6.647116324535679022e-02,2.130987292277614908e-01
1.681329423264907030e-01,8.211143695014662403e-02,6.940371456500488145e-02,1.163245356793743829e-01
9.775171065493646130e-04,7.135874877810362282e-02,6.940371456500488145e-02,5.278592375366569084e-02
4.301075268817204644e-02,4.887585532746822892e-02,6.647116324535679022e-02,2.248289345063538558e-01
2.434017595307917947e-01,1.065493646138807454e-01,7.233626588465298657e-02,3.812316715542522078e-02
1.955034213098729226e-03,8.895405669599218412e-02,7.331378299120235031e-02,2.697947214076246158e-01
0.000000000000000000e+00,4.301075268817204644e-02,6.744868035190615396e-02,2.834799608993157291e-02
2.443792766373411446e-02,2.737047898338220916e-02,6.353861192570869898e-02,9.970674486803518533e-02
0.000000000000000000e+00,1.564027370478983381e-02,5.962854349951124400e-02,1.554252199413489743e-01
0.000000000000000000e+00,6.842619745845552291e-03,5.571847507331378208e-02,2.541544477028348167e-02
3.519061583577712954e-02,9.775171065493646130e-03,4.692082111436950143e-02,8.895405669599218412e-02
5.865102639296187678e-03,1.270772238514174084e-02,4.496578690127077393e-02,2.267839687194525833e-01
1.857282502443792851e-02,1.955034213098729226e-02,4.398826979472141019e-02,1.466275659824047006e-02
3.812316715542522078e-02,2.639296187683284542e-02,4.301075268817204644e-02,2.512218963831867047e-01
0.000000000000000000e+00,1.270772238514174084e-02,4.007820136852394827e-02,5.865102639296187678e-03
9.775171065493646130e-03,1.075268817204301161e-02,3.812316715542522078e-02,7.820136852394916904e-02
6.549364613880742647e-02,2.834799608993157291e-02,3.910068426197458452e-02,8.993157380254154787e-02
0.000000000000000000e+00,1.368523949169110458e-02,3.616813294232649328e-02,1.075268817204301161e-02
6.744868035190615396e-02,2.443792766373411446e-02,3.519061583577712954e-02,2.316715542521994020e-01
8.211143695014662403e-02,5.083088954056696335e-02,3.812316715542522078e-02,1.270772238514174084e-02
1.759530791788856477e-02,4.203323558162267576e-02,3.812316715542522078e-02,1.691104594330400668e-01
1.446725317693059731e-01,7.038123167155425908e-02,4.203323558162267576e-02,1.182795698924731242e-01
0.000000000000000000e+00,4.398826979472141019e-02,4.105571847507331201e-02,3.323558162267839511e-02
1.466275659824047006e-02,2.737047898338220916e-02,3.812316715542522078e-02,2.179863147605083096e-01
1.026392961876832904e-01,4.789833822091886517e-02,4.007820136852394827e-02,2.150537634408602322e-02
2.864125122189638550e-01,1.368523949169110354e-01,5.278592375366569084e-02,2.590420332355816146e-01
2.502443792766373409e-01,2.082111436950146721e-01,6.842619745845551771e-02,4.301075268817204644e-02
9.775171065493646130e-04,1.231671554252199430e-01,6.744868035190615396e-02,7.820136852394916904e-02
2.258064516129032195e-01,1.260997067448680342e-01,7.038123167155425908e-02,1.495601173020527919e-01
9.775171065493646130e-04,9.481915933528836660e-02,7.038123167155425908e-02,3.714565004887585703e-02
0.000000000000000000e+00,4.692082111436950143e-02,6.549364613880742647e-02,2.570869990224828872e-01
1.720430107526881858e-01,6.647116324535679022e-02,6.647116324535679022e-02,2.932551319648094013e-02
3.440860215053763715e-01,1.915933528836754607e-01,8.308895405669598777e-02,1.876832844574780057e-01
5.278592375366569084e-02,1.906158357771260969e-01,9.188660801564027536e-02,1.544477028347996106e-01
1.612903225806451568e-01,1.466275659824047006e-01,9.188660801564027536e-02,4.985337243401759266e-02
2.873900293255132188e-01,1.935483870967741882e-01,1.016617790811339267e-01,2.590420332355816146e-01
3.978494623655913776e-01,2.854349951124144913e-01,1.202346041055718517e-01,8.211143695014662403e-02
2.346041055718475071e-02,1.964809384164222794e-01,1.212121212121212155e-01,3.040078201368524025e-01
0.000000000000000000e+00,9.775171065493645783e-02,1.124144672531769279e-01,5.669599217986314582e-02
0.000000000000000000e+00,4.887585532746822892e-02,1.045943304007820179e-01,1.260997067448680342e-01
2.248289345063538697e-02,3.225806451612903136e-02,9.775171065493645783e-02,1.505376344086021556e-01
7.722385141739980530e-02,4.692082111436950143e-02,9.579667644183773034e-02,5.865102639296188025e-02
0.000000000000000000e+00,2.541544477028348167e-02,8.895405669599218412e-02,2.639296187683284334e-01
3.910068426197458452e-02,2.346041055718475071e-02,8.406647116324535152e-02,4.692082111436950143e-02
0.000000000000000000e+00,1.466275659824047006e-02,7.917888563049853279e-02,1.896383186705767332e-01
0.000000000000000000e+00,6.842619745845552291e-03,7.331378299120235031e-02,1.133919843597262916e-01
0.000000000000000000e+00,2.932551319648093839e-03,6.842619745845551771e-02,5.083088954056696335e-02
0.000000000000000000e+00,9.775171065493646130e-04,6.353861192570869898e-02,2.473118279569892497e-01
0.000000000000000000e+00,0.000000000000000000e+00,5.962854349951124400e-02,2.541544477028348167e-02
0.000000000000000000e+00,0.000000000000000000e+00,5.571847507331378208e-02,2.658846529814271609e-01
5.278592375366569084e-02,1.759530791788856477e-02,5.376344086021505458e-02,1.857282502443792851e-02
4.887585532746823065e-03,2.346041055718475071e-02,5.278592375366569084e-02,4.789833822091886517e-02
1.065493646138807454e-01,4.203323558162267576e-02,5.278592375366569084e-02,2.043010752688172171e-01
7.331378299120235031e-02,6.549364613880742647e-02,5.571847507331378208e-02,2.737047898338220916e-02
9.775171065493646130e-04,5.180840664711632709e-02,5.474095796676441833e-02,2.649071358748777971e-01
3.812316715542522078e-02,3.519061583577712954e-02,5.180840664711632709e-02,1.075268817204301161e-02
0.000000000000000000e+00,1.661779081133919755e-02,4.887585532746822892e-02,7.331378299120235031e-02
1.182795698924731242e-01,3.812316715542522078e-02,4.887585532746822892e-02,1.505376344086021556e-01
1.143695014662756554e-01,8.406647116324535152e-02,5.474095796676441833e-02,3.225806451612903136e-02
9.775171065493646130e-04,6.158357771260997149e-02,5.376344086021505458e-02,2.600195503421309784e-01
7.722385141739980530e-02,4.692082111436950143e-02,5.180840664711632709e-02,2.834799608993157291e-02
0.000000000000000000e+00,2.248289345063538697e-02,4.887585532746822892e-02,2.150537634408602183e-01
1.720430107526881858e-01,5.376344086021505458e-02,4.985337243401759266e-02,6.842619745845552291e-03
0.000000000000000000e+00,5.278592375366569084e-02,5.083088954056696335e-02,5.083088954056696335e-02
0.000000000000000000e+00,2.639296187683284542e-02,4.789833822091886517e-02,2.218963831867057646e-01
1.368523949169110458e-02,1.564027370478983381e-02,4.496578690127077393e-02,1.857282502443792851e-02
4.887585532746823065e-03,1.075268817204301161e-02,4.203323558162267576e-02,2.365591397849462485e-01
1.456500488758553369e-01,4.789833822091886517e-02,4.398826979472141019e-02,2.932551319648093839e-03
9.775171065493646130e-04,4.887585532746822892e-02,4.594330400782013768e-02,7.038123167155425908e-02
2.639296187683284542e-02,3.519061583577712954e-02,4.398826979472141019e-02,1.417399804496578819e-01
0.000000000000000000e+00,2.443792766373411446e-02,4.203323558162267576e-02,3.421309872922775885e-02
0.000000000000000000e+00,1.173020527859237536e-02,3.910068426197458452e-02,2.473118279569892497e-01
0.000000000000000000e+00,4.887585532746823065e-03,3.616813294232649328e-02,7.820136852394916904e-03
0.000000000000000000e+00,1.955034213098729226e-03,3.421309872922775885e-02,1.280547409579667617e-01
1.955034213098729226e-03,9.775171065493646130e-04,2.834799608993157291e-02,2.043010752688172171e-01
1.436950146627566094e-01,4.301075268817204644e-02,3.128054740957966762e-02,7.135874877810362282e-02
1.173020527859237536e-02,4.594330400782013768e-02,3.323558162267839511e-02,2.932551319648094013e-02
0.000000000000000000e+00,2.248289345063538697e-02,3.128054740957966762e-02,1.867057673509286420e-01
9.872922776148582158e-02,3.323558162267839511e-02,3.128054740957966762e-02,1.564027370478983381e-02
1.045943304007820179e-01,7.526881720430107781e-02,3.714565004887585703e-02,2.414467253176930672e-01
9.775171065493646130e-04,6.158357771260997149e-02,3.910068426197458452e-02,1.368523949169110458e-02
0.000000000000000000e+00,2.932551319648094013e-02,3.616813294232649328e-02,7.526881720430107781e-02
1.485826001955034281e-01,6.451612903225806273e-02,4.007820136852394827e-02,9.579667644183773034e-02
9.775171065493646130e-04,6.060606060606060774e-02,4.203323558162267576e-02,2.639296187683284542e-02
0.000000000000000000e+00,2.932551319648094013e-02,3.812316715542522078e-02,2.365591397849462485e-01
0.000000000000000000e+00,1.368523949169110458e-02,3.616813294232649328e-02,4.887585532746823065e-03
0.000000000000000000e+00,5.865102639296187678e-03,3.323558162267839511e-02,1.495601173020527919e-01
0.000000000000000000e+00,2.932551319648093839e-03,3.128054740957966762e-02,7.135874877810362282e-02
0.000000000000000000e+00,9.775171065493646130e-04,2.834799608993157291e-02,3.030303030303030387e-02
2.013685239491690981e-01,5.962854349951124400e-02,3.421309872922775885e-02,2.306940371456500383e-01
1.554252199413489743e-01,1.319648093841642167e-01,4.594330400782013768e-02,1.955034213098729226e-02
1.779081133919843682e-01,1.544477028347996106e-01,5.571847507331378208e-02,2.737047898338220708e-01
6.158357771260997149e-02,1.202346041055718517e-01,5.767350928641250957e-02,2.443792766373411446e-02
2.482893450635386134e-01,1.436950146627566094e-01,6.451612903225806273e-02,9.188660801564027536e-02
3.040078201368524025e-01,2.218963831867057646e-01,8.113391984359726028e-02,2.209188660801564008e-01
0.000000000000000000e+00,1.241446725317693067e-01,7.722385141739980530e-02,3.421309872922775885e-02
1.065493646138807454e-01,8.699902248289345663e-02,7.526881720430107781e-02,2.776148582600195258e-01
3.059628543499511300e-01,1.671554252199413393e-01,8.602150537634409289e-02,3.714565004887585703e-02
3.743890518084066477e-01,2.697947214076246158e-01,1.055718475073313817e-01,1.896383186705767332e-01
2.355816226783968848e-01,2.649071358748777971e-01,1.173020527859237605e-01,1.133919843597262916e-01
3.176930596285434949e-01,2.580645161290322509e-01,1.260997067448680342e-01,7.624633431085044155e-02
1.691104594330400668e-01,2.316715542521994020e-01,1.319648093841642167e-01,2.864125122189638550e-01
7.038123167155425908e-02,1.612903225806451568e-01,1.290322580645161255e-01,7.429130009775171406e-02
9.775171065493646130e-04,9.677419354838709409e-02,1.231671554252199430e-01,3.088954056695992212e-01
3.128054740957966762e-02,5.962854349951124400e-02,1.153470185728250191e-01,4.985337243401759266e-02
0.000000000000000000e+00,3.519061583577712954e-02,1.085043988269794729e-01,1.270772238514173980e-01
0.000000000000000000e+00,1.759530791788856477e-02,1.006842619745845491e-01,2.287390029325513108e-01
3.616813294232649328e-02,2.737047898338220916e-02,9.579667644183773034e-02,4.887585532746822892e-02
1.417399804496578819e-01,7.038123167155425908e-02,9.677419354838709409e-02,2.942326490713587650e-01
0.000000000000000000e+00,4.301075268817204644e-02,9.188660801564027536e-02,4.301075268817204644e-02
0.000000000000000000e+00,2.052785923753665601e-02,8.504398826979471526e-02,2.023460410557184619e-01
2.228739002932551283e-01,7.722385141739980530e-02,8.797653958944282038e-02,7.917888563049853279e-02
0.000000000000000000e+00,6.256109481915933523e-02,8.602150537634409289e-02,4.203323558162267576e-02
2.170087976539589458e-01,9.286412512218963911e-02,8.699902248289345663e-02,2.619745845552297059e-01
2.932551319648093839e-03,8.308895405669598777e-02,8.797653958944282038e-02,4.985337243401759266e-02
0.000000000000000000e+00,4.007820136852394827e-02,8.113391984359726028e-02,2.873900293255132188e-01
2.091886608015640359e-01,7.820136852394916904e-02,8.308895405669598777e-02,5.669599217986314582e-02
6.842619745845552291e-03,7.429130009775171406e-02,8.308895405669598777e-02,7.917888563049853279e-02
2.238514173998044920e-01,1.026392961876832904e-01,8.504398826979471526e-02,2.316715542521994020e-01
1.955034213098729226e-03,8.699902248289345663e-02,8.602150537634409289e-02,4.789833822091886517e-02
0.000000000000000000e+00,4.203323558162267576e-02,7.917888563049853279e-02,2.570869990224828872e-01
1.759530791788856408e-01,6.647116324535679022e-02,7.917888563049853279e-02,3.616813294232649328e-02
1.045943304007820179e-01,1.055718475073313817e-01,8.406647116324535152e-02,1.446725317693059731e-01
9.677419354838709409e-02,9.970674486803518533e-02,8.504398826979471526e-02,7.135874877810362282e-02
3.323558162267839511e-02,7.722385141739980530e-02,8.308895405669598777e-02,5.474095796676441833e-02
4.887585532746823065e-03,4.203323558162267576e-02,7.820136852394916904e-02,2.619745845552297059e-01
9.188660801564027536e-02,4.887585532746822892e-02,7.624633431085044155e-02,3.616813294232649328e-02
0.000000000000000000e+00,3.616813294232649328e-02,7.331378299120235031e-02,2.639296187683284334e-01
1.583577712609970656e-01,7.331378299120235031e-02,7.526881720430107781e-02,8.504398826979471526e-02
3.264907135874877686e-01,1.798631476050830957e-01,8.895405669599218412e-02,8.015640273704789653e-02
9.775171065493646130e-04,1.212121212121212155e-01,8.797653958944282038e-02,2.404692082111437035e-01
1.652003910068426118e-01,1.006842619745845491e-01,8.699902248289345663e-02,5.083088954056696335e-02
0.000000000000000000e+00,7.526881720430107781e-02,8.504398826979471526e-02,2.805474095796676171e-01
0.000000000000000000e+00,3.616813294232649328e-02,7.917888563049853279e-02,3.421309872922775885e-02
6.353861192570869898e-02,3.421309872922775885e-02,7.624633431085044155e-02,1.231671554252199430e-01
1.221896383186705792e-01,6.940371456500488145e-02,7.722385141739980530e-02,9.188660801564027536e-02
2.248289345063538697e-02,7.429130009775171406e-02,7.820136852394916904e-02,4.496578690127077393e-02
1.984359726295210069e-01,1.036168132942326542e-01,8.113391984359726028e-02,2.815249266862170363e-01
1.260997067448680342e-01,1.847507331378299145e-01,1.055718475073313817e-01,2.218963831867057646e-01
2.023460410557184619e-01,1.691104594330400668e-01,1.085043988269794729e-01,6.158357771260997149e-02
3.655913978494623739e-01,2.482893450635386134e-01,1.231671554252199430e-01,2.952101661779081287e-01
1.955034213098729226e-02,1.720430107526881858e-01,1.221896383186705792e-01,6.256109481915933523e-02
0.000000000000000000e+00,8.699902248289345663e-02,1.143695014662756554e-01,2.267839687194525833e-01
0.000000000000000000e+00,4.301075268817204644e-02,1.055718475073313817e-01,8.602150537634409289e-02
6.744868035190615396e-02,3.910068426197458452e-02,1.006842619745845491e-01,6.451612903225806273e-02
0.000000000000000000e+00,2.932551319648094013e-02,9.579667644183773034e-02,2.727272727272727071e-01
0.000000000000000000e+00,1.368523949169110458e-02,8.895405669599218412e-02,3.812316715542522078e-02
0.000000000000000000e+00,6.842619745845552291e-03,8.211143695014662403e-02,2.893450635386119463e-01
2.248289345063538697e-02,9.775171065493646130e-03,7.722385141739980530e-02,4.007820136852394827e-02
2.932551319648093839e-03,9.775171065493646130e-03,7.331378299120235031e-02,7.722385141739980530e-02
2.209188660801564008e-01,7.331378299120235031e-02,7.624633431085044155e-02,2.111436950146627634e-01
0.000000000000000000e+00,6.060606060606060774e-02,7.526881720430107781e-02,4.203323558162267576e-02
0.000000000000000000e+00,2.932551319648094013e-02,7.038123167155425908e-02,2.746823069403714346e-01
7.233626588465298657e-02,3.128054740957966762e-02,6.744868035190615396e-02,3.128054740957966762e-02
2.834799608993157291e-02,3.616813294232649328e-02,6.549364613880742647e-02,1.329423264907135804e-01
4.203323558162267576e-02,3.910068426197458452e-02,6.451612903225806273e-02,6.451612903225806273e-02
4.007820136852394827e-02,3.714565004887585703e-02,6.256109481915933523e-02,2.932551319648094013e-02
1.749755620723362770e-01,7.526881720430107781e-02,6.549364613880742647e-02,2.551319648093841597e-01
2.160312805474095821e-01,1.456500488758553369e-01,7.624633431085044155e-02,3.225806451612903136e-02
3.098729227761485849e-01,2.072336265884653084e-01,8.895405669599218412e-02,2.629521016617790696e-01
4.887585532746823065e-03,1.564027370478983381e-01,9.188660801564027536e-02,8.895405669599218412e-02
2.668621700879765246e-01,1.652003910068426118e-01,9.579667644183773034e-02,8.699902248289345663e-02
4.203323558162267576e-02,1.691104594330400668e-01,1.026392961876832904e-01,2.199413489736070371e-01
2.883675464320625825e-01,1.867057673509286420e-01,1.085043988269794729e-01,6.256109481915933523e-02
4.017595307917888325e-01,2.864125122189638550e-01,1.280547409579667617e-01,3.059628543499511300e-01
1.192570869990224880e-01,2.404692082111437035e-01,1.339198435972629442e-01,7.526881720430107781e-02
1.124144672531769279e-01,1.759530791788856408e-01,1.319648093841642167e-01,2.033235581622678534e-01
2.609970674486803421e-01,2.003910068426197344e-01,1.378299120234603992e-01,2.003910068426197344e-01
3.519061583577712954e-02,1.466275659824047006e-01,1.358748778103616717e-01,7.624633431085044155e-02
5.083088954056696335e-02,9.677419354838709409e-02,1.290322580645161255e-01,2.913000977517106738e-01
2.248289345063538558e-01,1.280547409579667617e-01,1.300097751710654892e-01,6.647116324535679022e-02
9.970674486803518533e-02,1.368523949169110354e-01,1.319648093841642167e-01,3.196480938416422224e-01
3.118279569892473124e-01,1.915933528836754607e-01,1.388074291300097629e-01,7.233626588465298657e-02
1.955034213098729226e-03,1.270772238514173980e-01,1.348973607038123079e-01,1.446725317693059731e-01
4.105571847507331201e-02,7.331378299120235031e-02,1.260997067448680342e-01,1.915933528836754607e-01
5.865102639296187678e-03,4.301075268817204644e-02,1.182795698924731242e-01,5.962854349951124400e-02
0.000000000000000000e+00,2.248289345063538697e-02,1.104594330400782004e-01,2.873900293255132188e-01
0.000000000000000000e+00,1.075268817204301161e-02,1.026392961876832904e-01,5.474095796676441833e-02
3.714565004887585703e-02,2.248289345063538697e-02,9.775171065493645783e-02,2.140762463343108546e-01
5.865102639296187678e-03,2.541544477028348167e-02,9.286412512218963911e-02,1.593352883675464293e-01
8.993157380254154787e-02,4.203323558162267576e-02,9.090909090909091161e-02,5.180840664711632709e-02
7.331378299120235031e-02,6.647116324535679022e-02,9.090909090909091161e-02,2.590420332355816146e-01
7.917888563049853279e-02,7.038123167155425908e-02,8.993157380254154787e-02,4.985337243401759266e-02
5.180840664711632709e-02,6.158357771260997149e-02,8.699902248289345663e-02,2.795698924731182533e-01
0.000000000000000000e+00,4.105571847507331201e-02,8.308895405669598777e-02,4.692082111436950143e-02
4.496578690127077393e-02,3.128054740957966762e-02,7.820136852394916904e-02,9.970674486803518533e-02
2.825024437927664001e-01,1.231671554252199430e-01,8.699902248289345663e-02,1.876832844574780057e-01
3.861192570869990126e-01,2.463343108504398860e-01,1.065493646138807454e-01,6.353861192570869898e-02
4.594330400782013768e-02,1.906158357771260969e-01,1.104594330400782004e-01,2.913000977517106738e-01
4.496578690127077393e-02,1.163245356793743829e-01,1.055718475073313817e-01,4.789833822091886517e-02
0.000000000000000000e+00,6.256109481915933523e-02,9.872922776148582158e-02,1.984359726295210069e-01
3.030303030303030387e-02,4.398826979472141019e-02,9.384164222873900285e-02,1.407624633431085182e-01
0.000000000000000000e+00,2.932551319648094013e-02,8.797653958944282038e-02,5.962854349951124400e-02
0.000000000000000000e+00,1.466275659824047006e-02,8.211143695014662403e-02,2.404692082111437035e-01
0.000000000000000000e+00,6.842619745845552291e-03,7.624633431085044155e-02,4.985337243401759266e-02
1.974584555229716432e-01,5.962854349951124400e-02,7.820136852394916904e-02,2.746823069403714346e-01
1.388074291300097629e-01,1.251221896383186705e-01,8.602150537634409289e-02,4.105571847507331201e-02
7.233626588465298657e-02,1.124144672531769279e-01,8.797653958944282038e-02,1.104594330400782004e-01
0.000000000000000000e+00,5.865102639296188025e-02,8.211143695014662403e-02,1.759530791788856408e-01
1.515151515151515194e-01,6.940371456500488145e-02,8.113391984359726028e-02,4.594330400782013768e-02
9.775171065493646130e-04,6.060606060606060774e-02,8.015640273704789653e-02,2.766373411534701621e-01
4.105571847507331201e-02,4.887585532746822892e-02,7.722385141739980530e-02,2.248289345063538697e-02
0.000000000000000000e+00,4.007820136852394827e-02,7.331378299120235031e-02,4.887585532746822892e-02
0.000000000000000000e+00,1.857282502443792851e-02,6.842619745845551771e-02,2.815249266862170363e-01
2.238514173998044920e-01,7.820136852394916904e-02,7.233626588465298657e-02,1.955034213098729226e-02
0.000000000000000000e+00,6.451612903225806273e-02,7.135874877810362282e-02,6.060606060606060774e-02
0.000000000000000000e+00,3.128054740957966762e-02,6.647116324535679022e-02,1.984359726295210069e-01
0.000000000000000000e+00,1.466275659824047006e-02,6.158357771260997149e-02,3.225806451612903136e-02
3.225806451612903136e-02,2.248289345063538697e-02,5.962854349951124400e-02,2.521994134897360684e-01
2.580645161290322509e-01,1.065493646138807454e-01,6.744868035190615396e-02,1.857282502443792851e-02
7.526881720430107781e-02,1.251221896383186705e-01,7.429130009775171406e-02,9.579667644183773034e-02
1.955034213098729226e-03,7.429130009775171406e-02,7.038123167155425908e-02,1.788856304985337320e-01
7.820136852394916904e-03,3.812316715542522078e-02,6.647116324535679022e-02,3.910068426197458452e-02
2.668621700879765246e-01,1.163245356793743829e-01,7.429130009775171406e-02,2.590420332355816146e-01
3.782991202346041026e-01,2.385141739980449760e-01,9.384164222873900285e-02,4.887585532746822892e-02
4.887585532746822892e-02,1.876832844574780057e-01,9.775171065493645783e-02,2.570869990224828872e-01
0.000000000000000000e+00,9.481915933528836660e-02,9.188660801564027536e-02,3.030303030303030387e-02
2.248289345063538558e-01,1.124144672531769279e-01,9.286412512218963911e-02,6.549364613880742647e-02
0.000000000000000000e+00,7.722385141739980530e-02,8.993157380254154787e-02,2.140762463343108546e-01
7.820136852394916904e-03,4.007820136852394827e-02,8.406647116324535152e-02,5.865102639296188025e-02
0.000000000000000000e+00,1.955034213098729226e-02,7.820136852394916904e-02,2.834799608993157638e-01
1.564027370478983381e-02,1.661779081133919755e-02,7.331378299120235031e-02,2.248289345063538697e-02
0.000000000000000000e+00,1.564027370478983381e-02,6.940371456500488145e-02,1.006842619745845491e-01
9.775171065493646130e-04,7.820136852394916904e-03,6.451612903225806273e-02,1.700879765395894305e-01
1.769305962854350045e-01,5.278592375366569084e-02,6.647116324535679022e-02,3.714565004887585703e-02
2.590420332355816146e-01,1.515151515151515194e-01,7.917888563049853279e-02,2.570869990224828872e-01
0.000000000000000000e+00,8.406647116324535152e-02,7.526881720430107781e-02,4.105571847507331201e-02
7.820136852394916904e-02,5.962854349951124400e-02,7.233626588465298657e-02,2.209188660801564008e-01
2.903225806451613100e-01,1.427174975562072456e-01,8.211143695014662403e-02,4.887585532746822892e-02
3.910068426197458452e-02,1.564027370478983381e-01,8.993157380254154787e-02,5.767350928641250957e-02
9.775171065493646130e-04,8.308895405669598777e-02,8.406647116324535152e-02,2.453567937438905222e-01
0.000000000000000000e+00,4.007820136852394827e-02,7.820136852394916904e-02,3.323558162267839511e-02
2.756598240469207983e-01,1.221896383186705792e-01,8.602150537634409289e-02,2.854349951124144913e-01
2.619745845552297059e-01,1.945259042033235519e-01,9.872922776148582158e-02,4.007820136852394827e-02
3.685239491691104652e-01,2.629521016617790696e-01,1.143695014662756554e-01,1.182795698924731242e-01
3.382209188660801336e-01,3.079178885630498574e-01,1.309872922776148529e-01,2.082111436950146721e-01
0.000000000000000000e+00,1.671554252199413393e-01,1.251221896383186705e-01,7.135874877810362282e-02
1.075268817204301092e-01,1.104594330400782004e-01,1.192570869990224880e-01,3.098729227761485849e-01
1.915933528836754607e-01,1.417399804496578819e-01,1.221896383186705792e-01,6.647116324535679022e-02
2.932551319648093839e-03,1.085043988269794729e-01,1.202346041055718517e-01,2.756598240469207983e-01
5.865102639296187678e-03,5.474095796676441833e-02,1.114369501466275642e-01,4.398826979472141019e-02
0.000000000000000000e+00,2.834799608993157291e-02,1.036168132942326542e-01,8.797653958944282038e-02
0.000000000000000000e+00,1.368523949169110458e-02,9.677419354838709409e-02,2.639296187683284334e-01
8.406647116324535152e-02,4.105571847507331201e-02,9.384164222873900285e-02,5.083088954056696335e-02
2.942326490713587650e-01,1.407624633431085182e-01,1.036168132942326542e-01,2.942326490713587650e-01
1.955034213098729226e-03,1.104594330400782004e-01,1.036168132942326542e-01,3.812316715542522078e-02
0.000000000000000000e+00,5.376344086021505458e-02,9.579667644183773034e-02,1.182795698924731242e-01
1.564027370478983381e-02,2.932551319648094013e-02,8.993157380254154787e-02,1.192570869990224880e-01
0.000000000000000000e+00,1.368523949169110458e-02,8.308895405669598777e-02,4.789833822091886517e-02
3.225806451612903136e-02,1.661779081133919755e-02,7.917888563049853279e-02,2.639296187683284334e-01
0.000000000000000000e+00,1.466275659824047006e-02,7.429130009775171406e-02,3.616813294232649328e-02
2.932551319648093839e-03,8.797653958944282385e-03,6.940371456500488145e-02,1.994134897360703707e-01
7.038123167155425908e-02,2.639296187683284542e-02,6.744868035190615396e-02,1.397849462365591267e-01
0.000000000000000000e+00,1.955034213098729226e-02,6.451612903225806273e-02,4.789833822091886517e-02
2.492668621700879772e-01,9.579667644183773034e-02,7.135874877810362282e-02,2.473118279569892497e-01
4.398826979472141019e-02,1.065493646138807454e-01,7.526881720430107781e-02,3.519061583577712954e-02
0.000000000000000000e+00,5.180840664711632709e-02,7.038123167155425908e-02,2.580645161290322509e-01
0.000000000000000000e+00,2.443792766373411446e-02,6.549364613880742647e-02,2.346041055718475071e-02
2.179863147605083096e-01,7.722385141739980530e-02,6.842619745845551771e-02,7.722385141739980530e-02
0.000000000000000000e+00,5.865102639296188025e-02,6.744868035190615396e-02,1.700879765395894305e-01
2.052785923753665809e-01,8.602150537634409289e-02,6.940371456500488145e-02,3.910068426197458452e-02
9.775171065493646130e-04,6.940371456500488145e-02,6.940371456500488145e-02,2.649071358748777971e-01
0.000000000000000000e+00,3.323558162267839511e-02,6.451612903225806273e-02,3.910068426197458452e-02
1.339198435972629442e-01,5.278592375366569084e-02,6.451612903225806273e-02,1.554252199413489743e-01
9.775171065493646130e-04,3.910068426197458452e-02,6.256109481915933523e-02,1.515151515151515194e-01
0.000000000000000000e+00,1.857282502443792851e-02,5.767350928641250957e-02,3.616813294232649328e-02
2.003910068426197344e-01,5.865102639296188025e-02,5.474095796676441833e-02,1.055718475073313817e-01
0.000000000000000000e+00,5.571847507331378208e-02,5.474095796676441833e-02,1.045943304007820179e-01
0.000000000000000000e+00,2.639296187683284542e-02,5.180840664711632709e-02,4.594330400782013768e-02
0.000000000000000000e+00,1.270772238514174084e-02,4.789833822091886517e-02,2.492668621700879772e-01
0.000000000000000000e+00,4.887585532746823065e-03,4.398826979472141019e-02,1.661779081133919755e-02
6.549364613880742647e-02,2.052785923753665601e-02,4.398826979472141019e-02,1.593352883675464293e-01
2.717497556207233433e-01,1.153470185728250191e-01,5.474095796676441833e-02,1.290322580645161255e-01
5.767350928641250957e-02,1.505376344086021556e-01,6.451612903225806273e-02,4.203323558162267576e-02
0.000000000000000000e+00,8.015640273704789653e-02,6.158357771260997149e-02,2.453567937438905222e-01
4.887585532746823065e-03,4.105571847507331201e-02,5.669599217986314582e-02,1.955034213098729226e-02
8.699902248289345663e-02,4.789833822091886517e-02,5.669599217986314582e-02,2.639296187683284334e-01
1.886608015640273694e-01,9.677419354838709409e-02,6.256109481915933523e-02,1.270772238514174084e-02
5.865102639296187678e-03,6.451612903225806273e-02,6.060606060606060774e-02,7.038123167155425908e-02
0.000000000000000000e+00,3.225806451612903136e-02,5.669599217986314582e-02,1.779081133919843682e-01
2.375366568914956122e-01,9.286412512218963911e-02,6.256109481915933523e-02,3.519061583577712954e-02
3.626588465298142827e-01,2.170087976539589458e-01,8.211143695014662403e-02,2.717497556207233433e-01
4.887585532746822892e-02,1.779081133919843682e-01,8.699902248289345663e-02,4.398826979472141019e-02
0.000000000000000000e+00,8.699902248289345663e-02,8.015640273704789653e-02,1.407624633431085182e-01
0.000000000000000000e+00,4.301075268817204644e-02,7.526881720430107781e-02,1.642228739002932481e-01
0.000000000000000000e+00,2.052785923753665601e-02,6.940371456500488145e-02,4.398826979472141019e-02
0.000000000000000000e+00,9.775171065493646130e-03,6.451612903225806273e-02,2.629521016617790696e-01
1.368523949169110354e-01,4.007820136852394827e-02,6.451612903225806273e-02,4.301075268817204644e-02
4.887585532746823065e-03,3.910068426197458452e-02,6.353861192570869898e-02,2.404692082111437035e-01
2.052785923753665601e-02,2.834799608993157291e-02,5.962854349951124400e-02,1.466275659824047006e-02
0.000000000000000000e+00,1.661779081133919755e-02,5.669599217986314582e-02,4.496578690127077393e-02
0.000000000000000000e+00,7.820136852394916904e-03,5.180840664711632709e-02,1.827956989247311870e-01
0.000000000000000000e+00,2.932551319648093839e-03,4.887585532746822892e-02,2.541544477028348167e-02
9.775171065493646130e-04,9.775171065493646130e-04,4.594330400782013768e-02,2.521994134897360684e-01
0.000000000000000000e+00,0.000000000000000000e+00,4.203323558162267576e-02,2.052785923753665601e-02
1.798631476050830957e-01,4.594330400782013768e-02,4.496578690127077393e-02,7.917888563049853279e-02
3.910068426197458452e-03,5.474095796676441833e-02,4.692082111436950143e-02,1.798631476050830957e-01
0.000000000000000000e+00,2.639296187683284542e-02,4.398826979472141019e-02,3.225806451612903136e-02
0.000000000000000000e+00,1.270772238514174084e-02,4.105571847507331201e-02,2.424242424242424310e-01
0.000000000000000000e+00,5.865102639296187678e-03,3.812316715542522078e-02,6.842619745845552291e-03
2.932551319648093839e-03,4.887585532746823065e-03,3.519061583577712954e-02,1.378299120234603992e-01
2.336265884652981295e-01,8.015640273704789653e-02,4.301075268817204644e-02,3.225806451612903136e-02
3.528836754643206453e-01,2.062561094819159446e-01,6.256109481915933523e-02,4.007820136852394827e-02
6.842619745845552291e-03,1.612903225806451568e-01,6.842619745845551771e-02,2.551319648093841597e-01
1.241446725317693067e-01,1.153470185728250191e-01,6.744868035190615396e-02,2.639296187683284542e-02
1.955034213098729226e-03,8.308895405669598777e-02,6.744868035190615396e-02,2.815249266862170363e-01
2.170087976539589458e-01,1.026392961876832904e-01,7.038123167155425908e-02,5.474095796676441833e-02
0.000000000000000000e+00,7.429130009775171406e-02,6.940371456500488145e-02,6.451612903225806273e-02
1.759530791788856477e-02,4.301075268817204644e-02,6.451612903225806273e-02,1.945259042033235519e-01
0.000000000000000000e+00,2.248289345063538697e-02,6.060606060606060774e-02,3.616813294232649328e-02
2.561094819159335234e-01,1.016617790811339267e-01,6.842619745845551771e-02,2.590420332355816146e-01
3.910068426197458452e-03,9.677419354838709409e-02,7.135874877810362282e-02,3.225806451612903136e-02
3.128054740957966762e-02,5.865102639296188025e-02,6.744868035190615396e-02,1.280547409579667617e-01
0.000000000000000000e+00,3.323558162267839511e-02,6.353861192570869898e-02,4.887585532746822892e-02
1.231671554252199430e-01,4.594330400782013768e-02,6.256109481915933523e-02,4.594330400782013768e-02
2.834799608993157291e-02,4.985337243401759266e-02,6.256109481915933523e-02,2.482893450635386134e-01
0.000000000000000000e+00,3.128054740957966762e-02,5.865102639296188025e-02,1.857282502443792851e-02
0.000000000000000000e+00,1.466275659824047006e-02,5.474095796676441833e-02,2.248289345063538558e-01
0.000000000000000000e+00,6.842619745845552291e-03,5.083088954056696335e-02,6.647116324535679022e-02
0.000000000000000000e+00,2.932551319648093839e-03,4.692082111436950143e-02,4.692082111436950143e-02
0.000000000000000000e+00,9.775171065493646130e-04,4.398826979472141019e-02,2.033235581622678534e-01
0.000000000000000000e+00,0.000000000000000000e+00,4.105571847507331201e-02,2.737047898338220916e-02
1.955034213098729226e-02,2.932551319648093839e-03,3.812316715542522078e-02,2.561094819159335234e-01
0.000000000000000000e+00,9.775171065493646130e-04,3.616813294232649328e-02,8.797653958944282385e-03
0.000000000000000000e+00,0.000000000000000000e+00,3.323558162267839511e-02,5.571847507331378208e-02
2.033235581622678534e-01,5.865102639296188025e-02,3.812316715542522078e-02,1.691104594330400668e-01
0.000000000000000000e+00,5.376344086021505458e-02,4.007820136852394827e-02,9.775171065493646130e-03
1.564027370478983381e-02,3.128054740957966762e-02,3.812316715542522078e-02,2.502443792766373409e-01
0.000000000000000000e+00,1.857282502443792851e-02,3.616813294232649328e-02,0.000000000000000000e+00
1.133919843597262916e-01,5.278592375366569084e-02,3.910068426197458452e-02,1.006842619745845491e-01
1.397849462365591267e-01,1.583577712609970656e-01,6.256109481915933523e-02,2.512218963831867047e-01
1.955034213098729226e-03,1.075268817204301092e-01,6.353861192570869898e-02,2.541544477028348167e-02
0.000000000000000000e+00,5.180840664711632709e-02,5.865102639296188025e-02,6.842619745845551771e-02
0.000000000000000000e+00,2.541544477028348167e-02,5.474095796676441833e-02,1.798631476050830957e-01
2.218963831867057646e-01,8.015640273704789653e-02,5.962854349951124400e-02,3.323558162267839511e-02
4.007820136852394827e-02,9.286412512218963911e-02,6.353861192570869898e-02,2.482893450635386134e-01
9.677419354838709409e-02,8.211143695014662403e-02,6.353861192570869898e-02,1.661779081133919755e-02
2.971652003910068562e-01,1.603128054740957931e-01,7.526881720430107781e-02,1.094819159335288367e-01
2.463343108504398860e-01,2.238514173998044920e-01,8.993157380254154787e-02,1.700879765395894305e-01
3.910068426197458452e-03,1.505376344086021556e-01,8.993157380254154787e-02,5.767350928641250957e-02
6.940371456500488145e-02,9.970674486803518533e-02,8.699902248289345663e-02,2.668621700879765246e-01
0.000000000000000000e+00,6.256109481915933523e-02,8.308895405669598777e-02,4.301075268817204644e-02
0.000000000000000000e+00,3.030303030303030387e-02,7.722385141739980530e-02,2.609970674486803421e-01
9.579667644183773034e-02,5.474095796676441833e-02,7.624633431085044155e-02,2.443792766373411446e-02
9.775171065493646130e-04,4.887585532746822892e-02,7.526881720430107781e-02,6.256109481915933523e-02
2.297165200391006745e-01,9.384164222873900285e-02,7.820136852394916904e-02,2.336265884652981295e-01
6.549364613880742647e-02,1.397849462365591267e-01,8.699902248289345663e-02,4.301075268817204644e-02
6.842619745845552291e-03,8.211143695014662403e-02,8.308895405669598777e-02,2.776148582600195258e-01
0.000000000000000000e+00,4.105571847507331201e-02,7.722385141739980530e-02,3.128054740957966762e-02
2.170087976539589458e-01,8.406647116324535152e-02,8.015640273704789653e-02,1.124144672531769279e-01
1.955034213098729226e-03,7.722385141739980530e-02,8.015640273704789653e-02,1.036168132942326542e-01
0.000000000000000000e+00,3.714565004887585703e-02,7.429130009775171406e-02,4.887585532746822892e-02
0.000000000000000000e+00,1.759530791788856477e-02,6.940371456500488145e-02,2.570869990224828872e-01
0.000000000000000000e+00,8.797653958944282385e-03,6.451612903225806273e-02,3.128054740957966762e-02
7.331378299120235031e-02,3.812316715542522078e-02,6.451612903225806273e-02,1.974584555229716432e-01
9.481915933528836660e-02,6.451612903225806273e-02,6.647116324535679022e-02,3.812316715542522078e-02
2.864125122189638550e-01,1.407624633431085182e-01,7.624633431085044155e-02,5.083088954056696335e-02
1.779081133919843682e-01,1.935483870967741882e-01,8.895405669599218412e-02,2.443792766373411585e-01
1.955034213098729226e-03,1.133919843597262916e-01,8.504398826979471526e-02,4.985337243401759266e-02
3.910068426197458452e-03,5.865102639296188025e-02,7.917888563049853279e-02,2.707722385141739796e-01
2.326490713587487658e-01,1.026392961876832904e-01,8.308895405669598777e-02,3.714565004887585703e-02
6.940371456500488145e-02,1.192570869990224880e-01,8.797653958944282038e-02,9.970674486803518533e-02
3.910068426197458452e-03,7.429130009775171406e-02,8.406647116324535152e-02,2.228739002932551283e-01
1.173020527859237536e-02,4.105571847507331201e-02,7.820136852394916904e-02,4.594330400782013768e-02
2.590420332355816146e-01,1.124144672531769279e-01,8.504398826979471526e-02,2.697947214076246158e-01
2.932551319648093839e-03,9.970674486803518533e-02,8.602150537634409289e-02,3.910068426197458452e-02
0.000000000000000000e+00,4.789833822091886517e-02,8.015640273704789653e-02,1.945259042033235519e-01
0.000000000000000000e+00,2.346041055718475071e-02,7.429130009775171406e-02,6.842619745845551771e-02
0.000000000000000000e+00,1.173020527859237536e-02,6.940371456500488145e-02,4.985337243401759266e-02
0.000000000000000000e+00,4.887585532746823065e-03,6.451612903225806273e-02,2.346041055718475210e-01
0.000000000000000000e+00,1.955034213098729226e-03,5.962854349951124400e-02,3.030303030303030387e-02
1.759530791788856477e-02,4.887585532746823065e-03,5.669599217986314582e-02,2.639296187683284334e-01
2.121212121212121271e-01,7.820136852394916904e-02,6.256109481915933523e-02,5.474095796676441833e-02
8.211143695014662403e-02,1.114369501466275642e-01,6.940371456500488145e-02,8.699902248289345663e-02
0.000000000000000000e+00,5.767350928641250957e-02,6.451612903225806273e-02,2.209188660801564008e-01
0.000000000000000000e+00,2.737047898338220916e-02,5.962854349951124400e-02,4.105571847507331201e-02
2.082111436950146721e-01,7.331378299120235031e-02,6.353861192570869898e-02,2.707722385141739796e-01
3.528836754643206453e-01,2.013685239491690981e-01,8.113391984359726028e-02,3.812316715542522078e-02
1.290322580645161255e-01,2.101661779081133996e-01,9.188660801564027536e-02,1.632453567937438843e-01
0.000000000000000000e+00,1.075268817204301092e-01,8.602150537634409289e-02,7.429130009775171406e-02
1.603128054740957931e-01,8.993157380254154787e-02,8.406647116324535152e-02,5.376344086021505458e-02
3.509286412512219178e-01,2.052785923753665809e-01,1.006842619745845491e-01,2.785923753665688896e-01
2.629521016617790696e-01,2.619745845552297059e-01,1.163245356793743829e-01,6.256109481915933523e-02
3.910068426197458452e-03,1.691104594330400668e-01,1.143695014662756554e-01,3.049853372434017662e-01
0.000000000000000000e+00,8.211143695014662403e-02,1.065493646138807454e-01,9.677419354838709409e-02
1.984359726295210069e-01,9.286412512218963911e-02,1.045943304007820179e-01,9.677419354838709409e-02
3.665689149560117377e-01,2.170087976539589458e-01,1.212121212121212155e-01,2.218963831867057646e-01
0.000000000000000000e+00,1.339198435972629442e-01,1.173020527859237605e-01,6.549364613880742647e-02
5.474095796676441833e-02,7.624633431085044155e-02,1.094819159335288367e-01,2.942326490713587650e-01
2.658846529814271609e-01,1.329423264907135804e-01,1.143695014662756554e-01,5.865102639296188025e-02
4.887585532746823065e-03,1.182795698924731242e-01,1.153470185728250191e-01,2.033235581622678534e-01
2.394916911045943397e-01,1.290322580645161255e-01,1.153470185728250191e-01,1.006842619745845491e-01
3.323558162267839511e-02,1.436950146627566094e-01,1.202346041055718517e-01,7.722385141739980530e-02
1.788856304985337320e-01,1.290322580645161255e-01,1.182795698924731242e-01,2.776148582600195258e-01
2.932551319648093839e-03,1.143695014662756554e-01,1.221896383186705792e-01,1.847507331378299145e-01
4.594330400782013768e-02,6.451612903225806273e-02,1.143695014662756554e-01,7.429130009775171406e-02
0.000000000000000000e+00,3.128054740957966762e-02,1.065493646138807454e-01,2.727272727272727071e-01
0.000000000000000000e+00,1.466275659824047006e-02,9.872922776148582158e-02,5.571847507331378208e-02
2.267839687194525833e-01,7.722385141739980530e-02,1.006842619745845491e-01,2.883675464320625825e-01
2.834799608993157291e-02,1.124144672531769279e-01,1.055718475073313817e-01,4.985337243401759266e-02
0.000000000000000000e+00,5.669599217986314582e-02,9.872922776148582158e-02,1.280547409579667617e-01
2.346041055718475210e-01,1.006842619745845491e-01,1.006842619745845491e-01,2.326490713587487658e-01
3.910068426197458452e-03,9.775171065493645783e-02,1.016617790811339267e-01,5.767350928641250957e-02
0.000000000000000000e+00,4.692082111436950143e-02,9.384164222873900285e-02,2.805474095796676171e-01
5.865102639296188025e-02,3.812316715542522078e-02,8.993157380254154787e-02,4.203323558162267576e-02
2.326490713587487658e-01,1.104594330400782004e-01,9.579667644183773034e-02,2.111436950146627634e-01
0.000000000000000000e+00,7.526881720430107781e-02,9.286412512218963911e-02,7.429130009775171406e-02
2.150537634408602183e-01,9.775171065493645783e-02,9.286412512218963911e-02,6.353861192570869898e-02
9.775171065493646130e-04,7.917888563049853279e-02,9.188660801564027536e-02,2.619745845552297059e-01
1.260997067448680342e-01,6.940371456500488145e-02,8.895405669599218412e-02,4.789833822091886517e-02
7.820136852394916904e-03,6.842619745845551771e-02,8.895405669599218412e-02,2.903225806451613100e-01
2.717497556207233433e-01,1.300097751710654892e-01,9.481915933528836660e-02,5.571847507331378208e-02
3.118279569892473124e-01,2.287390029325513108e-01,1.104594330400782004e-01,1.085043988269794729e-01
1.955034213098729226e-03,1.436950146627566094e-01,1.085043988269794729e-01,2.404692082111437035e-01
0.000000000000000000e+00,6.940371456500488145e-02,1.006842619745845491e-01,5.180840664711632709e-02
2.228739002932551283e-01,1.006842619745845491e-01,1.016617790811339267e-01,2.942326490713587650e-01
2.531769305962854322e-01,1.886608015640273694e-01,1.143695014662756554e-01,5.865102639296188025e-02
2.932551319648093839e-03,1.348973607038123079e-01,1.133919843597262916e-01,2.316715542521994020e-01
0.000000000000000000e+00,6.549364613880742647e-02,1.045943304007820179e-01,7.135874877810362282e-02
6.940371456500488145e-02,4.985337243401759266e-02,9.970674486803518533e-02,6.256109481915933523e-02
0.000000000000000000e+00,3.714565004887585703e-02,9.481915933528836660e-02,2.551319648093841597e-01
2.570869990224828872e-01,1.055718475073313817e-01,9.970674486803518533e-02,5.571847507331378208e-02
5.767350928641250957e-02,1.241446725317693067e-01,1.036168132942326542e-01,3.079178885630498574e-01
0.000000000000000000e+00,5.962854349951124400e-02,9.579667644183773034e-02,4.398826979472141019e-02
0.000000000000000000e+00,2.932551319648094013e-02,8.895405669599218412e-02,1.143695014662756554e-01
9.090909090909091161e-02,3.519061583577712954e-02,8.602150537634409289e-02,1.769305962854350045e-01
0.000000000000000000e+00,1.955034213098729226e-02,8.015640273704789653e-02,3.910068426197458452e-02
0.000000000000000000e+00,9.775171065493646130e-03,7.526881720430107781e-02,2.776148582600195258e-01
1.466275659824047006e-02,9.775171065493646130e-03,7.038123167155425908e-02,3.225806451612903136e-02
0.000000000000000000e+00,3.910068426197458452e-03,6.549364613880742647e-02,1.554252199413489743e-01
0.000000000000000000e+00,9.775171065493646130e-04,6.060606060606060774e-02,2.443792766373411446e-02
2.541544477028348167e-02,8.797653958944282385e-03,5.767350928641250957e-02,2.639296187683284542e-02
0.000000000000000000e+00,8.797653958944282385e-03,5.474095796676441833e-02,2.463343108504398860e-01
0.000000000000000000e+00,3.910068426197458452e-03,5.083088954056696335e-02,2.639296187683284542e-02
5.571847507331378208e-02,2.248289345063538697e-02,4.985337243401759266e-02,2.160312805474095821e-01
1.857282502443792782e-01,7.820136852394916904e-02,5.571847507331378208e-02,7.331378299120235031e-02
1.075268817204301161e-02,7.526881720430107781e-02,5.767350928641250957e-02,6.256109481915933523e-02
4.594330400782013768e-02,6.060606060606060774e-02,5.669599217986314582e-02,2.199413489736070371e-01
0.000000000000000000e+00,4.203323558162267576e-02,5.474095796676441833e-02,2.932551319648094013e-02
0.000000000000000000e+00,2.052785923753665601e-02,5.083088954056696335e-02,2.521994134897360684e-01
0.000000000000000000e+00,9.775171065493646130e-03,4.789833822091886517e-02,1.759530791788856477e-02
1.075268817204301092e-01,3.225806451612903136e-02,4.789833822091886517e-02,9.872922776148582158e-02
1.564027370478983381e-02,3.616813294232649328e-02,4.789833822091886517e-02,9.090909090909091161e-02
0.000000000000000000e+00,1.857282502443792851e-02,4.398826979472141019e-02,2.639296187683284542e-02
4.105571847507331201e-02,1.759530791788856477e-02,4.203323558162267576e-02,2.365591397849462485e-01
5.571847507331378208e-02,4.301075268817204644e-02,4.398826979472141019e-02,1.759530791788856477e-02
0.000000000000000000e+00,3.616813294232649328e-02,4.398826979472141019e-02,1.798631476050830957e-01
0.000000000000000000e+00,1.661779081133919755e-02,4.007820136852394827e-02,4.692082111436950143e-02
0.000000000000000000e+00,7.820136852394916904e-03,3.714565004887585703e-02,2.639296187683284542e-02
0.000000000000000000e+00,3.910068426197458452e-03,3.519061583577712954e-02,2.287390029325513108e-01
0.000000000000000000e+00,9.775171065493646130e-04,3.225806451612903136e-02,3.910068426197458452e-03
0.000000000000000000e+00,0.000000000000000000e+00,3.030303030303030387e-02,2.346041055718475210e-01
0.000000000000000000e+00,0.000000000000000000e+00,2.834799608993157291e-02,0.000000000000000000e+00
2.834799608993157291e-02,8.797653958944282385e-03,2.737047898338220916e-02,1.661779081133919755e-02
4.887585532746823065e-03,1.368523949169110458e-02,2.737047898338220916e-02,1.710654936461387943e-01
2.209188660801564008e-01,7.820136852394916904e-02,3.421309872922775885e-02,2.932551319648094013e-02
1.270772238514174084e-02,7.429130009775171406e-02,3.812316715542522078e-02,2.346041055718475210e-01
0.000000000000000000e+00,3.714565004887585703e-02,3.519061583577712954e-02,1.955034213098729226e-03
2.199413489736070371e-01,7.722385141739980530e-02,3.910068426197458452e-02,1.857282502443792782e-01
4.887585532746823065e-03,8.699902248289345663e-02,4.398826979472141019e-02,2.541544477028348167e-02
1.984359726295210069e-01,9.677419354838709409e-02,4.789833822091886517e-02,2.306940371456500383e-01
2.052785923753665601e-02,8.699902248289345663e-02,5.083088954056696335e-02,1.564027370478983381e-02
1.955034213098729226e-03,4.789833822091886517e-02,4.789833822091886517e-02,1.622678396871945206e-01
0.000000000000000000e+00,2.248289345063538697e-02,4.398826979472141019e-02,4.105571847507331201e-02
0.000000000000000000e+00,1.075268817204301161e-02,4.105571847507331201e-02,2.541544477028348167e-02
0.000000000000000000e+00,4.887585532746823065e-03,3.812316715542522078e-02,2.375366568914956122e-01
0.000000000000000000e+00,1.955034213098729226e-03,3.616813294232649328e-02,3.910068426197458452e-03
1.857282502443792851e-02,9.775171065493646130e-03,3.421309872922775885e-02,2.248289345063538558e-01
0.000000000000000000e+00,9.775171065493646130e-03,3.323558162267839511e-02,5.278592375366569084e-02
0.000000000000000000e+00,3.910068426197458452e-03,3.030303030303030387e-02,4.496578690127077393e-02
5.962854349951124400e-02,1.661779081133919755e-02,3.030303030303030387e-02,1.749755620723362770e-01
2.697947214076246158e-01,1.143695014662756554e-01,4.203323558162267576e-02,1.564027370478983381e-02
1.945259042033235519e-01,1.788856304985337320e-01,5.669599217986314582e-02,2.541544477028347959e-01
3.401759530791788610e-01,2.365591397849462485e-01,7.233626588465298657e-02,4.789833822091886517e-02
9.775171065493646130e-04,1.476050830889540644e-01,7.233626588465298657e-02,1.251221896383186705e-01
4.398826979472141019e-02,8.406647116324535152e-02,6.842619745845551771e-02,7.233626588465298657e-02
0.000000000000000000e+00,4.692082111436950143e-02,6.451612903225806273e-02,4.105571847507331201e-02
5.865102639296187678e-03,2.639296187683284542e-02,6.060606060606060774e-02,2.482893450635386134e-01
2.326490713587487658e-01,8.797653958944282038e-02,6.549364613880742647e-02,2.248289345063538697e-02
9.775171065493646130e-04,7.233626588465298657e-02,6.647116324535679022e-02,2.179863147605083096e-01
8.895405669599218412e-02,5.767350928641250957e-02,6.451612903225806273e-02,8.211143695014662403e-02
0.000000000000000000e+00,4.789833822091886517e-02,6.256109481915933523e-02,5.376344086021505458e-02
2.541544477028347959e-01,1.104594330400782004e-01,6.940371456500488145e-02,2.209188660801564008e-01
3.724340175953079202e-01,2.326490713587487658e-01,8.895405669599218412e-02,4.985337243401759266e-02
1.173020527859237605e-01,2.121212121212121271e-01,9.677419354838709409e-02,2.776148582600195258e-01
5.865102639296187678e-03,1.221896383186705792e-01,9.286412512218963911e-02,4.203323558162267576e-02
0.000000000000000000e+00,6.158357771260997149e-02,8.602150537634409289e-02,1.173020527859237605e-01
0.000000000000000000e+00,3.030303030303030387e-02,8.015640273704789653e-02,2.111436950146627634e-01
1.915933528836754607e-01,6.549364613880742647e-02,8.015640273704789653e-02,4.594330400782013768e-02
3.010752688172043112e-01,1.739980449657869133e-01,9.481915933528836660e-02,2.668621700879765246e-01
